{"train": [{"input": [[0, 0, 0, 0, 0, 0, 2, 2, 2, 2, 2, 2, 2, 2, 2], [0, 0, 0, 0, 0, 0, 2, 0, 0, 0, 0, 0, 0, 0, 2], [0, 0, 0, 0, 0, 0, 2, 0, 0, 0, 0, 0, 0, 0, 2], [0, 0, 0, 0, 0, 0, 2, 0, 0, 0, 0, 0, 0, 0, 2], [0, 0, 0, 0, 0, 0, 2, 0, 0, 0, 2, 0, 0, 0, 2], [0, 0, 0, 0, 0, 0, 2, 0, 0, 0, 0, 0, 0, 0, 2], [0, 0, 0, 0, 0, 0, 2, 0, 0, 0, 0, 0, 0, 0, 2], [0, 0, 0, 0, 0, 0, 2, 0, 0, 0, 0, 0, 0, 0, 2], [0, 0, 0, 0, 0, 0, 2, 2, 2, 2, 2, 2, 2, 2, 2], [0, 0, 0, 0, 0, 0, 0, 0, 0, 0, 0, 0, 0, 0, 0], [0, 2, 2, 2, 2, 2, 0, 0, 0, 0, 0, 0, 0, 0, 0], [0, 2, 0, 0, 0, 2, 0, 0, 0, 0, 0, 0, 0, 0, 0], [0, 2, 0, 2, 0, 2, 0, 0, 0, 0, 0, 0, 0, 0, 0], [0, 2, 0, 0, 0, 2, 0, 0, 0, 0, 0, 0, 0, 0, 0], [0, 2, 2, 2, 2, 2, 0, 0, 0, 0, 0, 0, 0, 0, 0]], "output": [[0, 0, 0, 0, 0, 0, 2, 2, 2, 2, 2, 2, 2, 2, 2], [0, 0, 0, 0, 0, 0, 2, 3, 3, 3, 3, 3, 3, 3, 2], [0, 0, 0, 0, 0, 0, 2, 3, 3, 3, 3, 3, 3, 3, 2], [0, 0, 0, 0, 0, 0, 2, 3, 3, 3, 3, 3, 3, 3, 2], [0, 0, 0, 0, 0, 0, 2, 3, 3, 3, 2, 3, 3, 3, 2], [0, 0, 0, 0, 0, 0, 2, 3, 3, 3, 3, 3, 3, 3, 2], [0, 0, 0, 0, 0, 0, 2, 3, 3, 3, 3, 3, 3, 3, 2], [0, 0, 0, 0, 0, 0, 2, 3, 3, 3, 3, 3, 3, 3, 2], [0, 0, 0, 0, 0, 0, 2, 2, 2, 2, 2, 2, 2, 2, 2], [0, 0, 0, 0, 0, 0, 0, 0, 0, 0, 0, 0, 0, 0, 0], [0, 2, 2, 2, 2, 2, 0, 0, 0, 0, 0, 0, 0, 0, 0], [0, 2, 8, 8, 8, 2, 0, 0, 0, 0, 0, 0, 0, 0, 0], [0, 2, 8, 2, 8, 2, 0, 0, 0, 0, 0, 0, 0, 0, 0], [0, 2, 8, 8, 8, 2, 0, 0, 0, 0, 0, 0, 0, 0, 0], [0, 2, 2, 2, 2, 2, 0, 0, 0, 0, 0, 0, 0, 0, 0]]}, {"input": [[2, 2, 2, 2, 2, 2, 2, 0, 0], [2, 0, 0, 0, 0, 0, 2, 0, 0], [2, 0, 0, 0, 0, 0, 2, 0, 0], [2, 0, 0, 2, 0, 0, 2, 0, 0], [2, 0, 0, 0, 0, 0, 2, 0, 0], [2, 0, 0, 0, 0, 0, 2, 0, 0], [2, 2, 2, 2, 2, 2, 2, 0, 0], [0, 0, 0, 0, 0, 0, 0, 0, 0], [0, 0, 0, 0, 0, 0, 0, 0, 0]], "output": [[2, 2, 2, 2, 2, 2, 2, 0, 0], [2, 4, 4, 4, 4, 4, 2, 0, 0], [2, 4, 4, 4, 4, 4, 2, 0, 0], [2, 4, 4, 2, 4, 4, 2, 0, 0], [2, 4, 4, 4, 4, 4, 2, 0, 0], [2, 4, 4, 4, 4, 4, 2, 0, 0], [2, 2, 2, 2, 2, 2, 2, 0, 0], [0, 0, 0, 0, 0, 0, 0, 0, 0], [0, 0, 0, 0, 0, 0, 0, 0, 0]]}, {"input": [[0, 2, 2, 2, 2, 2, 0, 0, 0, 0, 0, 0, 0], [0, 2, 0, 0, 0, 2, 0, 0, 0, 0, 0, 0, 0], [0, 2, 0, 2, 0, 2, 0, 0, 0, 0, 0, 0, 0], [0, 2, 0, 0, 0, 2, 0, 0, 0, 0, 0, 0, 0], [0, 2, 2, 2, 2, 2, 0, 0, 0, 0, 0, 0, 0], [0, 0, 0, 0, 0, 0, 0, 0, 0, 0, 0, 0, 0], [0, 0, 0, 0, 0, 2, 2, 2, 2, 2, 2, 2, 0], [0, 0, 0, 0, 0, 2, 0, 0, 0, 0, 0, 2, 0], [0, 0, 0, 0, 0, 2, 0, 0, 0, 0, 0, 2, 0], [0, 0, 0, 0, 0, 2, 0, 0, 2, 0, 0, 2, 0], [0, 0, 0, 0, 0, 2, 0, 0, 0, 0, 0, 2, 0], [0, 0, 0, 0, 0, 2, 0, 0, 0, 0, 0, 2, 0], [0, 0, 0, 0, 0, 2, 2, 2, 2, 2, 2, 2, 0]], "output": [[0, 2, 2, 2, 2, 2, 0, 0, 0, 0, 0, 0, 0], [0, 2, 8, 8, 8, 2, 0, 0, 0, 0, 0, 0, 0], [0, 2, 8, 2, 8, 2, 0, 0, 0, 0, 0, 0, 0], [0, 2, 8, 8, 8, 2, 0, 0, 0, 0, 0, 0, 0], [0, 2, 2, 2, 2, 2, 0, 0, 0, 0, 0, 0, 0], [0, 0, 0, 0, 0, 0, 0, 0, 0, 0, 0, 0, 0], [0, 0, 0, 0, 0, 2, 2, 2, 2, 2, 2, 2, 0], [0, 0, 0, 0, 0, 2, 4, 4, 4, 4, 4, 2, 0], [0, 0, 0, 0, 0, 2, 4, 4, 4, 4, 4, 2, 0], [0, 0, 0, 0, 0, 2, 4, 4, 2, 4, 4, 2, 0], [0, 0, 0, 0, 0, 2, 4, 4, 4, 4, 4, 2, 0], [0, 0, 0, 0, 0, 2, 4, 4, 4, 4, 4, 2, 0], [0, 0, 0, 0, 0, 2, 2, 2, 2, 2, 2, 2, 0]]}, {"input": [[2, 2, 2, 2, 2, 0, 0], [2, 0, 0, 0, 2, 0, 0], [2, 0, 2, 0, 2, 0, 0], [2, 0, 0, 0, 2, 0, 0], [2, 2, 2, 2, 2, 0, 0], [0, 0, 0, 0, 0, 0, 0], [0, 0, 0, 0, 0, 0, 0]], "output": [[2, 2, 2, 2, 2, 0, 0], [2, 8, 8, 8, 2, 0, 0], [2, 8, 2, 8, 2, 0, 0], [2, 8, 8, 8, 2, 0, 0], [2, 2, 2, 2, 2, 0, 0], [0, 0, 0, 0, 0, 0, 0], [0, 0, 0, 0, 0, 0, 0]]}], "test": [{"input": [[0, 0, 0, 0, 0, 0, 0, 0, 0, 0, 0, 2, 2, 2, 2, 2, 0, 0, 0, 0], [0, 2, 2, 2, 2, 2, 2, 2, 2, 2, 0, 2, 0, 0, 0, 2, 0, 0, 0, 0], [0, 2, 0, 0, 0, 0, 0, 0, 0, 2, 0, 2, 0, 2, 0, 2, 0, 0, 0, 0], [0, 2, 0, 0, 0, 0, 0, 0, 0, 2, 0, 2, 0, 0, 0, 2, 0, 0, 0, 0], [0, 2, 0, 0, 0, 0, 0, 0, 0, 2, 0, 2, 2, 2, 2, 2, 0, 0, 0, 0], [0, 2, 0, 0, 0, 2, 0, 0, 0, 2, 0, 0, 0, 0, 0, 0, 0, 0, 0, 0], [0, 2, 0, 0, 0, 0, 0, 0, 0, 2, 0, 0, 0, 0, 0, 0, 0, 0, 0, 0], [0, 2, 0, 0, 0, 0, 0, 0, 0, 2, 0, 0, 0, 2, 2, 2, 2, 2, 0, 0], [0, 2, 0, 0, 0, 0, 0, 0, 0, 2, 0, 0, 0, 2, 0, 0, 0, 2, 0, 0], [0, 2, 2, 2, 2, 2, 2, 2, 2, 2, 0, 0, 0, 2, 0, 2, 0, 2, 0, 0], [0, 0, 0, 0, 0, 0, 0, 0, 0, 0, 0, 0, 0, 2, 0, 0, 0, 2, 0, 0], [0, 0, 0, 0, 0, 0, 0, 0, 0, 0, 0, 0, 0, 2, 2, 2, 2, 2, 0, 0], [0, 0, 0, 0, 0, 2, 2, 2, 2, 2, 2, 2, 0, 0, 0, 0, 0, 0, 0, 0], [0, 0, 0, 0, 0, 2, 0, 0, 0, 0, 0, 2, 0, 0, 0, 0, 0, 0, 0, 0], [0, 0, 0, 0, 0, 2, 0, 0, 0, 0, 0, 2, 0, 0, 0, 0, 0, 0, 0, 0], [0, 0, 0, 0, 0, 2, 0, 0, 2, 0, 0, 2, 0, 0, 0, 0, 0, 0, 0, 0], [0, 0, 0, 0, 0, 2, 0, 0, 0, 0, 0, 2, 0, 0, 0, 0, 0, 0, 0, 0], [0, 0, 0, 0, 0, 2, 0, 0, 0, 0, 0, 2, 0, 0, 0, 0, 0, 0, 0, 0], [0, 0, 0, 0, 0, 2, 2, 2, 2, 2, 2, 2, 0, 0, 0, 0, 0, 0, 0, 0], [0, 0, 0, 0, 0, 0, 0, 0, 0, 0, 0, 0, 0, 0, 0, 0, 0, 0, 0, 0]], "output": [[0, 0, 0, 0, 0, 0, 0, 0, 0, 0, 0, 2, 2, 2, 2, 2, 0, 0, 0, 0], [0, 2, 2, 2, 2, 2, 2, 2, 2, 2, 0, 2, 8, 8, 8, 2, 0, 0, 0, 0], [0, 2, 3, 3, 3, 3, 3, 3, 3, 2, 0, 2, 8, 2, 8, 2, 0, 0, 0, 0], [0, 2, 3, 3, 3, 3, 3, 3, 3, 2, 0, 2, 8, 8, 8, 2, 0, 0, 0, 0], [0, 2, 3, 3, 3, 3, 3, 3, 3, 2, 0, 2, 2, 2, 2, 2, 0, 0, 0, 0], [0, 2, 3, 3, 3, 2, 3, 3, 3, 2, 0, 0, 0, 0, 0, 0, 0, 0, 0, 0], [0, 2, 3, 3, 3, 3, 3, 3, 3, 2, 0, 0, 0, 0, 0, 0, 0, 0, 0, 0], [0, 2, 3, 3, 3, 3, 3, 3, 3, 2, 0, 0, 0, 2, 2, 2, 2, 2, 0, 0], [0, 2, 3, 3, 3, 3, 3, 3, 3, 2, 0, 0, 0, 2, 8, 8, 8, 2, 0, 0], [0, 2, 2, 2, 2, 2, 2, 2, 2, 2, 0, 0, 0, 2, 8, 2, 8, 2, 0, 0], [0, 0, 0, 0, 0, 0, 0, 0, 0, 0, 0, 0, 0, 2, 8, 8, 8, 2, 0, 0], [0, 0, 0, 0, 0, 0, 0, 0, 0, 0, 0, 0, 0, 2, 2, 2, 2, 2, 0, 0], [0, 0, 0, 0, 0, 2, 2, 2, 2, 2, 2, 2, 0, 0, 0, 0, 0, 0, 0, 0], [0, 0, 0, 0, 0, 2, 4, 4, 4, 4, 4, 2, 0, 0, 0, 0, 0, 0, 0, 0], [0, 0, 0, 0, 0, 2, 4, 4, 4, 4, 4, 2, 0, 0, 0, 0, 0, 0, 0, 0], [0, 0, 0, 0, 0, 2, 4, 4, 2, 4, 4, 2, 0, 0, 0, 0, 0, 0, 0, 0], [0, 0, 0, 0, 0, 2, 4, 4, 4, 4, 4, 2, 0, 0, 0, 0, 0, 0, 0, 0], [0, 0, 0, 0, 0, 2, 4, 4, 4, 4, 4, 2, 0, 0, 0, 0, 0, 0, 0, 0], [0, 0, 0, 0, 0, 2, 2, 2, 2, 2, 2, 2, 0, 0, 0, 0, 0, 0, 0, 0], [0, 0, 0, 0, 0, 0, 0, 0, 0, 0, 0, 0, 0, 0, 0, 0, 0, 0, 0, 0]]}]}