{"train": [{"input": [[0, 0, 0, 0, 0, 0, 0, 0, 0], [0, 0, 0, 0, 0, 0, 0, 5, 0], [0, 0, 0, 0, 0, 0, 0, 5, 0], [0, 0, 0, 0, 0, 0, 0, 5, 0], [0, 0, 0, 5, 0, 0, 0, 5, 0], [0, 0, 0, 5, 0, 5, 0, 5, 0], [0, 0, 0, 5, 0, 5, 0, 5, 0], [0, 5, 0, 5, 0, 5, 0, 5, 0], [0, 5, 0, 5, 0, 5, 0, 5, 0]], "output": [[0, 0, 0, 0, 0, 0, 0, 0, 0], [0, 0, 0, 0, 0, 0, 0, 1, 0], [0, 0, 0, 0, 0, 0, 0, 1, 0], [0, 0, 0, 0, 0, 0, 0, 1, 0], [0, 0, 0, 2, 0, 0, 0, 1, 0], [0, 0, 0, 2, 0, 3, 0, 1, 0], [0, 0, 0, 2, 0, 3, 0, 1, 0], [0, 4, 0, 2, 0, 3, 0, 1, 0], [0, 4, 0, 2, 0, 3, 0, 1, 0]]}, {"input": [[0, 0, 0, 0, 0, 5, 0, 0, 0], [0, 5, 0, 0, 0, 5, 0, 0, 0], [0, 5, 0, 0, 0, 5, 0, 0, 0], [0, 5, 0, 5, 0, 5, 0, 0, 0], [0, 5, 0, 5, 0, 5, 0, 0, 0], [0, 5, 0, 5, 0, 5, 0, 0, 0], [0, 5, 0, 5, 0, 5, 0, 5, 0], [0, 5, 0, 5, 0, 5, 0, 5, 0], [0, 5, 0, 5, 0, 5, 0, 5, 0]], "output": [[0, 0, 0, 0, 0, 1, 0, 0, 0], [0, 2, 0, 0, 0, 1, 0, 0, 0], [0, 2, 0, 0, 0, 1, 0, 0, 0], [0, 2, 0, 3, 0, 1, 0, 0, 0], [0, 2, 0, 3, 0, 1, 0, 0, 0], [0, 2, 0, 3, 0, 1, 0, 0, 0], [0, 2, 0, 3, 0, 1, 0, 4, 0], [0, 2, 0, 3, 0, 1, 0, 4, 0], [0, 2, 0, 3, 0, 1, 0, 4, 0]]}], "test": [{"input": [[0, 0, 0, 0, 0, 0, 0, 0, 0], [0, 5, 0, 0, 0, 0, 0, 0, 0], [0, 5, 0, 0, 0, 5, 0, 0, 0], [0, 5, 0, 0, 0, 5, 0, 0, 0], [0, 5, 0, 0, 0, 5, 0, 5, 0], [0, 5, 0, 0, 0, 5, 0, 5, 0], [0, 5, 0, 5, 0, 5, 0, 5, 0], [0, 5, 0, 5, 0, 5, 0, 5, 0], [0, 5, 0, 5, 0, 5, 0, 5, 0]], "output": [[0, 0, 0, 0, 0, 0, 0, 0, 0], [0, 1, 0, 0, 0, 0, 0, 0, 0], [0, 1, 0, 0, 0, 2, 0, 0, 0], [0, 1, 0, 0, 0, 2, 0, 0, 0], [0, 1, 0, 0, 0, 2, 0, 3, 0], [0, 1, 0, 0, 0, 2, 0, 3, 0], [0, 1, 0, 4, 0, 2, 0, 3, 0], [0, 1, 0, 4, 0, 2, 0, 3, 0], [0, 1, 0, 4, 0, 2, 0, 3, 0]]}]}