{"train": [{"input": [[5, 0, 0, 3, 3, 0], [5, 0, 0, 3, 2, 0], [5, 0, 0, 2, 3, 0], [5, 0, 0, 8, 8, 0], [0, 0, 0, 8, 8, 0], [0, 0, 0, 0, 0, 0], [0, 0, 0, 0, 0, 0], [0, 0, 0, 0, 0, 0], [0, 0, 0, 0, 0, 0], [0, 0, 0, 0, 0, 0], [0, 0, 0, 0, 0, 0], [0, 0, 0, 0, 0, 0], [0, 0, 0, 0, 0, 0]], "output": [[5, 0, 0, 3, 3, 0], [5, 0, 0, 3, 2, 0], [5, 0, 0, 2, 3, 0], [5, 0, 0, 8, 8, 0], [0, 0, 0, 8, 8, 0], [0, 0, 0, 3, 3, 0], [0, 0, 0, 3, 2, 0], [0, 0, 0, 2, 3, 0], [0, 0, 0, 8, 8, 0], [0, 0, 0, 3, 3, 0], [0, 0, 0, 3, 2, 0], [0, 0, 0, 2, 3, 0], [0, 0, 0, 8, 8, 0]]}, {"input": [[5, 0, 8, 8, 0, 0, 0], [5, 0, 0, 7, 0, 0, 0], [5, 0, 0, 4, 4, 0, 0], [0, 0, 3, 3, 0, 0, 0], [0, 0, 1, 1, 0, 0, 0], [0, 0, 0, 0, 0, 0, 0], [0, 0, 0, 0, 0, 0, 0], [0, 0, 0, 0, 0, 0, 0]], "output": [[5, 0, 8, 8, 0, 0, 0], [5, 0, 0, 7, 0, 0, 0], [5, 0, 0, 4, 4, 0, 0], [0, 0, 3, 3, 0, 0, 0], [0, 0, 1, 1, 0, 0, 0], [0, 0, 8, 8, 0, 0, 0], [0, 0, 0, 7, 0, 0, 0], [0, 0, 0, 4, 4, 0, 0]]}, {"input": [[5, 0, 0, 4, 4, 0, 0], [5, 0, 8, 8, 8, 0, 0], [0, 0, 0, 2, 0, 0, 0], [0, 0, 0, 3, 3, 0, 0], [0, 0, 4, 4, 0, 0, 0], [0, 0, 0, 0, 0, 0, 0], [0, 0, 0, 0, 0, 0, 0], [0, 0, 0, 0, 0, 0, 0], [0, 0, 0, 0, 0, 0, 0]], "output": [[5, 0, 0, 4, 4, 0, 0], [5, 0, 8, 8, 8, 0, 0], [0, 0, 0, 2, 0, 0, 0], [0, 0, 0, 3, 3, 0, 0], [0, 0, 4, 4, 0, 0, 0], [0, 0, 0, 4, 4, 0, 0], [0, 0, 8, 8, 8, 0, 0], [0, 0, 0, 4, 4, 0, 0], [0, 0, 8, 8, 8, 0, 0]]}, {"input": [[5, 0, 6, 8, 0, 0], [0, 0, 8, 3, 0, 0], [0, 0, 0, 0, 0, 0], [0, 0, 0, 0, 0, 0], [0, 0, 0, 0, 0, 0], [0, 0, 0, 0, 0, 0], [0, 0, 0, 0, 0, 0]], "output": [[5, 0, 6, 8, 0, 0], [0, 0, 8, 3, 0, 0], [0, 0, 6, 8, 0, 0], [0, 0, 6, 8, 0, 0], [0, 0, 6, 8, 0, 0], [0, 0, 6, 8, 0, 0], [0, 0, 6, 8, 0, 0]]}, {"input": [[5, 0, 6, 0, 0], [5, 4, 4, 4, 0], [0, 0, 6, 0, 0], [0, 0, 0, 0, 0], [0, 0, 0, 0, 0]], "output": [[5, 0, 6, 0, 0], [5, 4, 4, 4, 0], [0, 0, 6, 0, 0], [0, 0, 6, 0, 0], [0, 4, 4, 4, 0]]}], "test": [{"input": [[5, 0, 4, 4, 4, 0, 0], [5, 0, 0, 8, 0, 0, 0], [5, 0, 0, 6, 0, 0, 0], [0, 0, 2, 2, 0, 0, 0], [0, 0, 0, 0, 0, 0, 0], [0, 0, 0, 0, 0, 0, 0], [0, 0, 0, 0, 0, 0, 0], [0, 0, 0, 0, 0, 0, 0], [0, 0, 0, 0, 0, 0, 0], [0, 0, 0, 0, 0, 0, 0]], "output": [[5, 0, 4, 4, 4, 0, 0], [5, 0, 0, 8, 0, 0, 0], [5, 0, 0, 6, 0, 0, 0], [0, 0, 2, 2, 0, 0, 0], [0, 0, 4, 4, 4, 0, 0], [0, 0, 0, 8, 0, 0, 0], [0, 0, 0, 6, 0, 0, 0], [0, 0, 4, 4, 4, 0, 0], [0, 0, 0, 8, 0, 0, 0], [0, 0, 0, 6, 0, 0, 0]]}]}