{"train": [{"input": [[9, 9, 9, 9, 9, 9, 9, 9, 9], [9, 9, 9, 9, 9, 9, 9, 9, 9], [9, 9, 9, 9, 9, 9, 9, 9, 9], [9, 9, 9, 1, 9, 9, 9, 9, 9], [9, 9, 9, 9, 9, 9, 9, 9, 9], [9, 9, 9, 9, 9, 9, 9, 9, 9], [9, 9, 9, 9, 9, 9, 1, 9, 9], [9, 9, 9, 9, 9, 9, 9, 9, 9], [9, 9, 9, 9, 9, 9, 9, 9, 9]], "output": [[9, 9, 9, 1, 9, 9, 1, 9, 9], [9, 9, 9, 1, 9, 9, 1, 9, 9], [9, 9, 3, 1, 3, 9, 1, 9, 9], [1, 1, 1, 2, 1, 1, 1, 1, 1], [9, 9, 3, 1, 3, 9, 1, 9, 9], [9, 9, 9, 1, 9, 3, 1, 3, 9], [1, 1, 1, 1, 1, 1, 2, 1, 1], [9, 9, 9, 1, 9, 3, 1, 3, 9], [9, 9, 9, 1, 9, 9, 1, 9, 9]]}, {"input": [[8, 8, 8, 8, 8, 8, 8, 8, 8, 8, 8, 8, 8], [8, 8, 8, 8, 8, 8, 8, 8, 8, 8, 8, 1, 8], [8, 8, 8, 8, 8, 8, 8, 8, 8, 8, 8, 8, 8], [8, 8, 1, 8, 8, 8, 8, 8, 8, 8, 8, 8, 8], [8, 8, 8, 8, 8, 8, 8, 8, 8, 8, 8, 8, 8], [8, 8, 8, 8, 8, 8, 8, 8, 8, 8, 8, 8, 8], [8, 8, 8, 8, 8, 8, 8, 8, 8, 1, 8, 8, 8], [8, 8, 8, 8, 8, 8, 8, 8, 8, 8, 8, 8, 8], [8, 8, 8, 8, 8, 8, 8, 8, 8, 8, 8, 8, 8], [8, 8, 8, 8, 8, 1, 8, 8, 8, 8, 8, 8, 8], [8, 8, 8, 8, 8, 8, 8, 8, 8, 8, 8, 8, 8], [8, 8, 8, 8, 8, 8, 8, 8, 8, 8, 8, 8, 8], [8, 8, 8, 8, 8, 8, 8, 8, 8, 8, 8, 8, 8]], "output": [[8, 8, 1, 8, 8, 1, 8, 8, 8, 1, 3, 1, 3], [1, 1, 1, 1, 1, 1, 1, 1, 1, 1, 1, 2, 1], [8, 3, 1, 3, 8, 1, 8, 8, 8, 1, 3, 1, 3], [1, 1, 2, 1, 1, 1, 1, 1, 1, 1, 1, 1, 1], [8, 3, 1, 3, 8, 1, 8, 8, 8, 1, 8, 1, 8], [8, 8, 1, 8, 8, 1, 8, 8, 3, 1, 3, 1, 8], [1, 1, 1, 1, 1, 1, 1, 1, 1, 2, 1, 1, 1], [8, 8, 1, 8, 8, 1, 8, 8, 3, 1, 3, 1, 8], [8, 8, 1, 8, 3, 1, 3, 8, 8, 1, 8, 1, 8], [1, 1, 1, 1, 1, 2, 1, 1, 1, 1, 1, 1, 1], [8, 8, 1, 8, 3, 1, 3, 8, 8, 1, 8, 1, 8], [8, 8, 1, 8, 8, 1, 8, 8, 8, 1, 8, 1, 8], [8, 8, 1, 8, 8, 1, 8, 8, 8, 1, 8, 1, 8]]}, {"input": [[7, 7, 7, 7, 7, 7, 7, 7, 7, 7, 7], [7, 7, 7, 7, 7, 7, 7, 7, 1, 7, 7], [7, 7, 7, 7, 7, 7, 7, 7, 7, 7, 7], [7, 7, 7, 7, 7, 7, 7, 7, 7, 7, 7], [7, 7, 1, 7, 7, 7, 7, 7, 7, 7, 7], [7, 7, 7, 7, 7, 7, 7, 7, 7, 7, 7], [7, 7, 7, 7, 7, 7, 7, 7, 7, 7, 7], [7, 7, 7, 7, 7, 7, 7, 7, 7, 7, 7], [7, 7, 7, 7, 7, 7, 7, 7, 7, 7, 7], [7, 7, 7, 7, 7, 7, 1, 7, 7, 7, 7], [7, 7, 7, 7, 7, 7, 7, 7, 7, 7, 7]], "output": [[7, 7, 1, 7, 7, 7, 1, 3, 1, 3, 7], [1, 1, 1, 1, 1, 1, 1, 1, 2, 1, 1], [7, 7, 1, 7, 7, 7, 1, 3, 1, 3, 7], [7, 3, 1, 3, 7, 7, 1, 7, 1, 7, 7], [1, 1, 2, 1, 1, 1, 1, 1, 1, 1, 1], [7, 3, 1, 3, 7, 7, 1, 7, 1, 7, 7], [7, 7, 1, 7, 7, 7, 1, 7, 1, 7, 7], [7, 7, 1, 7, 7, 7, 1, 7, 1, 7, 7], [7, 7, 1, 7, 7, 3, 1, 3, 1, 7, 7], [1, 1, 1, 1, 1, 1, 2, 1, 1, 1, 1], [7, 7, 1, 7, 7, 3, 1, 3, 1, 7, 7]]}], "test": [{"input": [[8, 8, 8, 8, 8, 8, 8, 8, 8, 8, 8, 8, 8, 8], [8, 8, 8, 8, 8, 8, 8, 8, 8, 8, 8, 8, 8, 8], [8, 8, 8, 8, 8, 8, 8, 1, 8, 8, 8, 8, 8, 8], [8, 8, 8, 8, 8, 8, 8, 8, 8, 8, 8, 8, 8, 8], [8, 8, 8, 8, 8, 8, 8, 8, 8, 8, 8, 8, 8, 8], [8, 8, 1, 8, 8, 8, 8, 8, 8, 8, 8, 8, 8, 8], [8, 8, 8, 8, 8, 8, 8, 8, 8, 8, 8, 8, 8, 8], [8, 8, 8, 8, 8, 8, 8, 8, 8, 8, 8, 8, 8, 8], [8, 8, 8, 8, 8, 8, 8, 8, 8, 8, 8, 8, 8, 8], [8, 8, 8, 8, 8, 8, 8, 8, 8, 8, 8, 8, 8, 8], [8, 8, 8, 8, 8, 8, 8, 8, 8, 8, 8, 8, 8, 8], [8, 8, 8, 8, 1, 8, 8, 8, 8, 8, 8, 8, 8, 8], [8, 8, 8, 8, 8, 8, 8, 8, 8, 8, 8, 8, 8, 8], [8, 8, 8, 8, 8, 8, 8, 8, 8, 8, 8, 8, 8, 1]], "output": [[8, 8, 1, 8, 1, 8, 8, 1, 8, 8, 8, 8, 8, 1], [8, 8, 1, 8, 1, 8, 3, 1, 3, 8, 8, 8, 8, 1], [1, 1, 1, 1, 1, 1, 1, 2, 1, 1, 1, 1, 1, 1], [8, 8, 1, 8, 1, 8, 3, 1, 3, 8, 8, 8, 8, 1], [8, 3, 1, 3, 1, 8, 8, 1, 8, 8, 8, 8, 8, 1], [1, 1, 2, 1, 1, 1, 1, 1, 1, 1, 1, 1, 1, 1], [8, 3, 1, 3, 1, 8, 8, 1, 8, 8, 8, 8, 8, 1], [8, 8, 1, 8, 1, 8, 8, 1, 8, 8, 8, 8, 8, 1], [8, 8, 1, 8, 1, 8, 8, 1, 8, 8, 8, 8, 8, 1], [8, 8, 1, 8, 1, 8, 8, 1, 8, 8, 8, 8, 8, 1], [8, 8, 1, 3, 1, 3, 8, 1, 8, 8, 8, 8, 8, 1], [1, 1, 1, 1, 2, 1, 1, 1, 1, 1, 1, 1, 1, 1], [8, 8, 1, 3, 1, 3, 8, 1, 8, 8, 8, 8, 3, 1], [1, 1, 1, 1, 1, 1, 1, 1, 1, 1, 1, 1, 1, 2]]}]}