{"train": [{"input": [[0, 5, 5, 4, 0, 0, 0, 0, 0, 0, 0, 5, 5, 5, 5], [0, 0, 4, 0, 0, 5, 5, 4, 5, 0, 0, 5, 0, 5, 5], [5, 0, 5, 0, 0, 0, 4, 4, 5, 0, 5, 5, 5, 0, 5], [5, 0, 0, 5, 0, 5, 5, 4, 0, 0, 0, 5, 5, 0, 5], [5, 5, 0, 5, 0, 5, 0, 0, 0, 5, 5, 0, 0, 5, 0], [0, 5, 0, 0, 5, 0, 5, 5, 0, 0, 5, 5, 5, 0, 0], [5, 5, 0, 5, 5, 0, 0, 5, 0, 0, 0, 0, 0, 0, 0], [5, 5, 4, 0, 5, 0, 5, 0, 0, 5, 0, 5, 0, 5, 5], [5, 4, 5, 4, 0, 5, 5, 0, 4, 5, 4, 5, 0, 5, 0], [5, 5, 5, 0, 0, 5, 5, 0, 0, 4, 0, 5, 0, 5, 5], [0, 0, 0, 5, 0, 0, 0, 0, 0, 0, 0, 0, 5, 0, 5], [0, 5, 0, 0, 5, 0, 5, 0, 0, 5, 5, 0, 5, 0, 0], [0, 0, 0, 0, 0, 5, 0, 5, 5, 0, 0, 0, 0, 0, 5], [0, 5, 0, 0, 5, 5, 5, 5, 0, 5, 0, 5, 0, 0, 0]], "output": [[0, 2, 2, 4, 0, 0, 0, 0, 0, 0, 0, 5, 5, 5, 5], [0, 0, 4, 0, 0, 5, 5, 4, 5, 0, 0, 5, 0, 5, 5], [5, 0, 5, 0, 0, 0, 4, 4, 2, 0, 5, 5, 5, 0, 5], [5, 0, 0, 5, 0, 5, 5, 4, 0, 0, 0, 5, 5, 0, 5], [5, 5, 0, 5, 0, 5, 0, 0, 0, 5, 5, 0, 0, 5, 0], [0, 5, 0, 0, 5, 0, 5, 5, 0, 0, 5, 5, 5, 0, 0], [5, 5, 0, 5, 5, 0, 0, 5, 0, 0, 0, 0, 0, 0, 0], [5, 5, 4, 0, 5, 0, 5, 0, 0, 2, 0, 5, 0, 5, 5], [5, 4, 2, 4, 0, 5, 5, 0, 4, 2, 4, 5, 0, 5, 0], [5, 5, 2, 0, 0, 5, 5, 0, 0, 4, 0, 5, 0, 5, 5], [0, 0, 0, 5, 0, 0, 0, 0, 0, 0, 0, 0, 5, 0, 5], [0, 5, 0, 0, 5, 0, 5, 0, 0, 5, 5, 0, 5, 0, 0], [0, 0, 0, 0, 0, 5, 0, 5, 5, 0, 0, 0, 0, 0, 5], [0, 5, 0, 0, 5, 5, 5, 5, 0, 5, 0, 5, 0, 0, 0]]}, {"input": [[0, 5, 0, 0, 5, 5, 0, 0, 0, 5, 5, 0, 5, 0, 0, 5], [5, 5, 0, 0, 0, 0, 5, 0, 5, 0, 0, 5, 5, 5, 0, 0], [0, 0, 4, 5, 0, 5, 0, 5, 5, 0, 0, 4, 5, 5, 5, 0], [0, 5, 5, 4, 0, 0, 5, 0, 0, 5, 0, 0, 4, 0, 0, 5], [0, 0, 4, 5, 0, 0, 5, 0, 5, 0, 0, 0, 0, 0, 5, 0], [0, 0, 0, 5, 0, 5, 5, 5, 5, 0, 5, 0, 5, 5, 0, 5], [5, 0, 5, 0, 0, 4, 5, 4, 5, 5, 5, 5, 0, 5, 0, 0], [0, 0, 0, 0, 5, 5, 4, 5, 5, 0, 0, 0, 0, 0, 0, 5], [0, 0, 5, 5, 0, 0, 5, 0, 5, 5, 0, 5, 5, 4, 5, 0], [0, 0, 5, 0, 0, 5, 0, 0, 0, 5, 5, 0, 5, 5, 4, 5], [5, 0, 0, 4, 0, 0, 0, 0, 5, 0, 0, 0, 0, 5, 5, 5], [5, 5, 4, 5, 4, 5, 0, 5, 5, 5, 0, 0, 0, 0, 5, 5], [5, 0, 0, 5, 5, 5, 0, 5, 4, 5, 4, 0, 5, 0, 0, 0], [5, 0, 0, 5, 5, 0, 0, 5, 0, 4, 0, 0, 0, 5, 5, 0], [5, 5, 5, 5, 5, 0, 0, 0, 5, 5, 5, 0, 5, 5, 0, 0], [5, 5, 5, 5, 0, 0, 0, 0, 5, 0, 5, 5, 5, 5, 0, 5], [5, 0, 5, 0, 0, 0, 0, 0, 5, 0, 5, 0, 5, 5, 0, 0], [5, 0, 0, 0, 0, 5, 0, 0, 5, 5, 5, 5, 0, 0, 0, 5]], "output": [[0, 5, 0, 0, 5, 5, 0, 0, 0, 5, 5, 0, 5, 0, 0, 5], [5, 5, 0, 0, 0, 0, 5, 0, 5, 0, 0, 5, 2, 5, 0, 0], [0, 0, 4, 5, 0, 5, 0, 5, 5, 0, 0, 4, 2, 2, 5, 0], [0, 2, 2, 4, 0, 0, 5, 0, 0, 5, 0, 0, 4, 0, 0, 5], [0, 0, 4, 5, 0, 0, 5, 0, 5, 0, 0, 0, 0, 0, 5, 0], [0, 0, 0, 5, 0, 5, 2, 5, 5, 0, 5, 0, 5, 5, 0, 5], [5, 0, 5, 0, 0, 4, 2, 4, 5, 5, 5, 5, 0, 5, 0, 0], [0, 0, 0, 0, 5, 5, 4, 5, 5, 0, 0, 0, 0, 0, 0, 5], [0, 0, 5, 5, 0, 0, 5, 0, 5, 5, 0, 5, 5, 4, 5, 0], [0, 0, 5, 0, 0, 5, 0, 0, 0, 5, 5, 0, 2, 2, 4, 5], [5, 0, 0, 4, 0, 0, 0, 0, 5, 0, 0, 0, 0, 2, 5, 5], [5, 5, 4, 2, 4, 5, 0, 5, 5, 2, 0, 0, 0, 0, 5, 5], [5, 0, 0, 2, 5, 5, 0, 5, 4, 2, 4, 0, 5, 0, 0, 0], [5, 0, 0, 5, 5, 0, 0, 5, 0, 4, 0, 0, 0, 5, 5, 0], [5, 5, 5, 5, 5, 0, 0, 0, 5, 5, 5, 0, 5, 5, 0, 0], [5, 5, 5, 5, 0, 0, 0, 0, 5, 0, 5, 5, 5, 5, 0, 5], [5, 0, 5, 0, 0, 0, 0, 0, 5, 0, 5, 0, 5, 5, 0, 0], [5, 0, 0, 0, 0, 5, 0, 0, 5, 5, 5, 5, 0, 0, 0, 5]]}, {"input": [[0, 0, 5, 0, 0, 0, 0, 0, 0, 5, 0, 0, 5, 0, 0], [0, 5, 0, 0, 0, 5, 5, 5, 0, 5, 5, 0, 5, 5, 5], [0, 0, 5, 0, 0, 0, 5, 5, 0, 5, 0, 0, 5, 5, 5], [5, 5, 5, 4, 5, 0, 0, 0, 4, 4, 5, 0, 5, 0, 5], [0, 5, 4, 5, 0, 0, 0, 0, 0, 5, 0, 5, 0, 0, 5], [5, 0, 5, 0, 5, 0, 0, 0, 0, 0, 0, 5, 5, 0, 5], [0, 0, 0, 5, 0, 5, 0, 0, 0, 0, 0, 0, 0, 5, 5], [5, 5, 0, 0, 5, 5, 0, 5, 0, 5, 5, 0, 0, 0, 0], [5, 0, 5, 0, 0, 5, 5, 5, 4, 5, 0, 0, 0, 5, 0], [0, 4, 5, 5, 0, 0, 5, 4, 5, 5, 5, 5, 0, 0, 0], [0, 5, 4, 5, 0, 5, 5, 5, 0, 0, 0, 0, 5, 0, 5], [0, 0, 5, 0, 0, 0, 5, 5, 0, 0, 5, 0, 5, 0, 0], [0, 0, 5, 0, 0, 0, 0, 0, 0, 0, 5, 0, 5, 5, 5], [0, 0, 0, 5, 5, 5, 0, 5, 0, 0, 5, 5, 0, 5, 0]], "output": [[0, 0, 5, 0, 0, 0, 0, 0, 0, 5, 0, 0, 5, 0, 0], [0, 5, 0, 0, 0, 5, 5, 5, 0, 5, 5, 0, 5, 5, 5], [0, 0, 2, 0, 0, 0, 5, 5, 0, 2, 0, 0, 5, 5, 5], [5, 2, 2, 4, 5, 0, 0, 0, 4, 4, 2, 0, 5, 0, 5], [0, 5, 4, 5, 0, 0, 0, 0, 0, 2, 0, 5, 0, 0, 5], [5, 0, 5, 0, 5, 0, 0, 0, 0, 0, 0, 5, 5, 0, 5], [0, 0, 0, 5, 0, 5, 0, 0, 0, 0, 0, 0, 0, 5, 5], [5, 5, 0, 0, 5, 5, 0, 2, 0, 5, 5, 0, 0, 0, 0], [5, 0, 2, 0, 0, 5, 2, 2, 4, 5, 0, 0, 0, 5, 0], [0, 4, 2, 2, 0, 0, 5, 4, 5, 5, 5, 5, 0, 0, 0], [0, 5, 4, 5, 0, 5, 5, 5, 0, 0, 0, 0, 5, 0, 5], [0, 0, 5, 0, 0, 0, 5, 5, 0, 0, 5, 0, 5, 0, 0], [0, 0, 5, 0, 0, 0, 0, 0, 0, 0, 5, 0, 5, 5, 5], [0, 0, 0, 5, 5, 5, 0, 5, 0, 0, 5, 5, 0, 5, 0]]}, {"input": [[0, 5, 0, 5, 5, 0, 5, 5, 5, 0, 0, 0, 5, 0, 0, 5, 0, 5, 0], [0, 0, 0, 5, 0, 0, 0, 5, 5, 5, 0, 0, 0, 0, 5, 5, 0, 0, 0], [0, 5, 5, 0, 0, 0, 5, 0, 5, 5, 0, 0, 0, 0, 5, 0, 0, 5, 0], [0, 0, 5, 5, 0, 5, 5, 0, 0, 5, 5, 0, 5, 0, 5, 0, 5, 0, 0], [0, 0, 5, 0, 0, 4, 0, 5, 0, 5, 0, 5, 0, 0, 0, 5, 5, 0, 5], [0, 0, 5, 0, 4, 5, 4, 5, 5, 0, 5, 0, 0, 0, 5, 4, 5, 5, 5], [5, 0, 0, 0, 0, 4, 0, 0, 5, 5, 0, 0, 0, 0, 5, 4, 4, 5, 0], [5, 0, 5, 5, 5, 5, 0, 5, 0, 0, 0, 5, 0, 5, 0, 4, 5, 0, 0], [5, 5, 0, 0, 5, 0, 5, 0, 5, 5, 0, 5, 5, 5, 5, 5, 0, 0, 0], [5, 5, 0, 0, 5, 5, 5, 0, 5, 0, 0, 5, 0, 0, 5, 0, 0, 0, 0], [0, 0, 5, 5, 0, 0, 0, 0, 5, 4, 5, 0, 5, 5, 0, 0, 0, 0, 0], [5, 5, 5, 4, 0, 5, 0, 5, 5, 4, 4, 5, 0, 0, 5, 5, 5, 5, 0], [0, 0, 4, 5, 0, 0, 5, 5, 0, 4, 5, 0, 5, 0, 0, 5, 5, 5, 5], [0, 0, 0, 0, 5, 0, 0, 5, 0, 0, 0, 0, 5, 0, 5, 0, 0, 5, 5], [5, 5, 0, 5, 0, 0, 0, 5, 5, 5, 5, 5, 0, 5, 0, 0, 0, 0, 0], [5, 5, 0, 0, 0, 5, 0, 0, 0, 0, 0, 0, 0, 5, 0, 5, 0, 0, 5], [5, 0, 5, 0, 5, 5, 0, 5, 5, 0, 0, 0, 0, 5, 5, 0, 0, 0, 0], [0, 5, 5, 0, 0, 0, 0, 0, 0, 5, 5, 5, 5, 5, 0, 0, 0, 0, 0]], "output": [[0, 5, 0, 5, 5, 0, 5, 5, 5, 0, 0, 0, 5, 0, 0, 5, 0, 5, 0], [0, 0, 0, 5, 0, 0, 0, 5, 5, 5, 0, 0, 0, 0, 5, 5, 0, 0, 0], [0, 5, 5, 0, 0, 0, 5, 0, 5, 5, 0, 0, 0, 0, 5, 0, 0, 5, 0], [0, 0, 5, 5, 0, 5, 5, 0, 0, 5, 5, 0, 5, 0, 5, 0, 5, 0, 0], [0, 0, 5, 0, 0, 4, 0, 5, 0, 5, 0, 5, 0, 0, 0, 5, 5, 0, 5], [0, 0, 5, 0, 4, 2, 4, 5, 5, 0, 5, 0, 0, 0, 5, 4, 5, 5, 5], [5, 0, 0, 0, 0, 4, 0, 0, 5, 5, 0, 0, 0, 0, 2, 4, 4, 5, 0], [5, 0, 5, 5, 5, 5, 0, 5, 0, 0, 0, 5, 0, 5, 0, 4, 5, 0, 0], [5, 5, 0, 0, 5, 0, 5, 0, 5, 5, 0, 5, 5, 5, 5, 5, 0, 0, 0], [5, 5, 0, 0, 5, 5, 5, 0, 5, 0, 0, 5, 0, 0, 5, 0, 0, 0, 0], [0, 0, 2, 5, 0, 0, 0, 0, 5, 4, 5, 0, 5, 5, 0, 0, 0, 0, 0], [5, 2, 2, 4, 0, 5, 0, 5, 2, 4, 4, 5, 0, 0, 5, 5, 5, 5, 0], [0, 0, 4, 5, 0, 0, 5, 5, 0, 4, 5, 0, 5, 0, 0, 5, 5, 5, 5], [0, 0, 0, 0, 5, 0, 0, 5, 0, 0, 0, 0, 5, 0, 5, 0, 0, 5, 5], [5, 5, 0, 5, 0, 0, 0, 5, 5, 5, 5, 5, 0, 5, 0, 0, 0, 0, 0], [5, 5, 0, 0, 0, 5, 0, 0, 0, 0, 0, 0, 0, 5, 0, 5, 0, 0, 5], [5, 0, 5, 0, 5, 5, 0, 5, 5, 0, 0, 0, 0, 5, 5, 0, 0, 0, 0], [0, 5, 5, 0, 0, 0, 0, 0, 0, 5, 5, 5, 5, 5, 0, 0, 0, 0, 0]]}], "test": [{"input": [[0, 0, 5, 0, 0, 5, 5, 0, 5, 0, 5, 0, 5, 5, 4, 5, 0, 0, 5], [0, 5, 5, 0, 5, 4, 5, 5, 5, 0, 5, 5, 0, 4, 5, 0, 5, 5, 0], [5, 5, 5, 0, 5, 5, 4, 0, 5, 5, 0, 5, 5, 5, 5, 0, 5, 0, 5], [5, 5, 4, 0, 0, 0, 0, 5, 0, 0, 0, 5, 0, 5, 0, 0, 0, 5, 5], [5, 4, 5, 5, 5, 5, 0, 5, 0, 0, 5, 5, 0, 5, 5, 0, 5, 0, 0], [5, 5, 0, 5, 0, 0, 0, 5, 5, 0, 5, 4, 5, 0, 0, 5, 0, 5, 5], [0, 5, 5, 5, 5, 0, 5, 5, 5, 5, 4, 4, 5, 0, 5, 5, 0, 0, 0], [5, 0, 0, 5, 5, 5, 5, 0, 0, 0, 0, 5, 0, 5, 5, 0, 0, 5, 0], [0, 5, 0, 0, 0, 0, 0, 5, 0, 0, 5, 0, 0, 0, 5, 0, 5, 0, 5], [0, 0, 0, 0, 5, 0, 0, 5, 0, 0, 5, 0, 0, 5, 0, 0, 5, 5, 0], [0, 0, 0, 0, 5, 5, 0, 5, 0, 5, 0, 5, 0, 4, 0, 0, 0, 5, 0], [5, 5, 4, 5, 5, 5, 5, 5, 0, 0, 5, 0, 4, 5, 4, 0, 5, 0, 5], [5, 5, 5, 4, 0, 0, 0, 5, 5, 5, 0, 5, 5, 4, 0, 5, 5, 5, 5], [0, 0, 4, 5, 0, 0, 0, 0, 0, 5, 0, 5, 0, 5, 5, 5, 5, 5, 5], [5, 0, 5, 0, 0, 5, 0, 4, 5, 0, 0, 5, 5, 5, 5, 5, 0, 0, 5], [5, 5, 0, 5, 5, 0, 5, 5, 4, 0, 0, 5, 5, 5, 0, 5, 0, 5, 5], [5, 5, 5, 0, 5, 5, 5, 4, 0, 5, 5, 0, 5, 5, 0, 0, 5, 5, 0], [5, 5, 5, 5, 0, 0, 0, 5, 0, 0, 5, 0, 5, 0, 5, 0, 5, 0, 0], [0, 5, 0, 5, 5, 5, 0, 0, 5, 5, 5, 0, 0, 5, 5, 5, 5, 5, 5]], "output": [[0, 0, 5, 0, 0, 5, 2, 0, 5, 0, 5, 0, 2, 2, 4, 5, 0, 0, 5], [0, 5, 5, 0, 5, 4, 2, 2, 5, 0, 5, 5, 0, 4, 5, 0, 5, 5, 0], [5, 2, 5, 0, 5, 5, 4, 0, 5, 5, 0, 5, 5, 5, 5, 0, 5, 0, 5], [2, 2, 4, 0, 0, 0, 0, 5, 0, 0, 0, 5, 0, 5, 0, 0, 0, 5, 5], [5, 4, 5, 5, 5, 5, 0, 5, 0, 0, 5, 5, 0, 5, 5, 0, 5, 0, 0], [5, 5, 0, 5, 0, 0, 0, 5, 5, 0, 5, 4, 5, 0, 0, 5, 0, 5, 5], [0, 5, 5, 5, 5, 0, 5, 5, 5, 5, 4, 4, 2, 0, 5, 5, 0, 0, 0], [5, 0, 0, 5, 5, 5, 5, 0, 0, 0, 0, 2, 0, 5, 5, 0, 0, 5, 0], [0, 5, 0, 0, 0, 0, 0, 5, 0, 0, 5, 0, 0, 0, 5, 0, 5, 0, 5], [0, 0, 0, 0, 5, 0, 0, 5, 0, 0, 5, 0, 0, 5, 0, 0, 5, 5, 0], [0, 0, 0, 0, 5, 5, 0, 5, 0, 5, 0, 5, 0, 4, 0, 0, 0, 5, 0], [5, 5, 4, 5, 5, 5, 5, 5, 0, 0, 5, 0, 4, 2, 4, 0, 5, 0, 5], [5, 2, 2, 4, 0, 0, 0, 5, 5, 5, 0, 5, 5, 4, 0, 5, 5, 5, 5], [0, 0, 4, 5, 0, 0, 0, 0, 0, 5, 0, 5, 0, 5, 5, 5, 5, 5, 5], [5, 0, 5, 0, 0, 5, 0, 4, 5, 0, 0, 5, 5, 5, 5, 5, 0, 0, 5], [5, 5, 0, 5, 5, 0, 2, 2, 4, 0, 0, 5, 5, 5, 0, 5, 0, 5, 5], [5, 5, 5, 0, 5, 5, 5, 4, 0, 5, 5, 0, 5, 5, 0, 0, 5, 5, 0], [5, 5, 5, 5, 0, 0, 0, 5, 0, 0, 5, 0, 5, 0, 5, 0, 5, 0, 0], [0, 5, 0, 5, 5, 5, 0, 0, 5, 5, 5, 0, 0, 5, 5, 5, 5, 5, 5]]}]}