{"train": [{"input": [[7, 7, 7, 7, 7, 7, 7, 7, 7, 7], [7, 6, 6, 6, 6, 7, 7, 7, 6, 7], [7, 6, 7, 7, 6, 7, 7, 6, 7, 7], [7, 6, 7, 7, 6, 7, 7, 7, 7, 7], [7, 6, 6, 6, 6, 7, 7, 7, 7, 7], [7, 7, 7, 7, 7, 7, 7, 7, 7, 7], [7, 7, 7, 7, 7, 7, 7, 7, 7, 7], [7, 7, 6, 7, 7, 6, 6, 6, 6, 7], [7, 6, 7, 7, 7, 6, 6, 6, 6, 7], [7, 7, 7, 7, 7, 7, 7, 7, 7, 7]], "output": [[7, 2, 7, 7, 2, 7, 7, 7, 7, 7], [2, 6, 6, 6, 6, 2, 7, 7, 6, 7], [7, 6, 7, 7, 6, 7, 7, 6, 7, 7], [7, 6, 7, 7, 6, 7, 7, 7, 7, 7], [2, 6, 6, 6, 6, 2, 7, 7, 7, 7], [7, 2, 7, 7, 2, 7, 7, 7, 7, 7], [7, 7, 7, 7, 7, 7, 7, 7, 7, 7], [7, 7, 6, 7, 7, 6, 6, 6, 6, 7], [7, 6, 7, 7, 7, 6, 6, 6, 6, 7], [7, 7, 7, 7, 7, 7, 7, 7, 7, 7]]}, {"input": [[7, 7, 7, 7, 7, 7, 7, 7, 7, 7], [7, 7, 7, 7, 7, 7, 7, 7, 7, 7], [7, 7, 6, 6, 6, 7, 7, 6, 7, 7], [7, 7, 6, 7, 6, 7, 7, 6, 7, 7], [7, 7, 6, 6, 6, 7, 7, 6, 7, 7], [7, 7, 7, 7, 7, 7, 7, 7, 7, 7], [7, 7, 7, 7, 7, 7, 7, 7, 7, 7], [7, 7, 6, 6, 6, 7, 7, 7, 7, 7], [7, 7, 7, 7, 7, 7, 7, 7, 7, 7], [7, 7, 7, 7, 7, 7, 7, 7, 7, 7]], "output": [[7, 7, 7, 7, 7, 7, 7, 7, 7, 7], [7, 7, 2, 7, 2, 7, 7, 7, 7, 7], [7, 2, 6, 6, 6, 2, 7, 6, 7, 7], [7, 7, 6, 7, 6, 7, 7, 6, 7, 7], [7, 2, 6, 6, 6, 2, 7, 6, 7, 7], [7, 7, 2, 7, 2, 7, 7, 7, 7, 7], [7, 7, 7, 7, 7, 7, 7, 7, 7, 7], [7, 7, 6, 6, 6, 7, 7, 7, 7, 7], [7, 7, 7, 7, 7, 7, 7, 7, 7, 7], [7, 7, 7, 7, 7, 7, 7, 7, 7, 7]]}, {"input": [[7, 7, 7, 7, 7, 7, 7, 7, 7, 7], [7, 8, 8, 8, 8, 8, 8, 8, 8, 7], [7, 8, 7, 7, 7, 7, 7, 7, 8, 7], [7, 8, 7, 7, 7, 7, 7, 7, 8, 7], [7, 8, 7, 7, 8, 8, 7, 7, 8, 7], [7, 8, 7, 7, 8, 8, 7, 7, 8, 7], [7, 8, 7, 7, 7, 7, 7, 7, 8, 7], [7, 8, 7, 7, 7, 7, 7, 7, 8, 7], [7, 8, 8, 8, 8, 8, 8, 8, 8, 7], [7, 7, 7, 7, 7, 7, 7, 7, 7, 7]], "output": [[7, 2, 7, 7, 7, 7, 7, 7, 2, 7], [2, 8, 8, 8, 8, 8, 8, 8, 8, 2], [7, 8, 7, 7, 7, 7, 7, 7, 8, 7], [7, 8, 7, 7, 2, 2, 7, 7, 8, 7], [7, 8, 7, 2, 8, 8, 2, 7, 8, 7], [7, 8, 7, 2, 8, 8, 2, 7, 8, 7], [7, 8, 7, 7, 2, 2, 7, 7, 8, 7], [7, 8, 7, 7, 7, 7, 7, 7, 8, 7], [2, 8, 8, 8, 8, 8, 8, 8, 8, 2], [7, 2, 7, 7, 7, 7, 7, 7, 2, 7]]}], "test": [{"input": [[7, 7, 7, 7, 7, 7, 7, 7, 7, 7], [7, 6, 6, 6, 7, 7, 6, 6, 7, 7], [7, 6, 7, 6, 7, 7, 6, 6, 7, 7], [7, 6, 6, 6, 7, 7, 7, 7, 7, 7], [7, 7, 7, 7, 7, 7, 7, 7, 7, 7], [7, 7, 7, 7, 7, 6, 6, 6, 7, 7], [7, 6, 6, 7, 7, 6, 7, 6, 7, 7], [7, 6, 6, 7, 7, 6, 6, 6, 7, 7], [7, 7, 7, 7, 7, 7, 7, 7, 7, 7], [7, 6, 6, 6, 6, 6, 6, 6, 6, 7]], "output": [[7, 2, 7, 2, 7, 7, 2, 2, 7, 7], [2, 6, 6, 6, 2, 2, 6, 6, 2, 7], [7, 6, 7, 6, 7, 2, 6, 6, 2, 7], [2, 6, 6, 6, 2, 7, 2, 2, 7, 7], [7, 2, 7, 2, 7, 2, 7, 2, 7, 7], [7, 2, 2, 7, 2, 6, 6, 6, 2, 7], [2, 6, 6, 2, 7, 6, 7, 6, 7, 7], [2, 6, 6, 2, 2, 6, 6, 6, 2, 7], [7, 2, 2, 7, 7, 2, 7, 2, 7, 7], [7, 6, 6, 6, 6, 6, 6, 6, 6, 7]]}]}