{"train": [{"input": [[1, 1, 1, 0], [1, 1, 1, 0], [8, 8, 8, 8], [0, 0, 1, 1], [0, 0, 1, 1], [8, 8, 8, 8], [8, 8, 8, 8], [0, 1, 1, 0], [8, 8, 0, 0], [1, 1, 1, 1], [0, 8, 8, 0], [0, 8, 8, 0], [1, 1, 1, 1], [8, 8, 8, 0], [8, 8, 8, 0], [0, 1, 1, 1], [0, 1, 1, 1], [8, 8, 8, 0], [0, 1, 1, 0], [8, 8, 8, 8]], "output": [[2, 2, 2, 0], [2, 2, 2, 0], [8, 8, 8, 8], [0, 0, 1, 1], [0, 0, 1, 1], [2, 2, 2, 2], [2, 2, 2, 2], [0, 1, 1, 0], [8, 8, 0, 0], [2, 2, 2, 2], [0, 8, 8, 0], [0, 8, 8, 0], [1, 1, 1, 1], [2, 2, 2, 0], [2, 2, 2, 0], [0, 1, 1, 1], [0, 1, 1, 1], [8, 8, 8, 0], [0, 2, 2, 0], [8, 8, 8, 8]]}, {"input": [[0, 8, 8, 8, 0], [0, 8, 8, 8, 0], [1, 1, 1, 0, 0], [0, 8, 8, 8, 0], [0, 8, 8, 8, 0], [1, 1, 1, 1, 1], [0, 8, 8, 8, 8], [0, 8, 8, 8, 8], [1, 1, 1, 1, 0], [1, 1, 1, 1, 0], [0, 8, 8, 8, 0], [0, 1, 1, 1, 1], [0, 1, 1, 1, 1], [8, 8, 8, 0, 0], [0, 0, 0, 1, 1], [8, 8, 8, 0, 0], [8, 8, 8, 0, 0], [0, 0, 1, 1, 0], [0, 0, 1, 1, 0]], "output": [[0, 2, 2, 2, 0], [0, 2, 2, 2, 0], [1, 1, 1, 0, 0], [0, 8, 8, 8, 0], [0, 8, 8, 8, 0], [2, 2, 2, 2, 2], [0, 8, 8, 8, 8], [0, 8, 8, 8, 8], [1, 1, 1, 1, 0], [1, 1, 1, 1, 0], [0, 2, 2, 2, 0], [0, 1, 1, 1, 1], [0, 1, 1, 1, 1], [8, 8, 8, 0, 0], [0, 0, 0, 2, 2], [8, 8, 8, 0, 0], [8, 8, 8, 0, 0], [0, 0, 1, 1, 0], [0, 0, 1, 1, 0]]}, {"input": [[1, 1, 1, 0, 0], [0, 8, 8, 8, 8], [1, 1, 1, 1, 0], [0, 8, 8, 0, 0], [0, 0, 1, 1, 1], [0, 0, 1, 1, 1], [8, 8, 8, 8, 0], [0, 1, 1, 0, 0], [0, 1, 1, 0, 0], [8, 8, 8, 8, 8], [8, 8, 8, 8, 8], [1, 1, 1, 0, 0], [0, 8, 8, 8, 0], [0, 0, 0, 1, 1]], "output": [[2, 2, 2, 0, 0], [0, 8, 8, 8, 8], [1, 1, 1, 1, 0], [0, 2, 2, 0, 0], [0, 0, 1, 1, 1], [0, 0, 1, 1, 1], [8, 8, 8, 8, 0], [0, 2, 2, 0, 0], [0, 2, 2, 0, 0], [8, 8, 8, 8, 8], [8, 8, 8, 8, 8], [1, 1, 1, 0, 0], [0, 2, 2, 2, 0], [0, 0, 0, 1, 1]]}, {"input": [[1, 1, 0], [1, 1, 0], [8, 8, 8], [8, 8, 8], [0, 1, 1], [0, 1, 1], [8, 8, 0], [1, 1, 1], [8, 8, 0], [8, 8, 0], [1, 1, 1], [1, 1, 1], [1, 1, 1], [8, 8, 8], [8, 8, 8]], "output": [[2, 2, 0], [2, 2, 0], [8, 8, 8], [8, 8, 8], [0, 1, 1], [0, 1, 1], [2, 2, 0], [1, 1, 1], [8, 8, 0], [8, 8, 0], [2, 2, 2], [2, 2, 2], [2, 2, 2], [8, 8, 8], [8, 8, 8]]}], "test": [{"input": [[8, 8, 8, 0], [0, 1, 1, 1], [0, 8, 8, 0], [1, 1, 1, 1], [8, 8, 8, 0], [8, 8, 8, 0], [0, 1, 1, 1], [0, 8, 8, 0], [0, 8, 8, 0], [1, 1, 1, 1], [1, 1, 1, 1], [8, 8, 8, 8], [1, 1, 0, 0], [0, 8, 8, 8], [1, 1, 1, 0], [8, 8, 8, 8], [0, 1, 1, 0], [0, 1, 1, 0], [8, 8, 8, 8], [8, 8, 8, 8], [0, 1, 1, 1], [0, 1, 1, 1]], "output": [[2, 2, 2, 0], [0, 1, 1, 1], [0, 8, 8, 0], [2, 2, 2, 2], [8, 8, 8, 0], [8, 8, 8, 0], [0, 1, 1, 1], [0, 2, 2, 0], [0, 2, 2, 0], [1, 1, 1, 1], [1, 1, 1, 1], [8, 8, 8, 8], [2, 2, 0, 0], [0, 8, 8, 8], [1, 1, 1, 0], [2, 2, 2, 2], [0, 1, 1, 0], [0, 1, 1, 0], [8, 8, 8, 8], [8, 8, 8, 8], [0, 2, 2, 2], [0, 2, 2, 2]]}]}