{"train": [{"input": [[2, 2, 2, 2, 2, 2, 2, 2, 2, 2, 2, 2, 2, 2], [2, 2, 2, 2, 2, 2, 2, 2, 2, 2, 2, 2, 2, 2], [2, 3, 3, 3, 3, 2, 2, 2, 2, 2, 2, 2, 2, 2], [2, 3, 3, 3, 3, 2, 2, 2, 2, 2, 2, 2, 2, 2], [2, 3, 3, 1, 3, 2, 2, 2, 2, 2, 2, 2, 2, 2], [2, 3, 3, 3, 3, 2, 2, 2, 2, 2, 2, 2, 2, 2], [2, 2, 2, 2, 2, 2, 2, 2, 2, 2, 2, 2, 2, 2], [2, 2, 2, 2, 2, 2, 2, 3, 3, 3, 3, 2, 2, 2], [2, 2, 2, 2, 2, 2, 2, 3, 6, 6, 3, 2, 2, 2], [2, 2, 2, 2, 2, 2, 2, 3, 6, 3, 3, 2, 2, 2], [2, 2, 2, 2, 2, 2, 2, 3, 3, 3, 3, 2, 2, 2], [2, 2, 2, 2, 2, 2, 2, 2, 2, 2, 2, 2, 2, 2], [2, 2, 2, 2, 2, 2, 2, 2, 2, 2, 2, 2, 2, 2], [2, 2, 2, 2, 2, 2, 2, 2, 2, 2, 2, 2, 2, 2]], "output": [[3, 3, 3, 3], [3, 6, 6, 3], [3, 6, 1, 3], [3, 3, 3, 3]]}, {"input": [[8, 8, 8, 8, 8, 8, 8, 8, 8, 8, 8, 8, 8, 8, 8, 8], [8, 8, 2, 2, 2, 2, 2, 8, 8, 8, 8, 8, 8, 8, 8, 8], [8, 8, 2, 1, 1, 2, 2, 8, 8, 8, 8, 8, 8, 8, 8, 8], [8, 8, 2, 1, 2, 2, 2, 8, 8, 8, 2, 2, 2, 2, 2, 8], [8, 8, 2, 2, 2, 2, 2, 8, 8, 8, 2, 2, 2, 4, 2, 8], [8, 8, 2, 2, 2, 2, 2, 8, 8, 8, 2, 2, 2, 4, 2, 8], [8, 8, 8, 8, 8, 8, 8, 8, 8, 8, 2, 2, 2, 2, 2, 8], [8, 8, 8, 8, 8, 8, 8, 8, 8, 8, 2, 2, 2, 2, 2, 8], [8, 8, 8, 2, 2, 2, 2, 2, 8, 8, 8, 8, 8, 8, 8, 8], [8, 8, 8, 2, 2, 2, 2, 2, 8, 8, 8, 8, 8, 8, 8, 8], [8, 8, 8, 2, 2, 2, 2, 2, 8, 8, 8, 8, 8, 8, 8, 8], [8, 8, 8, 2, 3, 3, 3, 2, 8, 8, 8, 8, 8, 8, 8, 8], [8, 8, 8, 2, 2, 2, 2, 2, 8, 8, 8, 8, 8, 8, 8, 8], [8, 8, 8, 8, 8, 8, 8, 8, 8, 8, 8, 8, 8, 8, 8, 8], [8, 8, 8, 8, 8, 8, 8, 8, 8, 8, 8, 8, 8, 8, 8, 8], [8, 8, 8, 8, 8, 8, 8, 8, 8, 8, 8, 8, 8, 8, 8, 8]], "output": [[2, 2, 2, 2, 2], [2, 1, 1, 4, 2], [2, 1, 2, 4, 2], [2, 3, 3, 3, 2], [2, 2, 2, 2, 2]]}], "test": [{"input": [[4, 4, 4, 4, 4, 4, 4, 4, 4, 4, 4, 4, 4, 4, 4, 4, 4, 4], [4, 4, 4, 4, 4, 4, 4, 4, 3, 3, 3, 3, 3, 3, 4, 4, 4, 4], [4, 3, 3, 3, 3, 3, 3, 4, 3, 3, 3, 3, 3, 3, 4, 4, 4, 4], [4, 3, 3, 2, 3, 3, 3, 4, 3, 3, 3, 3, 3, 3, 4, 4, 4, 4], [4, 3, 2, 2, 3, 3, 3, 4, 3, 5, 5, 3, 3, 3, 4, 4, 4, 4], [4, 3, 3, 3, 3, 3, 3, 4, 3, 5, 5, 3, 3, 3, 4, 4, 4, 4], [4, 3, 3, 3, 3, 3, 3, 4, 3, 3, 3, 3, 3, 3, 4, 4, 4, 4], [4, 3, 3, 3, 3, 3, 3, 4, 4, 4, 4, 4, 4, 4, 4, 4, 4, 4], [4, 4, 4, 4, 4, 4, 4, 4, 4, 4, 4, 4, 4, 4, 4, 4, 4, 4], [4, 4, 3, 3, 3, 3, 3, 3, 4, 4, 4, 4, 4, 4, 4, 4, 4, 4], [4, 4, 3, 3, 3, 3, 3, 3, 4, 4, 3, 3, 3, 3, 3, 3, 4, 4], [4, 4, 3, 3, 3, 3, 3, 3, 4, 4, 3, 3, 3, 3, 1, 3, 4, 4], [4, 4, 3, 3, 3, 8, 8, 3, 4, 4, 3, 3, 3, 3, 3, 3, 4, 4], [4, 4, 3, 3, 3, 8, 3, 3, 4, 4, 3, 3, 3, 3, 3, 3, 4, 4], [4, 4, 3, 3, 3, 3, 3, 3, 4, 4, 3, 3, 3, 3, 3, 3, 4, 4], [4, 4, 4, 4, 4, 4, 4, 4, 4, 4, 3, 3, 3, 3, 3, 3, 4, 4], [4, 4, 4, 4, 4, 4, 4, 4, 4, 4, 4, 4, 4, 4, 4, 4, 4, 4], [4, 4, 4, 4, 4, 4, 4, 4, 4, 4, 4, 4, 4, 4, 4, 4, 4, 4]], "output": [[3, 3, 3, 3, 3, 3], [3, 3, 2, 3, 1, 3], [3, 2, 2, 3, 3, 3], [3, 5, 5, 8, 8, 3], [3, 5, 5, 8, 3, 3], [3, 3, 3, 3, 3, 3]]}]}