{"train": [{"input": [[0, 2, 2], [0, 0, 2], [0, 0, 0]], "output": [[0, 0, 0], [0, 2, 2], [0, 0, 2]]}, {"input": [[0, 0, 0], [1, 1, 1], [0, 0, 0]], "output": [[0, 0, 0], [0, 0, 0], [1, 1, 1]]}, {"input": [[0, 1, 0], [1, 1, 0], [0, 0, 0]], "output": [[0, 0, 0], [0, 1, 0], [1, 1, 0]]}, {"input": [[1, 1, 1], [0, 0, 0], [0, 0, 0]], "output": [[0, 0, 0], [1, 1, 1], [0, 0, 0]]}], "test": [{"input": [[0, 0, 0], [0, 1, 0], [0, 0, 0]], "output": [[0, 0, 0], [0, 0, 0], [0, 1, 0]]}, {"input": [[2, 0, 0], [2, 0, 0], [0, 0, 0]], "output": [[0, 0, 0], [2, 0, 0], [2, 0, 0]]}]}