{"train": [{"input": [[0, 0, 0, 0, 0, 0, 0, 0, 0, 0], [0, 0, 5, 5, 5, 0, 0, 0, 0, 0], [0, 0, 5, 0, 5, 0, 0, 0, 0, 0], [0, 0, 0, 0, 5, 5, 5, 0, 0, 0], [0, 0, 5, 5, 5, 0, 5, 0, 0, 0], [0, 0, 0, 5, 0, 0, 5, 0, 0, 0], [0, 0, 0, 5, 5, 5, 5, 0, 0, 0], [0, 0, 0, 0, 0, 0, 0, 0, 0, 0], [0, 0, 0, 0, 0, 0, 0, 0, 0, 0], [0, 4, 2, 3, 4, 4, 0, 0, 0, 0], [0, 4, 2, 3, 4, 4, 0, 0, 0, 0], [0, 8, 8, 8, 8, 8, 0, 0, 0, 0], [0, 0, 0, 0, 0, 0, 0, 0, 0, 0], [0, 0, 0, 0, 0, 0, 0, 0, 0, 0], [0, 0, 0, 0, 0, 0, 0, 0, 0, 0]], "output": [[4, 2, 3, 8, 8], [4, 8, 3, 8, 8], [8, 8, 3, 4, 4], [4, 2, 3, 8, 4], [8, 2, 8, 8, 4], [8, 2, 3, 4, 4]]}, {"input": [[2, 2, 1, 3, 3, 4, 8, 0, 0, 0, 0, 0, 0, 0, 0], [2, 2, 1, 3, 3, 4, 8, 0, 0, 0, 0, 0, 0, 0, 0], [6, 6, 6, 6, 6, 6, 6, 0, 0, 0, 0, 0, 0, 0, 0], [0, 0, 0, 0, 0, 0, 0, 0, 0, 0, 0, 0, 0, 0, 0], [0, 0, 0, 0, 0, 0, 5, 0, 0, 5, 5, 0, 5, 0, 0], [0, 0, 0, 0, 0, 0, 5, 5, 5, 5, 5, 5, 5, 0, 0], [0, 0, 0, 0, 0, 0, 0, 0, 5, 5, 0, 0, 0, 0, 0], [0, 0, 0, 0, 0, 0, 5, 5, 5, 5, 5, 5, 5, 0, 0], [0, 0, 0, 0, 0, 0, 5, 5, 0, 5, 0, 5, 0, 0, 0], [0, 0, 0, 0, 0, 0, 0, 5, 0, 5, 5, 5, 5, 0, 0], [0, 0, 0, 0, 0, 0, 0, 5, 0, 5, 5, 5, 5, 0, 0], [0, 0, 0, 0, 0, 0, 5, 5, 5, 5, 5, 5, 5, 0, 0], [0, 0, 0, 0, 0, 0, 0, 0, 0, 5, 5, 5, 0, 0, 0], [0, 0, 0, 0, 0, 0, 5, 5, 5, 5, 0, 5, 5, 0, 0], [0, 0, 0, 0, 0, 0, 0, 0, 0, 0, 0, 0, 0, 0, 0]], "output": [[2, 6, 6, 3, 3, 6, 8], [2, 2, 1, 3, 3, 4, 8], [6, 6, 1, 3, 6, 6, 6], [2, 2, 1, 3, 3, 4, 8], [2, 2, 6, 3, 6, 4, 6], [6, 2, 6, 3, 3, 4, 8], [6, 2, 6, 3, 3, 4, 8], [2, 2, 1, 3, 3, 4, 8], [6, 6, 6, 3, 3, 4, 6], [2, 2, 1, 3, 6, 4, 8]]}, {"input": [[0, 0, 0, 0, 0, 0, 0, 0, 0, 0, 0, 0, 0, 0, 0, 0], [0, 0, 0, 0, 0, 0, 0, 0, 0, 0, 0, 0, 0, 0, 0, 0], [0, 0, 0, 0, 0, 0, 0, 0, 0, 0, 0, 0, 0, 0, 0, 0], [0, 0, 5, 0, 5, 5, 5, 5, 5, 5, 0, 0, 0, 0, 0, 0], [0, 0, 5, 5, 0, 5, 0, 0, 0, 5, 0, 0, 0, 0, 0, 0], [0, 0, 0, 5, 5, 5, 5, 0, 5, 5, 0, 0, 0, 0, 0, 0], [0, 0, 0, 5, 0, 0, 0, 0, 5, 5, 0, 0, 0, 0, 0, 0], [0, 0, 0, 5, 5, 5, 5, 5, 5, 5, 0, 0, 0, 0, 0, 0], [0, 0, 0, 0, 0, 0, 0, 0, 0, 0, 0, 0, 0, 0, 0, 0], [0, 0, 0, 0, 0, 0, 0, 0, 0, 0, 0, 0, 0, 0, 0, 0], [0, 0, 0, 0, 0, 0, 0, 0, 0, 0, 0, 0, 0, 0, 0, 0], [0, 3, 3, 2, 8, 8, 8, 6, 6, 0, 0, 0, 0, 0, 0, 0], [0, 3, 3, 2, 8, 8, 8, 6, 6, 0, 0, 0, 0, 0, 0, 0], [0, 1, 1, 1, 1, 1, 1, 1, 1, 0, 0, 0, 0, 0, 0, 0], [0, 0, 0, 0, 0, 0, 0, 0, 0, 0, 0, 0, 0, 0, 0, 0]], "output": [[3, 1, 2, 8, 8, 8, 6, 6], [3, 3, 1, 8, 1, 1, 1, 6], [1, 3, 2, 8, 8, 1, 6, 6], [1, 3, 1, 1, 1, 1, 6, 6], [1, 3, 2, 8, 8, 8, 6, 6]]}], "test": [{"input": [[0, 0, 0, 0, 0, 0, 0, 0, 2, 4, 4, 4, 8, 8, 3, 3, 6, 6], [0, 0, 0, 0, 0, 0, 0, 0, 2, 4, 4, 4, 8, 8, 3, 3, 6, 6], [0, 0, 0, 0, 0, 0, 0, 0, 9, 9, 9, 9, 9, 9, 9, 9, 9, 9], [0, 0, 0, 0, 0, 0, 0, 0, 0, 0, 0, 0, 0, 0, 0, 0, 0, 0], [0, 0, 0, 0, 0, 0, 0, 0, 0, 0, 0, 0, 0, 0, 0, 0, 0, 0], [0, 0, 5, 5, 0, 0, 5, 0, 5, 5, 5, 0, 0, 0, 0, 0, 0, 0], [0, 5, 5, 5, 5, 5, 5, 5, 5, 5, 5, 0, 0, 0, 0, 0, 0, 0], [0, 0, 0, 5, 0, 5, 5, 0, 0, 5, 5, 0, 0, 0, 0, 0, 0, 0], [0, 5, 5, 5, 5, 5, 0, 0, 0, 5, 0, 0, 0, 0, 0, 0, 0, 0], [0, 0, 5, 0, 0, 5, 0, 0, 5, 5, 0, 0, 0, 0, 0, 0, 0, 0], [0, 0, 5, 5, 5, 5, 5, 5, 5, 5, 5, 0, 0, 0, 0, 0, 0, 0], [0, 0, 0, 5, 5, 0, 0, 0, 0, 5, 5, 0, 0, 0, 0, 0, 0, 0], [0, 0, 0, 0, 0, 0, 0, 0, 0, 0, 0, 0, 0, 0, 0, 0, 0, 0], [0, 0, 0, 0, 0, 0, 0, 0, 0, 0, 0, 0, 0, 0, 0, 0, 0, 0], [0, 0, 0, 0, 0, 0, 0, 0, 0, 0, 0, 0, 0, 0, 0, 0, 0, 0], [0, 0, 0, 0, 0, 0, 0, 0, 0, 0, 0, 0, 0, 0, 0, 0, 0, 0], [0, 0, 0, 0, 0, 0, 0, 0, 0, 0, 0, 0, 0, 0, 0, 0, 0, 0], [0, 0, 0, 0, 0, 0, 0, 0, 0, 0, 0, 0, 0, 0, 0, 0, 0, 0]], "output": [[9, 4, 4, 9, 9, 8, 9, 3, 6, 6], [2, 4, 4, 4, 8, 8, 3, 3, 6, 6], [9, 9, 4, 9, 8, 8, 9, 9, 6, 6], [2, 4, 4, 4, 8, 9, 9, 9, 6, 9], [9, 4, 9, 9, 8, 9, 9, 3, 6, 9], [9, 4, 4, 4, 8, 8, 3, 3, 6, 6], [9, 9, 4, 4, 9, 9, 9, 9, 6, 6]]}]}