{"train": [{"input": [[5, 5, 5, 5, 5, 5, 5, 5, 5], [5, 5, 5, 5, 5, 5, 5, 5, 5], [5, 5, 1, 1, 1, 1, 5, 5, 5], [5, 5, 1, 5, 5, 1, 5, 5, 5], [5, 5, 5, 5, 5, 1, 5, 5, 5], [5, 5, 1, 1, 1, 1, 5, 5, 5], [5, 5, 5, 5, 5, 5, 5, 5, 5]], "output": [[5, 5, 5, 5, 5, 5, 5, 5, 5], [5, 5, 5, 5, 5, 5, 5, 5, 5], [5, 5, 1, 1, 1, 1, 5, 5, 5], [5, 5, 1, 2, 2, 1, 5, 5, 5], [2, 2, 2, 2, 2, 1, 5, 5, 5], [5, 5, 1, 1, 1, 1, 5, 5, 5], [5, 5, 5, 5, 5, 5, 5, 5, 5]]}, {"input": [[8, 8, 8, 8, 8, 8, 8, 8, 8, 8], [8, 8, 8, 8, 8, 8, 8, 8, 8, 8], [8, 1, 1, 8, 1, 8, 8, 8, 8, 8], [8, 1, 8, 8, 1, 8, 8, 8, 8, 8], [8, 1, 8, 8, 1, 8, 8, 8, 8, 8], [8, 1, 1, 1, 1, 8, 8, 8, 8, 8], [8, 8, 8, 8, 8, 8, 1, 1, 1, 1], [8, 8, 8, 8, 8, 8, 1, 8, 8, 1], [8, 8, 8, 8, 8, 8, 1, 8, 8, 1], [8, 8, 8, 8, 8, 8, 1, 1, 8, 1], [8, 8, 8, 8, 8, 8, 8, 8, 8, 8]], "output": [[8, 8, 8, 2, 8, 8, 8, 8, 8, 8], [8, 8, 8, 2, 8, 8, 8, 8, 8, 8], [8, 1, 1, 2, 1, 8, 8, 8, 8, 8], [8, 1, 2, 2, 1, 8, 8, 8, 8, 8], [8, 1, 2, 2, 1, 8, 8, 8, 8, 8], [8, 1, 1, 1, 1, 8, 8, 8, 8, 8], [8, 8, 8, 8, 8, 8, 1, 1, 1, 1], [8, 8, 8, 8, 8, 8, 1, 2, 2, 1], [8, 8, 8, 8, 8, 8, 1, 2, 2, 1], [8, 8, 8, 8, 8, 8, 1, 1, 2, 1], [8, 8, 8, 8, 8, 8, 8, 8, 2, 8]]}, {"input": [[9, 1, 9, 1, 1, 9, 9, 9, 9], [9, 1, 9, 9, 1, 9, 9, 9, 9], [9, 1, 9, 9, 1, 9, 9, 9, 9], [9, 1, 1, 1, 1, 9, 9, 9, 9], [9, 9, 9, 9, 9, 9, 9, 9, 9], [9, 9, 9, 9, 9, 9, 9, 9, 9], [9, 9, 1, 1, 1, 1, 9, 9, 9], [9, 9, 1, 9, 9, 1, 9, 9, 9], [9, 9, 1, 9, 9, 9, 9, 9, 9], [9, 9, 1, 1, 1, 1, 9, 9, 9], [9, 9, 9, 9, 9, 9, 9, 9, 9]], "output": [[9, 1, 2, 1, 1, 9, 9, 9, 9], [9, 1, 2, 2, 1, 9, 9, 9, 9], [9, 1, 2, 2, 1, 9, 9, 9, 9], [9, 1, 1, 1, 1, 9, 9, 9, 9], [9, 9, 9, 9, 9, 9, 9, 9, 9], [9, 9, 9, 9, 9, 9, 9, 9, 9], [9, 9, 1, 1, 1, 1, 9, 9, 9], [9, 9, 1, 2, 2, 1, 9, 9, 9], [9, 9, 1, 2, 2, 2, 2, 2, 2], [9, 9, 1, 1, 1, 1, 9, 9, 9], [9, 9, 9, 9, 9, 9, 9, 9, 9]]}], "test": [{"input": [[4, 4, 4, 4, 4, 4, 4, 4, 4, 4, 4, 4, 4, 4, 4], [4, 4, 4, 4, 4, 4, 4, 4, 1, 1, 1, 1, 4, 4, 4], [4, 1, 4, 1, 1, 4, 4, 4, 1, 4, 4, 4, 4, 4, 4], [4, 1, 4, 4, 1, 4, 4, 4, 1, 4, 4, 1, 4, 4, 4], [4, 1, 4, 4, 1, 4, 4, 4, 1, 1, 1, 1, 4, 4, 4], [4, 1, 1, 1, 1, 4, 4, 4, 4, 4, 4, 4, 4, 4, 4], [4, 4, 4, 4, 4, 4, 4, 1, 1, 1, 1, 4, 4, 4, 4], [4, 4, 4, 4, 4, 4, 4, 1, 4, 4, 1, 4, 4, 4, 4], [4, 4, 4, 4, 4, 4, 4, 1, 4, 4, 1, 4, 4, 4, 4], [4, 4, 4, 4, 4, 4, 4, 1, 4, 1, 1, 4, 4, 4, 4], [4, 4, 4, 4, 4, 4, 4, 4, 4, 4, 4, 4, 4, 4, 4]], "output": [[4, 4, 2, 4, 4, 4, 4, 4, 4, 4, 4, 4, 4, 4, 4], [4, 4, 2, 4, 4, 4, 4, 4, 1, 1, 1, 1, 4, 4, 4], [4, 1, 2, 1, 1, 4, 4, 4, 1, 2, 2, 2, 2, 2, 2], [4, 1, 2, 2, 1, 4, 4, 4, 1, 2, 2, 1, 4, 4, 4], [4, 1, 2, 2, 1, 4, 4, 4, 1, 1, 1, 1, 4, 4, 4], [4, 1, 1, 1, 1, 4, 4, 4, 4, 4, 4, 4, 4, 4, 4], [4, 4, 4, 4, 4, 4, 4, 1, 1, 1, 1, 4, 4, 4, 4], [4, 4, 4, 4, 4, 4, 4, 1, 2, 2, 1, 4, 4, 4, 4], [4, 4, 4, 4, 4, 4, 4, 1, 2, 2, 1, 4, 4, 4, 4], [4, 4, 4, 4, 4, 4, 4, 1, 2, 1, 1, 4, 4, 4, 4], [4, 4, 4, 4, 4, 4, 4, 4, 2, 4, 4, 4, 4, 4, 4]]}]}