{"train": [{"input": [[2, 0, 0, 1, 2, 0, 0, 1, 2, 0, 0, 1], [4, 2, 1, 4, 4, 2, 1, 4, 4, 2, 1, 4], [4, 1, 2, 4, 4, 1, 2, 4, 4, 1, 2, 4], [1, 0, 0, 2, 1, 0, 0, 2, 1, 0, 0, 2]], "output": [[2, 0, 0, 1], [4, 2, 1, 4], [4, 1, 2, 4], [1, 0, 0, 2]]}, {"input": [[4, 5, 1, 1, 5, 4, 4, 5, 1], [5, 5, 5, 5, 5, 5, 5, 5, 5], [1, 5, 4, 4, 5, 1, 1, 5, 4]], "output": [[4, 5, 1], [5, 5, 5], [1, 5, 4]]}, {"input": [[2, 1, 2, 1, 2, 1], [2, 3, 2, 3, 2, 3]], "output": [[2, 1], [2, 3]]}], "test": [{"input": [[0, 2, 0, 4, 4, 0, 2, 0, 4, 4, 0, 2, 0, 4, 4], [2, 2, 0, 4, 4, 2, 2, 0, 4, 4, 2, 2, 0, 4, 4], [0, 2, 2, 2, 0, 0, 2, 2, 2, 0, 0, 2, 2, 2, 0], [1, 1, 0, 2, 2, 1, 1, 0, 2, 2, 1, 1, 0, 2, 2], [1, 1, 0, 2, 0, 1, 1, 0, 2, 0, 1, 1, 0, 2, 0]], "output": [[0, 2, 0, 4, 4], [2, 2, 0, 4, 4], [0, 2, 2, 2, 0], [1, 1, 0, 2, 2], [1, 1, 0, 2, 0]]}]}