{"train": [{"input": [[8, 8, 8, 8, 8, 8, 8, 8, 8, 8], [8, 8, 8, 8, 8, 8, 8, 8, 8, 2], [8, 8, 8, 8, 8, 8, 8, 8, 8, 2], [8, 8, 8, 8, 8, 8, 8, 8, 8, 2], [8, 8, 8, 8, 8, 8, 8, 8, 8, 2], [8, 8, 8, 8, 8, 8, 8, 8, 8, 2], [8, 8, 8, 8, 8, 8, 8, 8, 8, 8]], "output": [[2, 2, 2, 2, 2, 8, 8, 8, 8, 8], [8, 8, 8, 8, 8, 8, 8, 8, 8, 2], [8, 8, 8, 8, 8, 8, 8, 8, 8, 2], [8, 8, 8, 8, 8, 8, 8, 8, 8, 2], [8, 8, 8, 8, 8, 8, 8, 8, 8, 2], [8, 8, 8, 8, 8, 8, 8, 8, 8, 2], [2, 2, 2, 2, 2, 8, 8, 8, 8, 8]]}, {"input": [[9, 9, 9, 8, 8, 8, 8, 8, 8, 8], [9, 8, 8, 8, 8, 8, 8, 8, 8, 8], [8, 8, 8, 8, 8, 8, 8, 8, 8, 8], [8, 8, 8, 8, 8, 8, 8, 8, 8, 8]], "output": [[9, 9, 9, 8, 8, 8, 8, 9, 9, 9], [9, 8, 8, 8, 8, 8, 8, 8, 8, 9], [8, 8, 8, 8, 8, 8, 8, 8, 8, 8], [8, 8, 8, 9, 9, 9, 9, 8, 8, 8]]}, {"input": [[8, 8, 8, 8, 8, 8, 8, 8, 8], [8, 8, 8, 8, 8, 8, 8, 8, 8], [4, 8, 8, 8, 8, 8, 8, 8, 8], [4, 8, 8, 8, 8, 8, 8, 8, 8], [8, 8, 8, 8, 8, 8, 8, 8, 8], [8, 8, 8, 8, 8, 8, 8, 8, 8], [8, 8, 8, 8, 8, 8, 8, 8, 8]], "output": [[8, 4, 4, 8, 8, 4, 4, 8, 8], [8, 8, 8, 8, 8, 8, 8, 8, 4], [4, 8, 8, 8, 8, 8, 8, 8, 4], [4, 8, 8, 8, 8, 8, 8, 8, 8], [8, 8, 8, 8, 8, 8, 8, 8, 8], [8, 8, 8, 8, 8, 8, 8, 8, 4], [4, 4, 8, 8, 4, 4, 8, 8, 4]]}], "test": [{"input": [[8, 8, 8, 8, 8, 8, 8, 8, 8, 8, 8, 8, 8, 8], [8, 8, 8, 8, 8, 8, 8, 8, 8, 8, 8, 8, 8, 8], [8, 8, 8, 8, 8, 8, 8, 8, 5, 5, 5, 8, 8, 8]], "output": [[5, 5, 5, 8, 8, 8, 5, 5, 5, 8, 8, 8, 5, 5], [8, 8, 8, 8, 8, 8, 8, 8, 8, 8, 8, 8, 8, 5], [8, 8, 5, 5, 5, 8, 8, 8, 5, 5, 5, 8, 8, 8]]}]}