{"train": [{"input": [[0, 4, 0, 0, 0, 0, 0], [0, 0, 0, 0, 0, 0, 0], [0, 0, 0, 0, 0, 0, 0], [0, 0, 0, 0, 0, 0, 0], [0, 0, 0, 0, 0, 0, 0], [0, 0, 0, 0, 0, 0, 0]], "output": [[0, 4, 0, 0, 0, 0, 0], [4, 0, 4, 0, 0, 0, 0], [0, 4, 0, 0, 0, 0, 0], [4, 0, 4, 0, 0, 0, 0], [0, 4, 0, 0, 0, 0, 0], [4, 0, 4, 0, 0, 0, 0]]}, {"input": [[0, 2, 0, 0, 0, 8, 0, 0, 0, 0], [0, 0, 0, 0, 0, 0, 0, 0, 0, 0], [0, 0, 0, 0, 0, 0, 0, 0, 0, 0], [0, 0, 0, 0, 0, 0, 0, 0, 0, 0], [0, 0, 0, 0, 0, 0, 0, 0, 0, 0], [0, 0, 0, 0, 0, 0, 0, 0, 0, 0]], "output": [[0, 2, 0, 0, 0, 8, 0, 0, 0, 0], [2, 0, 2, 0, 8, 0, 8, 0, 0, 0], [0, 2, 0, 0, 0, 8, 0, 0, 0, 0], [2, 0, 2, 0, 8, 0, 8, 0, 0, 0], [0, 2, 0, 0, 0, 8, 0, 0, 0, 0], [2, 0, 2, 0, 8, 0, 8, 0, 0, 0]]}], "test": [{"input": [[0, 0, 3, 0, 0, 0, 6, 0, 0, 7, 0, 0], [0, 0, 0, 0, 0, 0, 0, 0, 0, 0, 0, 0], [0, 0, 0, 0, 0, 0, 0, 0, 0, 0, 0, 0], [0, 0, 0, 0, 0, 0, 0, 0, 0, 0, 0, 0], [0, 0, 0, 0, 0, 0, 0, 0, 0, 0, 0, 0], [0, 0, 0, 0, 0, 0, 0, 0, 0, 0, 0, 0]], "output": [[0, 0, 3, 0, 0, 0, 6, 0, 0, 7, 0, 0], [0, 3, 0, 3, 0, 6, 0, 6, 7, 0, 7, 0], [0, 0, 3, 0, 0, 0, 6, 0, 0, 7, 0, 0], [0, 3, 0, 3, 0, 6, 0, 6, 7, 0, 7, 0], [0, 0, 3, 0, 0, 0, 6, 0, 0, 7, 0, 0], [0, 3, 0, 3, 0, 6, 0, 6, 7, 0, 7, 0]]}]}