{"train": [{"input": [[0, 0, 0, 0, 0, 0, 0, 0, 0, 0, 0, 0, 0, 0], [0, 0, 0, 0, 0, 0, 0, 0, 0, 0, 0, 0, 0, 0], [0, 0, 0, 0, 0, 0, 0, 0, 0, 0, 0, 0, 0, 0], [0, 0, 0, 0, 0, 0, 0, 0, 0, 0, 0, 0, 0, 0], [0, 0, 0, 0, 0, 0, 0, 0, 0, 0, 0, 0, 0, 0], [0, 0, 0, 0, 0, 0, 0, 0, 0, 3, 0, 0, 0, 0], [0, 0, 0, 0, 0, 0, 0, 0, 0, 0, 0, 0, 0, 0], [0, 0, 0, 0, 0, 0, 0, 0, 0, 0, 0, 0, 0, 0], [0, 0, 0, 0, 0, 0, 0, 0, 0, 0, 0, 0, 0, 0], [0, 0, 0, 0, 0, 0, 0, 0, 0, 0, 0, 0, 0, 0], [0, 0, 0, 4, 0, 0, 0, 0, 0, 0, 0, 0, 0, 0], [0, 0, 0, 0, 0, 0, 0, 0, 0, 0, 0, 0, 0, 0], [0, 0, 0, 0, 0, 0, 0, 0, 0, 0, 0, 0, 0, 0], [0, 0, 0, 0, 0, 0, 0, 0, 0, 0, 0, 0, 0, 0]], "output": [[0, 0, 0, 4, 0, 0, 0, 0, 0, 3, 0, 0, 0, 0], [0, 0, 0, 4, 0, 0, 0, 0, 0, 3, 0, 0, 0, 0], [0, 0, 0, 4, 0, 0, 0, 0, 0, 3, 0, 0, 0, 0], [0, 0, 0, 4, 0, 0, 0, 0, 0, 3, 0, 0, 0, 0], [0, 0, 0, 4, 0, 0, 0, 0, 0, 3, 0, 0, 0, 0], [3, 3, 3, 2, 3, 3, 3, 3, 3, 3, 3, 3, 3, 3], [0, 0, 0, 4, 0, 0, 0, 0, 0, 3, 0, 0, 0, 0], [0, 0, 0, 4, 0, 0, 0, 0, 0, 3, 0, 0, 0, 0], [0, 0, 0, 4, 0, 0, 0, 0, 0, 3, 0, 0, 0, 0], [0, 0, 0, 4, 0, 0, 0, 0, 0, 3, 0, 0, 0, 0], [4, 4, 4, 4, 4, 4, 4, 4, 4, 2, 4, 4, 4, 4], [0, 0, 0, 4, 0, 0, 0, 0, 0, 3, 0, 0, 0, 0], [0, 0, 0, 4, 0, 0, 0, 0, 0, 3, 0, 0, 0, 0], [0, 0, 0, 4, 0, 0, 0, 0, 0, 3, 0, 0, 0, 0]]}, {"input": [[0, 0, 0, 0, 0, 0, 0, 0, 0, 0, 0, 0, 0, 0, 0, 0], [0, 0, 0, 0, 0, 0, 0, 0, 0, 0, 0, 0, 0, 0, 0, 0], [0, 0, 0, 0, 8, 0, 0, 0, 0, 0, 0, 0, 0, 0, 0, 0], [0, 0, 0, 0, 0, 0, 0, 0, 0, 0, 0, 0, 0, 0, 0, 0], [0, 0, 0, 0, 0, 0, 0, 0, 0, 0, 0, 0, 0, 0, 0, 0], [0, 0, 0, 0, 0, 0, 0, 0, 0, 0, 0, 0, 0, 0, 0, 0], [0, 0, 0, 0, 0, 0, 0, 0, 0, 0, 0, 0, 0, 0, 0, 0], [0, 0, 0, 0, 0, 0, 0, 0, 0, 0, 0, 0, 0, 0, 0, 0], [0, 0, 0, 0, 0, 0, 0, 0, 0, 0, 0, 0, 0, 0, 0, 0], [0, 0, 0, 0, 0, 0, 0, 0, 0, 0, 5, 0, 0, 0, 0, 0], [0, 0, 0, 0, 0, 0, 0, 0, 0, 0, 0, 0, 0, 0, 0, 0], [0, 0, 0, 0, 0, 0, 0, 0, 0, 0, 0, 0, 0, 0, 0, 0], [0, 0, 0, 0, 0, 0, 0, 0, 0, 0, 0, 0, 0, 0, 0, 0], [0, 0, 0, 0, 0, 0, 0, 0, 0, 0, 0, 0, 0, 0, 0, 0], [0, 0, 0, 0, 0, 0, 0, 0, 0, 0, 0, 0, 0, 0, 0, 0], [0, 0, 0, 0, 0, 0, 0, 0, 0, 0, 0, 0, 0, 0, 0, 0]], "output": [[0, 0, 0, 0, 8, 0, 0, 0, 0, 0, 5, 0, 0, 0, 0, 0], [0, 0, 0, 0, 8, 0, 0, 0, 0, 0, 5, 0, 0, 0, 0, 0], [8, 8, 8, 8, 8, 8, 8, 8, 8, 8, 2, 8, 8, 8, 8, 8], [0, 0, 0, 0, 8, 0, 0, 0, 0, 0, 5, 0, 0, 0, 0, 0], [0, 0, 0, 0, 8, 0, 0, 0, 0, 0, 5, 0, 0, 0, 0, 0], [0, 0, 0, 0, 8, 0, 0, 0, 0, 0, 5, 0, 0, 0, 0, 0], [0, 0, 0, 0, 8, 0, 0, 0, 0, 0, 5, 0, 0, 0, 0, 0], [0, 0, 0, 0, 8, 0, 0, 0, 0, 0, 5, 0, 0, 0, 0, 0], [0, 0, 0, 0, 8, 0, 0, 0, 0, 0, 5, 0, 0, 0, 0, 0], [5, 5, 5, 5, 2, 5, 5, 5, 5, 5, 5, 5, 5, 5, 5, 5], [0, 0, 0, 0, 8, 0, 0, 0, 0, 0, 5, 0, 0, 0, 0, 0], [0, 0, 0, 0, 8, 0, 0, 0, 0, 0, 5, 0, 0, 0, 0, 0], [0, 0, 0, 0, 8, 0, 0, 0, 0, 0, 5, 0, 0, 0, 0, 0], [0, 0, 0, 0, 8, 0, 0, 0, 0, 0, 5, 0, 0, 0, 0, 0], [0, 0, 0, 0, 8, 0, 0, 0, 0, 0, 5, 0, 0, 0, 0, 0], [0, 0, 0, 0, 8, 0, 0, 0, 0, 0, 5, 0, 0, 0, 0, 0]]}, {"input": [[0, 0, 0, 0, 0, 0, 0, 0, 0, 0, 0, 0, 0], [0, 0, 0, 0, 0, 0, 0, 0, 0, 0, 0, 0, 0], [0, 0, 0, 0, 0, 0, 0, 0, 0, 0, 0, 3, 0], [0, 0, 0, 0, 0, 0, 0, 0, 0, 0, 0, 0, 0], [0, 0, 5, 0, 0, 0, 0, 0, 0, 0, 0, 0, 0], [0, 0, 0, 0, 0, 0, 0, 0, 0, 0, 0, 0, 0], [0, 0, 0, 0, 0, 0, 0, 0, 0, 0, 0, 0, 0], [0, 0, 0, 0, 0, 0, 0, 0, 0, 0, 0, 0, 0], [0, 0, 0, 0, 0, 0, 0, 0, 0, 0, 0, 0, 0], [0, 0, 0, 0, 0, 0, 0, 0, 0, 0, 0, 0, 0], [0, 0, 0, 0, 0, 0, 0, 0, 0, 0, 0, 0, 0], [0, 0, 0, 0, 0, 0, 0, 7, 0, 0, 0, 0, 0], [0, 0, 0, 0, 0, 0, 0, 0, 0, 0, 0, 0, 0]], "output": [[0, 0, 5, 0, 0, 0, 0, 7, 0, 0, 0, 3, 0], [0, 0, 5, 0, 0, 0, 0, 7, 0, 0, 0, 3, 0], [3, 3, 2, 3, 3, 3, 3, 2, 3, 3, 3, 3, 3], [0, 0, 5, 0, 0, 0, 0, 7, 0, 0, 0, 3, 0], [5, 5, 5, 5, 5, 5, 5, 2, 5, 5, 5, 2, 5], [0, 0, 5, 0, 0, 0, 0, 7, 0, 0, 0, 3, 0], [0, 0, 5, 0, 0, 0, 0, 7, 0, 0, 0, 3, 0], [0, 0, 5, 0, 0, 0, 0, 7, 0, 0, 0, 3, 0], [0, 0, 5, 0, 0, 0, 0, 7, 0, 0, 0, 3, 0], [0, 0, 5, 0, 0, 0, 0, 7, 0, 0, 0, 3, 0], [0, 0, 5, 0, 0, 0, 0, 7, 0, 0, 0, 3, 0], [7, 7, 2, 7, 7, 7, 7, 7, 7, 7, 7, 2, 7], [0, 0, 5, 0, 0, 0, 0, 7, 0, 0, 0, 3, 0]]}], "test": [{"input": [[0, 0, 0, 0, 0, 0, 0, 0, 0, 0, 0, 0, 0, 0, 0], [0, 0, 0, 0, 0, 0, 0, 0, 0, 0, 0, 0, 0, 0, 0], [0, 0, 0, 8, 0, 0, 0, 0, 0, 0, 0, 0, 0, 0, 0], [0, 0, 0, 0, 0, 0, 0, 0, 0, 0, 0, 0, 0, 0, 0], [0, 0, 0, 0, 0, 0, 0, 0, 0, 0, 0, 0, 0, 0, 0], [0, 0, 0, 0, 0, 0, 0, 0, 0, 0, 0, 0, 0, 0, 0], [0, 0, 0, 0, 0, 0, 0, 0, 0, 0, 4, 0, 0, 0, 0], [0, 0, 0, 0, 0, 0, 0, 0, 0, 0, 0, 0, 0, 0, 0], [0, 0, 0, 0, 0, 0, 0, 0, 0, 0, 0, 0, 0, 0, 0], [0, 0, 0, 0, 0, 0, 0, 0, 0, 0, 0, 0, 0, 0, 0], [0, 0, 0, 0, 0, 0, 0, 0, 0, 0, 0, 0, 0, 0, 0], [0, 0, 0, 0, 0, 0, 0, 0, 0, 0, 0, 0, 0, 0, 0], [0, 0, 0, 0, 0, 0, 1, 0, 0, 0, 0, 0, 0, 0, 0], [0, 0, 0, 0, 0, 0, 0, 0, 0, 0, 0, 0, 0, 0, 0], [0, 0, 0, 0, 0, 0, 0, 0, 0, 0, 0, 0, 0, 0, 0]], "output": [[0, 0, 0, 8, 0, 0, 1, 0, 0, 0, 4, 0, 0, 0, 0], [0, 0, 0, 8, 0, 0, 1, 0, 0, 0, 4, 0, 0, 0, 0], [8, 8, 8, 8, 8, 8, 2, 8, 8, 8, 2, 8, 8, 8, 8], [0, 0, 0, 8, 0, 0, 1, 0, 0, 0, 4, 0, 0, 0, 0], [0, 0, 0, 8, 0, 0, 1, 0, 0, 0, 4, 0, 0, 0, 0], [0, 0, 0, 8, 0, 0, 1, 0, 0, 0, 4, 0, 0, 0, 0], [4, 4, 4, 2, 4, 4, 2, 4, 4, 4, 4, 4, 4, 4, 4], [0, 0, 0, 8, 0, 0, 1, 0, 0, 0, 4, 0, 0, 0, 0], [0, 0, 0, 8, 0, 0, 1, 0, 0, 0, 4, 0, 0, 0, 0], [0, 0, 0, 8, 0, 0, 1, 0, 0, 0, 4, 0, 0, 0, 0], [0, 0, 0, 8, 0, 0, 1, 0, 0, 0, 4, 0, 0, 0, 0], [0, 0, 0, 8, 0, 0, 1, 0, 0, 0, 4, 0, 0, 0, 0], [1, 1, 1, 2, 1, 1, 1, 1, 1, 1, 2, 1, 1, 1, 1], [0, 0, 0, 8, 0, 0, 1, 0, 0, 0, 4, 0, 0, 0, 0], [0, 0, 0, 8, 0, 0, 1, 0, 0, 0, 4, 0, 0, 0, 0]]}]}