{"train": [{"input": [[9, 9, 7, 7, 7, 7, 7, 7, 7, 7], [9, 8, 7, 7, 7, 8, 1, 1, 7, 7], [7, 7, 7, 7, 7, 1, 1, 1, 7, 7], [7, 7, 7, 7, 7, 1, 1, 1, 7, 7], [7, 7, 7, 7, 7, 1, 1, 1, 7, 7], [7, 7, 7, 7, 7, 7, 7, 7, 7, 7], [7, 5, 5, 5, 5, 8, 7, 7, 7, 7], [7, 5, 5, 5, 5, 5, 7, 7, 7, 7], [7, 5, 5, 5, 5, 5, 7, 7, 7, 7], [7, 5, 5, 5, 5, 5, 7, 7, 7, 7]], "output": [[7, 7, 7, 7, 1, 1, 1, 7, 7, 7], [7, 9, 9, 7, 1, 1, 1, 7, 7, 7], [7, 9, 9, 7, 1, 1, 1, 7, 7, 7], [7, 7, 7, 7, 1, 1, 1, 7, 7, 7], [7, 7, 7, 7, 7, 7, 7, 7, 7, 7], [7, 7, 5, 5, 5, 5, 5, 7, 7, 7], [7, 7, 5, 5, 5, 5, 5, 7, 7, 7], [7, 7, 5, 5, 5, 5, 5, 7, 7, 7], [7, 7, 5, 5, 5, 5, 5, 7, 7, 7], [7, 7, 7, 7, 7, 7, 7, 7, 7, 7]]}, {"input": [[7, 7, 7, 7, 7, 7, 7, 7, 7, 7], [7, 2, 2, 2, 2, 8, 7, 7, 7, 7], [7, 2, 2, 2, 2, 2, 7, 7, 7, 7], [7, 2, 2, 2, 2, 2, 7, 7, 7, 7], [7, 2, 2, 2, 2, 2, 7, 7, 7, 7], [7, 2, 2, 2, 2, 2, 7, 7, 7, 7], [7, 7, 7, 7, 7, 7, 7, 7, 7, 7], [7, 7, 7, 7, 7, 8, 6, 6, 6, 7], [7, 7, 7, 7, 7, 6, 6, 6, 6, 7], [7, 7, 7, 7, 7, 7, 7, 7, 7, 7]], "output": [[7, 7, 2, 2, 2, 2, 2, 7, 7, 7], [7, 7, 2, 2, 2, 2, 2, 7, 7, 7], [7, 7, 2, 2, 2, 2, 2, 7, 7, 7], [7, 7, 2, 2, 2, 2, 2, 7, 7, 7], [7, 7, 2, 2, 2, 2, 2, 7, 7, 7], [7, 7, 7, 7, 7, 7, 7, 7, 7, 7], [7, 7, 7, 7, 6, 6, 6, 6, 7, 7], [7, 7, 7, 7, 6, 6, 6, 6, 7, 7], [7, 7, 7, 7, 7, 7, 7, 7, 7, 7], [7, 7, 7, 7, 7, 7, 7, 7, 7, 7]]}, {"input": [[7, 7, 7, 7, 7, 7, 7, 7, 7, 7, 7], [7, 7, 7, 7, 7, 7, 7, 7, 7, 7, 7], [7, 7, 7, 7, 7, 7, 7, 9, 9, 9, 7], [2, 2, 2, 2, 7, 7, 7, 9, 9, 9, 7], [2, 2, 2, 2, 7, 7, 7, 9, 9, 9, 7], [2, 2, 2, 2, 7, 7, 7, 9, 9, 8, 7], [2, 2, 2, 8, 7, 7, 7, 7, 3, 3, 3], [7, 7, 7, 7, 7, 7, 7, 7, 3, 3, 3], [7, 7, 7, 7, 7, 7, 7, 7, 8, 3, 3], [7, 7, 7, 7, 7, 7, 7, 7, 7, 7, 7], [7, 7, 7, 7, 7, 7, 7, 7, 7, 7, 7]], "output": [[7, 7, 7, 7, 7, 7, 7, 7, 7, 7, 7], [7, 7, 7, 7, 7, 7, 7, 7, 7, 7, 7], [7, 7, 7, 7, 7, 7, 7, 7, 7, 7, 7], [7, 7, 7, 7, 7, 7, 7, 7, 9, 9, 9], [7, 2, 2, 2, 2, 7, 7, 7, 9, 9, 9], [7, 2, 2, 2, 2, 7, 7, 7, 9, 9, 9], [7, 2, 2, 2, 2, 7, 7, 7, 9, 9, 9], [7, 2, 2, 2, 2, 7, 7, 3, 3, 3, 7], [7, 7, 7, 7, 7, 7, 7, 3, 3, 3, 7], [7, 7, 7, 7, 7, 7, 7, 3, 3, 3, 7], [7, 7, 7, 7, 7, 7, 7, 7, 7, 7, 7]]}], "test": [{"input": [[9, 9, 9, 7, 7, 7, 7, 7, 3, 3, 3], [9, 9, 9, 7, 7, 7, 7, 7, 3, 3, 3], [9, 9, 9, 7, 7, 7, 7, 7, 8, 3, 3], [9, 9, 9, 7, 4, 8, 7, 7, 7, 7, 7], [9, 9, 8, 7, 4, 4, 7, 7, 7, 7, 7], [7, 7, 7, 7, 4, 4, 7, 7, 7, 7, 7], [7, 7, 7, 7, 4, 4, 2, 2, 7, 7, 7], [7, 7, 7, 7, 7, 7, 2, 8, 7, 7, 7], [7, 7, 7, 7, 7, 7, 7, 7, 7, 7, 7], [7, 7, 7, 7, 7, 7, 7, 7, 7, 7, 7], [7, 7, 7, 7, 7, 7, 7, 7, 7, 7, 7]], "output": [[7, 7, 7, 7, 7, 7, 7, 7, 7, 7, 7], [7, 9, 9, 9, 7, 7, 7, 3, 3, 3, 7], [7, 9, 9, 9, 7, 4, 4, 3, 3, 3, 7], [7, 9, 9, 9, 7, 4, 4, 3, 3, 3, 7], [7, 9, 9, 9, 7, 4, 4, 7, 7, 7, 7], [7, 9, 9, 9, 7, 4, 4, 7, 7, 7, 7], [7, 7, 7, 7, 7, 7, 7, 7, 7, 7, 7], [7, 7, 7, 7, 7, 7, 7, 2, 2, 7, 7], [7, 7, 7, 7, 7, 7, 7, 2, 2, 7, 7], [7, 7, 7, 7, 7, 7, 7, 7, 7, 7, 7], [7, 7, 7, 7, 7, 7, 7, 7, 7, 7, 7]]}]}