{"train": [{"input": [[8, 8, 8, 8, 8, 8, 8, 8], [8, 8, 8, 8, 8, 8, 8, 8], [8, 8, 8, 8, 8, 8, 8, 8], [8, 8, 4, 8, 8, 8, 8, 8], [8, 8, 8, 8, 8, 8, 8, 8], [8, 8, 8, 8, 8, 8, 8, 8]], "output": [[8, 8, 8, 8, 8, 8, 8, 8], [8, 8, 8, 8, 8, 8, 8, 8], [8, 8, 8, 8, 8, 8, 8, 8], [4, 4, 4, 8, 8, 8, 8, 8], [4, 4, 4, 8, 8, 8, 8, 8], [4, 4, 4, 8, 8, 8, 8, 8]]}, {"input": [[8, 8, 8, 8, 8, 8], [8, 8, 8, 8, 8, 8], [8, 8, 8, 8, 9, 8], [8, 8, 8, 8, 8, 8], [8, 8, 8, 8, 8, 8], [8, 8, 8, 8, 8, 8]], "output": [[8, 8, 8, 8, 9, 9], [8, 8, 8, 8, 9, 9], [8, 8, 8, 8, 9, 9], [8, 8, 8, 8, 8, 8], [8, 8, 8, 8, 8, 8], [8, 8, 8, 8, 8, 8]]}, {"input": [[8, 8, 8, 8, 8, 8, 8, 8], [8, 8, 8, 8, 8, 8, 8, 8], [8, 8, 8, 8, 8, 8, 8, 8], [8, 8, 8, 8, 8, 8, 8, 8], [8, 8, 6, 8, 8, 8, 8, 8], [8, 8, 8, 8, 8, 8, 8, 8], [8, 8, 8, 8, 8, 8, 8, 8], [8, 8, 8, 8, 8, 8, 8, 8], [8, 8, 8, 8, 8, 8, 8, 8], [8, 8, 8, 8, 8, 8, 8, 8]], "output": [[6, 6, 6, 8, 8, 8, 8, 8], [6, 6, 6, 8, 8, 8, 8, 8], [6, 6, 6, 8, 8, 8, 8, 8], [6, 6, 6, 8, 8, 8, 8, 8], [6, 6, 6, 8, 8, 8, 8, 8], [8, 8, 8, 8, 8, 8, 8, 8], [8, 8, 8, 8, 8, 8, 8, 8], [8, 8, 8, 8, 8, 8, 8, 8], [8, 8, 8, 8, 8, 8, 8, 8], [8, 8, 8, 8, 8, 8, 8, 8]]}, {"input": [[8, 8, 6, 8], [8, 8, 8, 8], [8, 8, 8, 8], [8, 8, 8, 8]], "output": [[8, 8, 6, 6], [8, 8, 8, 8], [8, 8, 8, 8], [8, 8, 8, 8]]}], "test": [{"input": [[8, 8, 8, 8, 8, 8, 8, 8, 8, 8], [8, 8, 8, 8, 8, 8, 8, 8, 8, 8], [8, 8, 8, 8, 8, 8, 8, 8, 8, 8], [8, 8, 8, 8, 8, 8, 8, 8, 8, 8], [8, 8, 8, 8, 8, 8, 8, 8, 8, 8], [8, 8, 8, 8, 8, 8, 8, 8, 8, 8], [8, 8, 8, 8, 8, 8, 8, 8, 8, 8], [8, 8, 8, 8, 8, 8, 8, 8, 4, 8], [8, 8, 8, 8, 8, 8, 8, 8, 8, 8], [8, 8, 8, 8, 8, 8, 8, 8, 8, 8]], "output": [[8, 8, 8, 8, 8, 8, 8, 8, 8, 8], [8, 8, 8, 8, 8, 8, 8, 8, 8, 8], [8, 8, 8, 8, 8, 8, 8, 8, 8, 8], [8, 8, 8, 8, 8, 8, 8, 8, 8, 8], [8, 8, 8, 8, 8, 8, 8, 8, 8, 8], [8, 8, 8, 8, 8, 8, 8, 8, 8, 8], [8, 8, 8, 8, 8, 8, 8, 8, 8, 8], [8, 8, 8, 8, 8, 8, 8, 8, 4, 4], [8, 8, 8, 8, 8, 8, 8, 8, 4, 4], [8, 8, 8, 8, 8, 8, 8, 8, 4, 4]]}]}