{"train": [{"input": [[1, 1, 4, 6, 0], [1, 1, 4, 6, 0], [4, 4, 4, 6, 0], [6, 6, 6, 6, 0], [0, 0, 0, 0, 0]], "output": [[1, 1, 4, 6, 1, 1, 4, 6, 1, 1], [1, 1, 4, 6, 1, 1, 4, 6, 1, 1], [4, 4, 4, 6, 1, 1, 4, 6, 1, 1], [6, 6, 6, 6, 1, 1, 4, 6, 1, 1], [1, 1, 1, 1, 1, 1, 4, 6, 1, 1], [1, 1, 1, 1, 1, 1, 4, 6, 1, 1], [4, 4, 4, 4, 4, 4, 4, 6, 1, 1], [6, 6, 6, 6, 6, 6, 6, 6, 1, 1], [1, 1, 1, 1, 1, 1, 1, 1, 1, 1], [1, 1, 1, 1, 1, 1, 1, 1, 1, 1]]}, {"input": [[2, 2, 2, 3, 0], [2, 2, 2, 3, 0], [2, 2, 2, 3, 0], [3, 3, 3, 3, 0], [0, 0, 0, 0, 0]], "output": [[2, 2, 2, 3, 2, 2, 2, 3, 2, 2], [2, 2, 2, 3, 2, 2, 2, 3, 2, 2], [2, 2, 2, 3, 2, 2, 2, 3, 2, 2], [3, 3, 3, 3, 2, 2, 2, 3, 2, 2], [2, 2, 2, 2, 2, 2, 2, 3, 2, 2], [2, 2, 2, 2, 2, 2, 2, 3, 2, 2], [2, 2, 2, 2, 2, 2, 2, 3, 2, 2], [3, 3, 3, 3, 3, 3, 3, 3, 2, 2], [2, 2, 2, 2, 2, 2, 2, 2, 2, 2], [2, 2, 2, 2, 2, 2, 2, 2, 2, 2]]}, {"input": [[2, 3, 4, 1, 6], [3, 3, 4, 1, 6], [4, 4, 4, 1, 6], [1, 1, 1, 1, 6], [6, 6, 6, 6, 6]], "output": [[2, 3, 4, 1, 6, 2, 3, 4, 1, 6], [3, 3, 4, 1, 6, 2, 3, 4, 1, 6], [4, 4, 4, 1, 6, 2, 3, 4, 1, 6], [1, 1, 1, 1, 6, 2, 3, 4, 1, 6], [6, 6, 6, 6, 6, 2, 3, 4, 1, 6], [2, 2, 2, 2, 2, 2, 3, 4, 1, 6], [3, 3, 3, 3, 3, 3, 3, 4, 1, 6], [4, 4, 4, 4, 4, 4, 4, 4, 1, 6], [1, 1, 1, 1, 1, 1, 1, 1, 1, 6], [6, 6, 6, 6, 6, 6, 6, 6, 6, 6]]}], "test": [{"input": [[7, 7, 3, 2, 2], [7, 7, 3, 2, 2], [3, 3, 3, 2, 2], [2, 2, 2, 2, 2], [2, 2, 2, 2, 2]], "output": [[7, 7, 3, 2, 2, 7, 7, 3, 2, 2], [7, 7, 3, 2, 2, 7, 7, 3, 2, 2], [3, 3, 3, 2, 2, 7, 7, 3, 2, 2], [2, 2, 2, 2, 2, 7, 7, 3, 2, 2], [2, 2, 2, 2, 2, 7, 7, 3, 2, 2], [7, 7, 7, 7, 7, 7, 7, 3, 2, 2], [7, 7, 7, 7, 7, 7, 7, 3, 2, 2], [3, 3, 3, 3, 3, 3, 3, 3, 2, 2], [2, 2, 2, 2, 2, 2, 2, 2, 2, 2], [2, 2, 2, 2, 2, 2, 2, 2, 2, 2]]}]}