{"train": [{"input": [[7, 7, 7, 7, 7, 7], [7, 7, 7, 4, 4, 7], [7, 7, 7, 4, 4, 7], [6, 7, 7, 7, 7, 7], [6, 6, 7, 7, 7, 7], [7, 7, 7, 7, 7, 7]], "output": [[4, 4, 4], [4, 6, 4], [4, 4, 4]]}, {"input": [[7, 7, 7, 7, 7, 7, 8, 7, 7], [7, 7, 7, 7, 7, 7, 8, 7, 7], [7, 5, 5, 7, 7, 8, 8, 8, 7], [7, 5, 5, 7, 7, 7, 7, 7, 7], [7, 7, 7, 7, 7, 7, 7, 7, 7], [7, 7, 7, 1, 1, 1, 7, 7, 7], [7, 7, 7, 1, 7, 1, 7, 7, 7], [7, 7, 7, 1, 1, 1, 7, 7, 7], [7, 7, 7, 7, 7, 7, 7, 7, 7]], "output": [[1, 1, 1, 1, 1], [1, 8, 8, 8, 1], [1, 8, 5, 8, 1], [1, 8, 8, 8, 1], [1, 1, 1, 1, 1]]}, {"input": [[7, 7, 7, 7, 7, 7, 7], [7, 8, 8, 8, 7, 3, 3], [7, 8, 7, 8, 7, 7, 7], [7, 8, 8, 8, 7, 7, 7], [7, 7, 7, 7, 7, 9, 7], [0, 0, 7, 7, 7, 7, 7], [0, 0, 7, 7, 7, 7, 7]], "output": [[8, 8, 8, 8, 8, 8, 8], [8, 0, 0, 0, 0, 0, 8], [8, 0, 3, 3, 3, 0, 8], [8, 0, 3, 9, 3, 0, 8], [8, 0, 3, 3, 3, 0, 8], [8, 0, 0, 0, 0, 0, 8], [8, 8, 8, 8, 8, 8, 8]]}], "test": [{"input": [[7, 7, 9, 7, 7, 2, 2, 2], [7, 7, 9, 7, 7, 2, 7, 2], [5, 7, 7, 7, 7, 7, 7, 7], [5, 5, 7, 8, 7, 7, 7, 7], [5, 7, 7, 7, 7, 0, 7, 7], [7, 7, 1, 7, 7, 0, 0, 7], [7, 1, 1, 1, 7, 7, 0, 0], [1, 1, 1, 1, 1, 7, 7, 0]], "output": [[1, 1, 1, 1, 1, 1, 1, 1, 1, 1, 1], [1, 0, 0, 0, 0, 0, 0, 0, 0, 0, 1], [1, 0, 2, 2, 2, 2, 2, 2, 2, 0, 1], [1, 0, 2, 5, 5, 5, 5, 5, 2, 0, 1], [1, 0, 2, 5, 9, 9, 9, 5, 2, 0, 1], [1, 0, 2, 5, 9, 8, 9, 5, 2, 0, 1], [1, 0, 2, 5, 9, 9, 9, 5, 2, 0, 1], [1, 0, 2, 5, 5, 5, 5, 5, 2, 0, 1], [1, 0, 2, 2, 2, 2, 2, 2, 2, 0, 1], [1, 0, 0, 0, 0, 0, 0, 0, 0, 0, 1], [1, 1, 1, 1, 1, 1, 1, 1, 1, 1, 1]]}]}