{"train": [{"input": [[0, 3, 0, 0, 0, 0], [0, 3, 0, 2, 0, 0], [0, 0, 0, 2, 0, 0], [0, 8, 0, 0, 2, 2], [0, 0, 0, 0, 2, 2], [6, 6, 6, 0, 0, 0]], "output": [[0, 0, 0, 0, 3, 0], [0, 0, 0, 0, 3, 2], [0, 0, 0, 0, 0, 2], [0, 0, 0, 8, 2, 2], [0, 0, 0, 0, 2, 2], [0, 0, 0, 6, 6, 6]]}, {"input": [[0, 0, 0, 0, 0, 0, 0, 0, 0, 0, 0, 0, 0], [0, 0, 2, 2, 0, 0, 0, 0, 0, 0, 0, 0, 0], [0, 0, 0, 2, 0, 0, 0, 5, 5, 0, 0, 0, 0], [0, 0, 0, 0, 0, 0, 0, 5, 5, 0, 0, 0, 0], [0, 0, 0, 0, 3, 3, 0, 0, 0, 0, 0, 0, 0], [0, 0, 0, 0, 3, 0, 0, 0, 0, 0, 0, 0, 0], [0, 0, 0, 0, 0, 0, 0, 0, 0, 0, 0, 0, 0], [0, 6, 6, 0, 0, 0, 8, 0, 0, 0, 0, 0, 0], [0, 0, 0, 0, 0, 0, 0, 0, 0, 0, 0, 0, 0], [0, 0, 0, 0, 0, 0, 0, 0, 0, 0, 0, 0, 0]], "output": [[0, 0, 0, 0, 0, 0, 0, 0, 0, 0, 0, 0, 0], [0, 0, 0, 0, 0, 0, 0, 0, 0, 2, 2, 0, 0], [0, 0, 0, 0, 0, 0, 0, 0, 0, 0, 2, 5, 5], [0, 0, 0, 0, 0, 0, 0, 0, 0, 0, 0, 5, 5], [0, 0, 0, 0, 0, 0, 0, 0, 0, 0, 0, 3, 3], [0, 0, 0, 0, 0, 0, 0, 0, 0, 0, 0, 3, 0], [0, 0, 0, 0, 0, 0, 0, 0, 0, 0, 0, 0, 0], [0, 0, 0, 0, 0, 0, 0, 0, 0, 0, 6, 6, 8], [0, 0, 0, 0, 0, 0, 0, 0, 0, 0, 0, 0, 0], [0, 0, 0, 0, 0, 0, 0, 0, 0, 0, 0, 0, 0]]}, {"input": [[0, 2, 2, 0, 0, 0], [6, 0, 2, 0, 0, 0], [6, 0, 0, 0, 0, 0], [0, 0, 8, 0, 3, 0], [0, 0, 0, 0, 3, 0], [8, 0, 0, 0, 0, 0]], "output": [[0, 0, 0, 0, 2, 2], [0, 0, 0, 0, 6, 2], [0, 0, 0, 0, 6, 0], [0, 0, 0, 0, 8, 3], [0, 0, 0, 0, 0, 3], [0, 0, 0, 0, 0, 8]]}], "test": [{"input": [[0, 0, 0, 8, 0, 2, 0, 0, 0, 0], [0, 0, 0, 0, 0, 2, 2, 0, 0, 0], [2, 0, 3, 3, 3, 0, 0, 0, 0, 0], [2, 0, 0, 0, 4, 0, 4, 0, 0, 0], [0, 0, 0, 0, 4, 4, 4, 0, 0, 0], [0, 0, 0, 8, 0, 0, 0, 0, 0, 0], [0, 0, 0, 0, 0, 0, 6, 0, 0, 0], [0, 8, 0, 0, 0, 0, 6, 0, 0, 0], [0, 0, 0, 5, 5, 0, 0, 0, 0, 0], [0, 0, 0, 0, 0, 8, 0, 0, 0, 0]], "output": [[0, 0, 0, 0, 0, 0, 0, 8, 2, 0], [0, 0, 0, 0, 0, 0, 0, 0, 2, 2], [0, 0, 0, 0, 0, 0, 2, 3, 3, 3], [0, 0, 0, 0, 0, 0, 2, 4, 0, 4], [0, 0, 0, 0, 0, 0, 0, 4, 4, 4], [0, 0, 0, 0, 0, 0, 0, 0, 0, 8], [0, 0, 0, 0, 0, 0, 0, 0, 0, 6], [0, 0, 0, 0, 0, 0, 0, 0, 8, 6], [0, 0, 0, 0, 0, 0, 0, 0, 5, 5], [0, 0, 0, 0, 0, 0, 0, 0, 0, 8]]}]}