{"train": [{"input": [[0, 0, 8, 0], [0, 8, 5, 5], [0, 0, 0, 5], [0, 0, 0, 0]], "output": [[0, 0, 0, 0, 8, 8, 0, 0], [0, 0, 0, 0, 8, 8, 0, 0], [0, 0, 8, 8, 5, 5, 5, 5], [0, 0, 8, 8, 5, 5, 5, 5], [0, 0, 0, 0, 0, 0, 5, 5], [0, 0, 0, 0, 0, 0, 5, 5], [0, 0, 0, 0, 0, 0, 0, 0], [0, 0, 0, 0, 0, 0, 0, 0]]}, {"input": [[0, 3, 0], [0, 7, 7], [0, 0, 0]], "output": [[0, 0, 3, 3, 0, 0], [0, 0, 3, 3, 0, 0], [0, 0, 7, 7, 7, 7], [0, 0, 7, 7, 7, 7], [0, 0, 0, 0, 0, 0], [0, 0, 0, 0, 0, 0]]}], "test": [{"input": [[0, 0, 1, 0, 0], [0, 0, 1, 0, 0], [0, 6, 6, 6, 0], [0, 0, 1, 6, 0], [0, 0, 0, 0, 0]], "output": [[0, 0, 0, 0, 1, 1, 0, 0, 0, 0], [0, 0, 0, 0, 1, 1, 0, 0, 0, 0], [0, 0, 0, 0, 1, 1, 0, 0, 0, 0], [0, 0, 0, 0, 1, 1, 0, 0, 0, 0], [0, 0, 6, 6, 6, 6, 6, 6, 0, 0], [0, 0, 6, 6, 6, 6, 6, 6, 0, 0], [0, 0, 0, 0, 1, 1, 6, 6, 0, 0], [0, 0, 0, 0, 1, 1, 6, 6, 0, 0], [0, 0, 0, 0, 0, 0, 0, 0, 0, 0], [0, 0, 0, 0, 0, 0, 0, 0, 0, 0]]}]}