{"train": [{"input": [[0, 0, 0, 2, 0, 0, 0, 2, 0, 0, 0, 0, 0, 0, 0, 0], [0, 0, 0, 2, 0, 0, 0, 2, 0, 0, 0, 0, 0, 0, 0, 0], [0, 0, 0, 2, 2, 2, 2, 2, 0, 0, 0, 0, 0, 0, 0, 0], [0, 0, 0, 2, 0, 0, 0, 2, 0, 0, 0, 0, 0, 0, 0, 0], [0, 0, 0, 2, 0, 0, 0, 2, 0, 0, 0, 0, 0, 0, 0, 0], [2, 2, 2, 2, 2, 2, 2, 2, 0, 0, 0, 0, 0, 0, 0, 0], [0, 0, 0, 0, 0, 0, 0, 2, 0, 0, 0, 0, 0, 0, 0, 0], [0, 0, 0, 0, 0, 0, 0, 2, 2, 2, 2, 2, 2, 2, 2, 2], [0, 0, 0, 0, 0, 0, 0, 2, 0, 0, 2, 0, 0, 0, 0, 0], [0, 0, 0, 0, 0, 0, 0, 2, 0, 0, 2, 0, 0, 0, 0, 0], [0, 0, 0, 0, 0, 0, 0, 2, 0, 0, 2, 0, 0, 0, 0, 0]], "output": [[0, 0, 0, 2, 8, 8, 8, 2, 1, 1, 1, 1, 1, 1, 1, 1], [0, 0, 0, 2, 8, 8, 8, 2, 1, 1, 1, 1, 1, 1, 1, 1], [0, 0, 0, 2, 2, 2, 2, 2, 1, 1, 1, 1, 1, 1, 1, 1], [0, 0, 0, 2, 8, 8, 8, 2, 1, 1, 1, 1, 1, 1, 1, 1], [0, 0, 0, 2, 8, 8, 8, 2, 1, 1, 1, 1, 1, 1, 1, 1], [2, 2, 2, 2, 2, 2, 2, 2, 1, 1, 1, 1, 1, 1, 1, 1], [0, 0, 0, 0, 0, 0, 0, 2, 1, 1, 1, 1, 1, 1, 1, 1], [0, 0, 0, 0, 0, 0, 0, 2, 2, 2, 2, 2, 2, 2, 2, 2], [0, 0, 0, 0, 0, 0, 0, 2, 8, 8, 2, 0, 0, 0, 0, 0], [0, 0, 0, 0, 0, 0, 0, 2, 8, 8, 2, 0, 0, 0, 0, 0], [0, 0, 0, 0, 0, 0, 0, 2, 8, 8, 2, 0, 0, 0, 0, 0]]}, {"input": [[0, 0, 0, 0, 2, 0, 0, 0, 0, 0, 0, 0, 0], [0, 0, 0, 0, 2, 2, 2, 2, 2, 2, 2, 2, 2], [0, 0, 0, 0, 2, 0, 0, 0, 0, 0, 0, 0, 0], [0, 0, 0, 0, 2, 0, 0, 0, 0, 0, 0, 0, 0], [0, 0, 0, 0, 2, 0, 0, 0, 0, 0, 0, 0, 0], [2, 2, 2, 2, 2, 0, 0, 0, 0, 0, 0, 0, 0], [0, 0, 0, 0, 2, 0, 0, 0, 0, 0, 0, 0, 0], [0, 0, 0, 0, 2, 0, 0, 0, 0, 0, 0, 0, 0], [0, 0, 0, 0, 2, 0, 0, 0, 0, 0, 0, 0, 0], [0, 0, 0, 0, 2, 0, 0, 0, 0, 0, 0, 0, 0], [0, 0, 0, 0, 2, 0, 0, 0, 0, 0, 0, 0, 0]], "output": [[0, 0, 0, 0, 2, 8, 8, 8, 8, 8, 8, 8, 8], [0, 0, 0, 0, 2, 2, 2, 2, 2, 2, 2, 2, 2], [0, 0, 0, 0, 2, 1, 1, 1, 1, 1, 1, 1, 1], [0, 0, 0, 0, 2, 1, 1, 1, 1, 1, 1, 1, 1], [0, 0, 0, 0, 2, 1, 1, 1, 1, 1, 1, 1, 1], [2, 2, 2, 2, 2, 1, 1, 1, 1, 1, 1, 1, 1], [0, 0, 0, 0, 2, 1, 1, 1, 1, 1, 1, 1, 1], [0, 0, 0, 0, 2, 1, 1, 1, 1, 1, 1, 1, 1], [0, 0, 0, 0, 2, 1, 1, 1, 1, 1, 1, 1, 1], [0, 0, 0, 0, 2, 1, 1, 1, 1, 1, 1, 1, 1], [0, 0, 0, 0, 2, 1, 1, 1, 1, 1, 1, 1, 1]]}, {"input": [[0, 0, 0, 2, 0, 0, 0, 0, 0, 0, 0, 0, 2, 0, 0, 0], [0, 0, 0, 2, 0, 0, 0, 0, 0, 0, 0, 0, 2, 0, 0, 0], [0, 0, 0, 2, 0, 0, 0, 0, 0, 0, 0, 0, 2, 2, 2, 2], [0, 0, 0, 2, 0, 0, 0, 0, 0, 0, 0, 0, 2, 0, 0, 0], [2, 2, 2, 2, 2, 2, 2, 2, 2, 2, 2, 2, 2, 0, 0, 0], [0, 0, 2, 0, 0, 0, 0, 0, 0, 0, 0, 0, 2, 0, 0, 0], [0, 0, 2, 0, 0, 0, 0, 0, 0, 0, 0, 0, 2, 0, 0, 0], [0, 0, 2, 0, 0, 0, 0, 0, 0, 0, 0, 0, 2, 0, 0, 0], [0, 0, 2, 0, 0, 0, 0, 0, 0, 0, 0, 0, 2, 0, 0, 0], [2, 2, 2, 0, 0, 0, 0, 0, 0, 0, 0, 0, 2, 0, 0, 0], [0, 0, 2, 0, 0, 0, 0, 0, 0, 0, 0, 0, 2, 2, 2, 2], [0, 0, 2, 0, 0, 0, 0, 0, 0, 0, 0, 0, 2, 0, 0, 0], [0, 0, 2, 0, 0, 0, 0, 0, 0, 0, 0, 0, 2, 0, 0, 0], [0, 0, 2, 0, 0, 0, 0, 0, 0, 0, 0, 0, 2, 0, 0, 0], [0, 0, 2, 0, 0, 0, 0, 0, 0, 0, 0, 0, 2, 0, 0, 0]], "output": [[0, 0, 0, 2, 0, 0, 0, 0, 0, 0, 0, 0, 2, 8, 8, 8], [0, 0, 0, 2, 0, 0, 0, 0, 0, 0, 0, 0, 2, 8, 8, 8], [0, 0, 0, 2, 0, 0, 0, 0, 0, 0, 0, 0, 2, 2, 2, 2], [0, 0, 0, 2, 0, 0, 0, 0, 0, 0, 0, 0, 2, 0, 0, 0], [2, 2, 2, 2, 2, 2, 2, 2, 2, 2, 2, 2, 2, 0, 0, 0], [0, 0, 2, 1, 1, 1, 1, 1, 1, 1, 1, 1, 2, 0, 0, 0], [0, 0, 2, 1, 1, 1, 1, 1, 1, 1, 1, 1, 2, 0, 0, 0], [0, 0, 2, 1, 1, 1, 1, 1, 1, 1, 1, 1, 2, 0, 0, 0], [0, 0, 2, 1, 1, 1, 1, 1, 1, 1, 1, 1, 2, 0, 0, 0], [2, 2, 2, 1, 1, 1, 1, 1, 1, 1, 1, 1, 2, 0, 0, 0], [0, 0, 2, 1, 1, 1, 1, 1, 1, 1, 1, 1, 2, 2, 2, 2], [0, 0, 2, 1, 1, 1, 1, 1, 1, 1, 1, 1, 2, 0, 0, 0], [0, 0, 2, 1, 1, 1, 1, 1, 1, 1, 1, 1, 2, 0, 0, 0], [0, 0, 2, 1, 1, 1, 1, 1, 1, 1, 1, 1, 2, 0, 0, 0], [0, 0, 2, 1, 1, 1, 1, 1, 1, 1, 1, 1, 2, 0, 0, 0]]}, {"input": [[0, 2, 0, 0, 0, 0, 2, 0, 0, 0, 0, 0, 0], [2, 2, 0, 0, 0, 0, 2, 0, 0, 0, 0, 0, 0], [0, 2, 0, 0, 0, 0, 2, 0, 0, 0, 0, 0, 0], [0, 2, 0, 0, 0, 0, 2, 2, 2, 2, 2, 2, 2], [0, 2, 0, 0, 0, 0, 2, 0, 0, 2, 0, 0, 0], [0, 2, 2, 2, 2, 2, 2, 0, 0, 2, 0, 0, 0], [0, 2, 0, 0, 0, 0, 2, 0, 0, 2, 0, 0, 0], [0, 2, 0, 0, 0, 0, 2, 2, 2, 2, 2, 2, 2], [0, 2, 0, 0, 0, 0, 2, 0, 0, 0, 0, 2, 0], [2, 2, 2, 2, 2, 2, 2, 2, 2, 2, 2, 2, 2], [0, 0, 2, 0, 0, 0, 0, 0, 0, 0, 0, 0, 0], [0, 0, 2, 0, 0, 0, 0, 0, 0, 0, 0, 0, 0], [0, 0, 2, 0, 0, 0, 0, 0, 0, 0, 0, 0, 0], [0, 0, 2, 0, 0, 0, 0, 0, 0, 0, 0, 0, 0], [0, 0, 2, 0, 0, 0, 0, 0, 0, 0, 0, 0, 0], [0, 0, 2, 0, 0, 0, 0, 0, 0, 0, 0, 0, 0], [0, 0, 2, 0, 0, 0, 0, 0, 0, 0, 0, 0, 0], [0, 0, 2, 0, 0, 0, 0, 0, 0, 0, 0, 0, 0]], "output": [[8, 2, 0, 0, 0, 0, 2, 0, 0, 0, 0, 0, 0], [2, 2, 0, 0, 0, 0, 2, 0, 0, 0, 0, 0, 0], [0, 2, 0, 0, 0, 0, 2, 0, 0, 0, 0, 0, 0], [0, 2, 0, 0, 0, 0, 2, 2, 2, 2, 2, 2, 2], [0, 2, 0, 0, 0, 0, 2, 0, 0, 2, 0, 0, 0], [0, 2, 2, 2, 2, 2, 2, 0, 0, 2, 0, 0, 0], [0, 2, 0, 0, 0, 0, 2, 0, 0, 2, 0, 0, 0], [0, 2, 0, 0, 0, 0, 2, 2, 2, 2, 2, 2, 2], [0, 2, 0, 0, 0, 0, 2, 0, 0, 0, 0, 2, 8], [2, 2, 2, 2, 2, 2, 2, 2, 2, 2, 2, 2, 2], [0, 0, 2, 1, 1, 1, 1, 1, 1, 1, 1, 1, 1], [0, 0, 2, 1, 1, 1, 1, 1, 1, 1, 1, 1, 1], [0, 0, 2, 1, 1, 1, 1, 1, 1, 1, 1, 1, 1], [0, 0, 2, 1, 1, 1, 1, 1, 1, 1, 1, 1, 1], [0, 0, 2, 1, 1, 1, 1, 1, 1, 1, 1, 1, 1], [0, 0, 2, 1, 1, 1, 1, 1, 1, 1, 1, 1, 1], [0, 0, 2, 1, 1, 1, 1, 1, 1, 1, 1, 1, 1], [0, 0, 2, 1, 1, 1, 1, 1, 1, 1, 1, 1, 1]]}], "test": [{"input": [[0, 0, 0, 0, 0, 0, 0, 0, 0, 0, 2, 0, 0, 0, 0, 0], [0, 0, 0, 0, 0, 0, 0, 0, 0, 0, 2, 0, 0, 0, 0, 0], [2, 2, 2, 2, 2, 2, 2, 2, 2, 2, 2, 0, 0, 0, 0, 0], [0, 0, 0, 0, 0, 0, 0, 0, 0, 0, 2, 0, 0, 0, 0, 0], [0, 0, 0, 0, 0, 0, 0, 0, 0, 0, 2, 2, 2, 2, 2, 2], [0, 0, 0, 0, 0, 0, 0, 0, 0, 0, 2, 0, 0, 0, 0, 0], [0, 0, 0, 0, 0, 0, 0, 0, 0, 0, 2, 0, 0, 0, 0, 0], [0, 0, 0, 0, 0, 0, 0, 0, 0, 0, 2, 0, 0, 0, 0, 0], [0, 0, 0, 0, 0, 0, 0, 0, 0, 0, 2, 0, 0, 0, 0, 0], [2, 2, 2, 2, 2, 2, 2, 2, 2, 2, 2, 2, 2, 2, 2, 2], [0, 0, 0, 2, 0, 0, 0, 0, 0, 0, 2, 0, 2, 0, 0, 0], [2, 2, 2, 2, 0, 0, 0, 0, 0, 0, 2, 0, 2, 0, 0, 0], [0, 0, 0, 2, 0, 0, 0, 0, 0, 0, 2, 0, 2, 0, 0, 0]], "output": [[0, 0, 0, 0, 0, 0, 0, 0, 0, 0, 2, 0, 0, 0, 0, 0], [0, 0, 0, 0, 0, 0, 0, 0, 0, 0, 2, 0, 0, 0, 0, 0], [2, 2, 2, 2, 2, 2, 2, 2, 2, 2, 2, 0, 0, 0, 0, 0], [1, 1, 1, 1, 1, 1, 1, 1, 1, 1, 2, 0, 0, 0, 0, 0], [1, 1, 1, 1, 1, 1, 1, 1, 1, 1, 2, 2, 2, 2, 2, 2], [1, 1, 1, 1, 1, 1, 1, 1, 1, 1, 2, 0, 0, 0, 0, 0], [1, 1, 1, 1, 1, 1, 1, 1, 1, 1, 2, 0, 0, 0, 0, 0], [1, 1, 1, 1, 1, 1, 1, 1, 1, 1, 2, 0, 0, 0, 0, 0], [1, 1, 1, 1, 1, 1, 1, 1, 1, 1, 2, 0, 0, 0, 0, 0], [2, 2, 2, 2, 2, 2, 2, 2, 2, 2, 2, 2, 2, 2, 2, 2], [8, 8, 8, 2, 0, 0, 0, 0, 0, 0, 2, 8, 2, 0, 0, 0], [2, 2, 2, 2, 0, 0, 0, 0, 0, 0, 2, 8, 2, 0, 0, 0], [8, 8, 8, 2, 0, 0, 0, 0, 0, 0, 2, 8, 2, 0, 0, 0]]}]}