{"train": [{"input": [[0, 0, 0, 0, 6, 0, 0, 0], [0, 0, 0, 0, 6, 0, 0, 0], [0, 0, 0, 0, 6, 0, 0, 0], [0, 0, 0, 0, 6, 0, 0, 0], [8, 8, 8, 8, 6, 8, 8, 8], [0, 0, 0, 0, 6, 0, 0, 0], [0, 0, 0, 0, 6, 0, 0, 0], [0, 0, 0, 0, 6, 0, 0, 0]], "output": [[0, 0, 0, 0, 6, 0, 0, 0], [0, 0, 0, 0, 6, 0, 0, 0], [0, 0, 0, 0, 6, 0, 0, 0], [0, 0, 0, 4, 4, 4, 0, 0], [8, 8, 8, 4, 6, 4, 8, 8], [0, 0, 0, 4, 4, 4, 0, 0], [0, 0, 0, 0, 6, 0, 0, 0], [0, 0, 0, 0, 6, 0, 0, 0]]}, {"input": [[0, 3, 0, 0], [2, 2, 2, 2], [0, 3, 0, 0], [0, 3, 0, 0]], "output": [[4, 4, 4, 0], [4, 2, 4, 2], [4, 4, 4, 0], [0, 3, 0, 0]]}, {"input": [[0, 0, 1, 0, 0, 0], [0, 0, 1, 0, 0, 0], [9, 9, 1, 9, 9, 9], [0, 0, 1, 0, 0, 0], [0, 0, 1, 0, 0, 0], [0, 0, 1, 0, 0, 0]], "output": [[0, 0, 1, 0, 0, 0], [0, 4, 4, 4, 0, 0], [9, 4, 1, 4, 9, 9], [0, 4, 4, 4, 0, 0], [0, 0, 1, 0, 0, 0], [0, 0, 1, 0, 0, 0]]}], "test": [{"input": [[0, 0, 0, 0, 0, 0, 0, 0, 5, 0, 0, 0], [0, 0, 0, 0, 0, 0, 0, 0, 5, 0, 0, 0], [0, 0, 0, 0, 0, 0, 0, 0, 5, 0, 0, 0], [0, 0, 0, 0, 0, 0, 0, 0, 5, 0, 0, 0], [0, 0, 0, 0, 0, 0, 0, 0, 5, 0, 0, 0], [0, 0, 0, 0, 0, 0, 0, 0, 5, 0, 0, 0], [3, 3, 3, 3, 3, 3, 3, 3, 5, 3, 3, 3], [0, 0, 0, 0, 0, 0, 0, 0, 5, 0, 0, 0], [0, 0, 0, 0, 0, 0, 0, 0, 5, 0, 0, 0], [0, 0, 0, 0, 0, 0, 0, 0, 5, 0, 0, 0], [0, 0, 0, 0, 0, 0, 0, 0, 5, 0, 0, 0], [0, 0, 0, 0, 0, 0, 0, 0, 5, 0, 0, 0]], "output": [[0, 0, 0, 0, 0, 0, 0, 0, 5, 0, 0, 0], [0, 0, 0, 0, 0, 0, 0, 0, 5, 0, 0, 0], [0, 0, 0, 0, 0, 0, 0, 0, 5, 0, 0, 0], [0, 0, 0, 0, 0, 0, 0, 0, 5, 0, 0, 0], [0, 0, 0, 0, 0, 0, 0, 0, 5, 0, 0, 0], [0, 0, 0, 0, 0, 0, 0, 4, 4, 4, 0, 0], [3, 3, 3, 3, 3, 3, 3, 4, 5, 4, 3, 3], [0, 0, 0, 0, 0, 0, 0, 4, 4, 4, 0, 0], [0, 0, 0, 0, 0, 0, 0, 0, 5, 0, 0, 0], [0, 0, 0, 0, 0, 0, 0, 0, 5, 0, 0, 0], [0, 0, 0, 0, 0, 0, 0, 0, 5, 0, 0, 0], [0, 0, 0, 0, 0, 0, 0, 0, 5, 0, 0, 0]]}]}