{"train": [{"input": [[2, 5, 2], [2, 6, 4], [2, 2, 2]], "output": [[2, 5, 2, 2, 5, 2], [2, 6, 4, 4, 6, 2], [2, 2, 2, 2, 2, 2], [2, 2, 2, 2, 2, 2], [2, 6, 4, 4, 6, 2], [2, 5, 2, 2, 5, 2]]}, {"input": [[7, 1, 5], [7, 7, 1], [5, 3, 1]], "output": [[7, 1, 5, 5, 1, 7], [7, 7, 1, 1, 7, 7], [5, 3, 1, 1, 3, 5], [5, 3, 1, 1, 3, 5], [7, 7, 1, 1, 7, 7], [7, 1, 5, 5, 1, 7]]}, {"input": [[1, 2, 1], [2, 8, 1], [8, 1, 6]], "output": [[1, 2, 1, 1, 2, 1], [2, 8, 1, 1, 8, 2], [8, 1, 6, 6, 1, 8], [8, 1, 6, 6, 1, 8], [2, 8, 1, 1, 8, 2], [1, 2, 1, 1, 2, 1]]}, {"input": [[5, 3, 4], [3, 4, 5], [3, 4, 4]], "output": [[5, 3, 4, 4, 3, 5], [3, 4, 5, 5, 4, 3], [3, 4, 4, 4, 4, 3], [3, 4, 4, 4, 4, 3], [3, 4, 5, 5, 4, 3], [5, 3, 4, 4, 3, 5]]}], "test": [{"input": [[1, 6, 6], [5, 2, 2], [2, 2, 2]], "output": [[1, 6, 6, 6, 6, 1], [5, 2, 2, 2, 2, 5], [2, 2, 2, 2, 2, 2], [2, 2, 2, 2, 2, 2], [5, 2, 2, 2, 2, 5], [1, 6, 6, 6, 6, 1]]}]}