{"train": [{"input": [[6, 6, 6, 6, 6, 6, 6, 6, 6, 6, 6], [6, 7, 7, 7, 7, 7, 7, 7, 7, 7, 6], [6, 7, 7, 7, 7, 7, 7, 7, 8, 7, 6], [6, 7, 7, 7, 7, 7, 7, 8, 8, 8, 6], [6, 7, 7, 9, 7, 7, 7, 7, 8, 7, 6], [6, 7, 9, 9, 9, 9, 7, 7, 8, 7, 6], [6, 7, 7, 9, 7, 7, 7, 2, 7, 7, 6], [6, 7, 7, 5, 7, 2, 2, 2, 2, 7, 6], [6, 7, 5, 5, 5, 5, 7, 2, 7, 7, 6], [6, 7, 7, 5, 7, 7, 7, 7, 7, 7, 6], [6, 6, 6, 6, 6, 6, 6, 6, 6, 6, 6]], "output": [[6, 6, 6, 6, 6, 6, 6, 6, 8, 6, 6], [6, 7, 7, 7, 7, 7, 7, 7, 7, 7, 6], [6, 7, 7, 7, 7, 7, 7, 7, 8, 7, 6], [6, 7, 7, 7, 7, 7, 7, 8, 8, 8, 6], [6, 7, 7, 9, 7, 7, 7, 7, 8, 7, 6], [9, 7, 9, 9, 9, 9, 7, 7, 8, 7, 0], [6, 7, 7, 9, 7, 7, 7, 2, 7, 7, 6], [0, 7, 7, 5, 7, 2, 2, 2, 2, 7, 2], [5, 7, 5, 5, 5, 5, 7, 2, 7, 7, 0], [6, 7, 7, 5, 7, 7, 7, 7, 7, 7, 6], [6, 6, 6, 6, 6, 6, 6, 6, 0, 6, 6]]}, {"input": [[6, 6, 6, 6, 6, 6, 6, 6, 6, 6, 6], [6, 7, 7, 7, 7, 7, 7, 7, 7, 7, 6], [6, 7, 7, 7, 8, 7, 7, 7, 5, 7, 6], [6, 7, 7, 8, 8, 8, 7, 5, 5, 5, 6], [6, 7, 7, 7, 8, 7, 7, 7, 5, 7, 6], [6, 7, 7, 7, 8, 7, 7, 7, 5, 7, 6], [6, 7, 7, 7, 7, 7, 7, 2, 7, 7, 6], [6, 7, 7, 9, 7, 2, 2, 2, 2, 7, 6], [6, 7, 9, 9, 9, 9, 7, 2, 7, 7, 6], [6, 7, 7, 9, 7, 7, 7, 7, 7, 7, 6], [6, 6, 6, 6, 6, 6, 6, 6, 6, 6, 6]], "output": [[6, 6, 6, 6, 8, 6, 6, 6, 5, 6, 6], [6, 7, 7, 7, 7, 7, 7, 7, 7, 7, 6], [6, 7, 7, 7, 8, 7, 7, 7, 5, 7, 6], [6, 7, 7, 8, 8, 8, 7, 5, 5, 5, 6], [6, 7, 7, 7, 8, 7, 7, 7, 5, 7, 6], [6, 7, 7, 7, 8, 7, 7, 7, 5, 7, 6], [6, 7, 7, 7, 7, 7, 7, 2, 7, 7, 6], [0, 7, 7, 9, 7, 2, 2, 2, 2, 7, 2], [9, 7, 9, 9, 9, 9, 7, 2, 7, 7, 0], [6, 7, 7, 9, 7, 7, 7, 7, 7, 7, 6], [6, 6, 6, 6, 0, 6, 6, 6, 0, 6, 6]]}], "test": [{"input": [[6, 6, 6, 6, 6, 6, 6, 6, 6, 6, 6], [6, 7, 7, 7, 7, 7, 7, 7, 7, 7, 6], [6, 7, 5, 7, 7, 7, 7, 7, 7, 7, 6], [6, 5, 5, 5, 7, 7, 2, 7, 7, 7, 6], [6, 7, 5, 7, 7, 2, 2, 2, 7, 7, 6], [6, 7, 5, 7, 7, 7, 2, 7, 9, 7, 6], [6, 7, 7, 7, 7, 7, 2, 7, 9, 7, 6], [6, 7, 7, 7, 8, 7, 7, 9, 9, 9, 6], [6, 7, 7, 8, 8, 8, 8, 7, 9, 7, 6], [6, 7, 7, 7, 8, 7, 7, 7, 7, 7, 6], [6, 6, 6, 6, 6, 6, 6, 6, 6, 6, 6]], "output": [[6, 6, 5, 6, 6, 6, 2, 6, 0, 6, 6], [6, 7, 7, 7, 7, 7, 7, 7, 7, 7, 6], [6, 7, 5, 7, 7, 7, 7, 7, 7, 7, 6], [6, 5, 5, 5, 7, 7, 2, 7, 7, 7, 6], [6, 7, 5, 7, 7, 2, 2, 2, 7, 7, 6], [6, 7, 5, 7, 7, 7, 2, 7, 9, 7, 6], [6, 7, 7, 7, 7, 7, 2, 7, 9, 7, 6], [6, 7, 7, 7, 8, 7, 7, 9, 9, 9, 6], [8, 7, 7, 8, 8, 8, 8, 7, 9, 7, 0], [6, 7, 7, 7, 8, 7, 7, 7, 7, 7, 6], [6, 6, 0, 6, 6, 6, 0, 6, 9, 6, 6]]}]}