{"train": [{"input": [[7, 3, 3, 1, 2], [1, 8, 2, 4, 1], [2, 7, 8, 7, 2], [7, 7, 4, 1, 8], [8, 1, 7, 7, 1]], "output": [[8, 1, 7, 7, 1], [7, 7, 4, 1, 8], [2, 7, 8, 7, 2], [1, 8, 2, 4, 1], [7, 3, 3, 1, 2]]}, {"input": [[8, 1, 2, 1, 4], [4, 4, 2, 4, 8], [3, 7, 2, 4, 8], [2, 7, 7, 8, 7], [8, 7, 7, 4, 8]], "output": [[8, 7, 7, 4, 8], [2, 7, 7, 8, 7], [3, 7, 2, 4, 8], [4, 4, 2, 4, 8], [8, 1, 2, 1, 4]]}, {"input": [[2, 7, 4, 3, 4, 8, 3], [2, 3, 7, 1, 2, 3, 3], [8, 7, 4, 3, 2, 2, 4], [1, 1, 2, 1, 4, 4, 7], [2, 4, 3, 1, 1, 4, 1], [4, 8, 7, 4, 4, 8, 2], [7, 3, 8, 4, 3, 2, 8]], "output": [[7, 3, 8, 4, 3, 2, 8], [4, 8, 7, 4, 4, 8, 2], [2, 4, 3, 1, 1, 4, 1], [1, 1, 2, 1, 4, 4, 7], [8, 7, 4, 3, 2, 2, 4], [2, 3, 7, 1, 2, 3, 3], [2, 7, 4, 3, 4, 8, 3]]}], "test": [{"input": [[2, 8, 1, 3, 2, 4, 1], [4, 4, 1, 1, 4, 3, 4], [1, 1, 1, 1, 4, 7, 3], [1, 1, 2, 3, 8, 1, 3], [4, 1, 1, 1, 7, 8, 4], [3, 2, 8, 4, 1, 8, 4], [1, 4, 7, 1, 2, 3, 4]], "output": [[1, 4, 7, 1, 2, 3, 4], [3, 2, 8, 4, 1, 8, 4], [4, 1, 1, 1, 7, 8, 4], [1, 1, 2, 3, 8, 1, 3], [1, 1, 1, 1, 4, 7, 3], [4, 4, 1, 1, 4, 3, 4], [2, 8, 1, 3, 2, 4, 1]]}]}