{"train": [{"input": [[2, 2, 2, 2, 2, 2, 2, 2, 2, 2, 2, 2, 2, 2, 2], [2, 2, 2, 2, 0, 2, 2, 2, 0, 2, 2, 0, 0, 2, 2], [2, 0, 0, 2, 0, 2, 2, 0, 0, 0, 2, 0, 0, 2, 2], [0, 0, 0, 0, 0, 0, 0, 0, 0, 0, 0, 0, 0, 0, 0], [0, 0, 0, 0, 0, 0, 0, 0, 0, 0, 0, 0, 0, 0, 0], [0, 0, 0, 0, 0, 0, 0, 0, 0, 0, 0, 0, 0, 0, 0], [0, 5, 5, 0, 0, 0, 0, 0, 0, 0, 0, 0, 0, 0, 0], [0, 5, 5, 0, 0, 0, 0, 0, 0, 0, 5, 0, 0, 0, 0], [5, 5, 5, 5, 0, 0, 0, 5, 0, 0, 5, 0, 0, 5, 5], [0, 5, 5, 0, 0, 0, 5, 5, 5, 0, 5, 0, 5, 5, 5]], "output": [[2, 2, 2, 2, 2, 2, 2, 2, 2, 2, 2, 2, 2, 2, 2], [2, 2, 2, 2, 1, 2, 2, 2, 1, 2, 2, 1, 1, 2, 2], [2, 1, 1, 2, 1, 2, 2, 1, 1, 1, 2, 1, 1, 2, 2], [1, 1, 1, 0, 1, 0, 0, 0, 0, 0, 1, 1, 1, 1, 0], [0, 0, 0, 0, 0, 0, 0, 0, 0, 0, 0, 1, 1, 0, 0], [0, 0, 0, 0, 0, 0, 0, 0, 0, 0, 0, 0, 0, 0, 0], [0, 0, 0, 0, 0, 0, 0, 0, 0, 0, 0, 0, 0, 0, 0], [0, 0, 0, 0, 0, 0, 0, 0, 0, 0, 0, 0, 0, 0, 0], [0, 0, 0, 0, 0, 0, 0, 0, 0, 0, 0, 0, 0, 0, 0], [0, 0, 0, 0, 0, 0, 0, 0, 0, 0, 0, 0, 0, 0, 0]]}, {"input": [[2, 2, 2, 2, 2, 2, 2, 2, 2, 2, 2, 2, 2, 2, 2], [2, 0, 2, 2, 2, 2, 2, 2, 2, 2, 2, 2, 2, 2, 0], [2, 0, 0, 2, 2, 2, 0, 0, 0, 2, 2, 2, 2, 2, 0], [0, 0, 0, 0, 0, 0, 0, 0, 0, 0, 0, 0, 0, 0, 0], [0, 0, 0, 0, 0, 0, 0, 0, 0, 0, 0, 0, 0, 0, 0], [0, 0, 0, 0, 0, 0, 0, 0, 0, 0, 0, 0, 0, 0, 0], [0, 0, 0, 0, 0, 0, 0, 0, 0, 0, 0, 0, 0, 5, 0], [0, 0, 0, 0, 0, 0, 5, 0, 0, 0, 0, 0, 0, 5, 0], [0, 5, 5, 5, 0, 0, 5, 5, 0, 0, 0, 0, 0, 5, 0], [0, 5, 5, 5, 0, 0, 5, 5, 5, 0, 0, 0, 0, 5, 0]], "output": [[2, 2, 2, 2, 2, 2, 2, 2, 2, 2, 2, 2, 2, 2, 2], [2, 1, 2, 2, 2, 2, 2, 2, 2, 2, 2, 2, 2, 2, 1], [2, 1, 1, 2, 2, 2, 1, 1, 1, 2, 2, 2, 2, 2, 1], [0, 1, 1, 1, 0, 0, 1, 1, 1, 0, 0, 0, 0, 0, 1], [0, 0, 0, 0, 0, 0, 0, 0, 0, 0, 0, 0, 0, 0, 1], [0, 0, 0, 0, 0, 0, 0, 0, 0, 0, 0, 0, 0, 0, 0], [0, 0, 0, 0, 0, 0, 0, 0, 0, 0, 0, 0, 0, 0, 0], [0, 0, 0, 0, 0, 0, 0, 0, 0, 0, 0, 0, 0, 0, 0], [0, 0, 0, 0, 0, 0, 0, 0, 0, 0, 0, 0, 0, 0, 0], [0, 0, 0, 0, 0, 0, 0, 0, 0, 0, 0, 0, 0, 0, 0]]}], "test": [{"input": [[2, 2, 2, 2, 2, 2, 2, 2, 2, 2, 2, 2, 2, 2, 2], [2, 0, 2, 2, 2, 2, 0, 2, 0, 2, 2, 0, 2, 2, 2], [2, 0, 0, 2, 2, 2, 0, 0, 0, 2, 2, 0, 0, 0, 2], [0, 0, 0, 0, 0, 0, 0, 0, 0, 0, 0, 0, 0, 0, 0], [0, 0, 0, 0, 0, 0, 0, 0, 0, 0, 0, 0, 0, 0, 0], [0, 0, 0, 0, 0, 0, 0, 0, 0, 0, 0, 0, 0, 0, 0], [0, 0, 0, 0, 0, 0, 0, 5, 0, 0, 0, 5, 0, 5, 0], [0, 5, 0, 0, 0, 0, 0, 5, 5, 0, 0, 5, 5, 5, 0], [0, 5, 5, 5, 0, 0, 0, 5, 0, 0, 0, 5, 5, 5, 0], [0, 5, 5, 5, 5, 0, 0, 5, 5, 0, 0, 5, 5, 5, 0]], "output": [[2, 2, 2, 2, 2, 2, 2, 2, 2, 2, 2, 2, 2, 2, 2], [2, 1, 2, 2, 2, 2, 1, 2, 1, 2, 2, 1, 2, 2, 2], [2, 1, 1, 2, 2, 2, 1, 1, 1, 2, 2, 1, 1, 1, 2], [0, 1, 0, 0, 0, 0, 1, 1, 1, 0, 0, 1, 1, 1, 1], [0, 1, 1, 0, 0, 0, 1, 1, 1, 0, 0, 0, 0, 0, 0], [0, 0, 0, 0, 0, 0, 0, 0, 0, 0, 0, 0, 0, 0, 0], [0, 0, 0, 0, 0, 0, 0, 0, 0, 0, 0, 0, 0, 0, 0], [0, 0, 0, 0, 0, 0, 0, 0, 0, 0, 0, 0, 0, 0, 0], [0, 0, 0, 0, 0, 0, 0, 0, 0, 0, 0, 0, 0, 0, 0], [0, 0, 0, 0, 0, 0, 0, 0, 0, 0, 0, 0, 0, 0, 0]]}]}