{"train": [{"input": [[2, 0, 0, 3, 3, 0, 0, 4, 4, 0, 0], [2, 0, 0, 0, 0, 5, 0, 0, 0, 0, 0], [2, 0, 0, 0, 0, 5, 0, 0, 6, 6, 0], [2, 0, 0, 0, 0, 0, 0, 8, 0, 0, 0], [2, 0, 7, 7, 0, 0, 0, 8, 0, 0, 0]], "output": [[2, 3, 3, 4, 4, 0, 0, 0, 0, 0, 0], [2, 5, 0, 0, 0, 0, 0, 0, 0, 0, 0], [2, 5, 6, 6, 0, 0, 0, 0, 0, 0, 0], [2, 0, 0, 8, 0, 0, 0, 0, 0, 0, 0], [2, 7, 7, 8, 0, 0, 0, 0, 0, 0, 0]]}, {"input": [[0, 0, 0, 0, 8, 8], [3, 0, 0, 4, 0, 0], [3, 0, 0, 4, 0, 0], [0, 0, 0, 0, 0, 6], [1, 1, 0, 0, 0, 6], [0, 0, 0, 0, 0, 0], [0, 0, 5, 5, 0, 0], [0, 0, 0, 0, 0, 0], [0, 0, 0, 0, 0, 0], [2, 2, 2, 2, 2, 2]], "output": [[0, 0, 0, 0, 0, 0], [0, 0, 0, 0, 0, 0], [0, 0, 0, 0, 0, 0], [0, 0, 0, 0, 0, 0], [0, 0, 0, 0, 0, 0], [0, 0, 0, 0, 0, 0], [3, 0, 0, 4, 8, 8], [3, 0, 0, 4, 0, 6], [1, 1, 5, 5, 0, 6], [2, 2, 2, 2, 2, 2]]}, {"input": [[0, 4, 4, 0, 0, 0, 0, 0, 0, 2], [0, 0, 0, 5, 5, 0, 0, 6, 0, 2], [0, 0, 0, 0, 0, 0, 0, 6, 0, 2], [0, 9, 0, 0, 8, 8, 0, 0, 0, 2], [0, 9, 0, 0, 0, 0, 0, 0, 0, 2]], "output": [[0, 0, 0, 0, 0, 0, 0, 4, 4, 2], [0, 0, 0, 0, 0, 0, 5, 5, 6, 2], [0, 0, 0, 0, 0, 0, 0, 0, 6, 2], [0, 0, 0, 0, 0, 0, 9, 8, 8, 2], [0, 0, 0, 0, 0, 0, 9, 0, 0, 2]]}], "test": [{"input": [[2, 2, 2, 2, 2, 2, 2, 2, 2, 2], [0, 0, 3, 3, 0, 0, 0, 6, 0, 0], [0, 0, 0, 0, 0, 7, 0, 6, 0, 0], [0, 8, 8, 0, 0, 7, 0, 0, 0, 0], [0, 0, 0, 0, 0, 0, 0, 0, 6, 6], [0, 0, 0, 0, 3, 3, 0, 0, 0, 0], [0, 0, 9, 0, 0, 0, 0, 0, 4, 0], [0, 0, 9, 0, 0, 0, 0, 0, 4, 0], [3, 0, 0, 0, 0, 1, 1, 0, 0, 0], [3, 0, 0, 0, 0, 0, 0, 5, 5, 0]], "output": [[2, 2, 2, 2, 2, 2, 2, 2, 2, 2], [3, 0, 3, 3, 0, 7, 0, 6, 6, 6], [3, 8, 8, 0, 0, 7, 0, 6, 4, 0], [0, 0, 9, 0, 3, 3, 0, 0, 4, 0], [0, 0, 9, 0, 0, 1, 1, 5, 5, 0], [0, 0, 0, 0, 0, 0, 0, 0, 0, 0], [0, 0, 0, 0, 0, 0, 0, 0, 0, 0], [0, 0, 0, 0, 0, 0, 0, 0, 0, 0], [0, 0, 0, 0, 0, 0, 0, 0, 0, 0], [0, 0, 0, 0, 0, 0, 0, 0, 0, 0]]}]}