{"train": [{"input": [[7, 7, 7, 7, 7, 7, 7], [7, 6, 6, 7, 6, 6, 7], [7, 7, 6, 7, 6, 6, 7], [7, 7, 7, 7, 7, 6, 7], [7, 7, 7, 7, 7, 6, 7], [7, 7, 7, 7, 7, 7, 7], [7, 7, 7, 7, 7, 7, 7]], "output": [[7, 7, 7, 7, 7, 7, 7], [7, 6, 6, 7, 7, 7, 7], [7, 7, 6, 7, 7, 7, 7], [7, 7, 7, 7, 6, 6, 7], [7, 7, 7, 7, 6, 6, 7], [7, 7, 7, 7, 7, 6, 7], [7, 7, 7, 7, 7, 6, 7]]}, {"input": [[7, 7, 7, 7, 7, 7, 7, 7, 7, 7, 7, 7, 7, 7, 7], [7, 5, 5, 7, 7, 7, 7, 7, 7, 5, 5, 5, 7, 7, 7], [7, 5, 5, 7, 7, 7, 5, 5, 7, 5, 5, 5, 7, 7, 7], [7, 7, 7, 7, 5, 7, 5, 5, 7, 5, 5, 5, 7, 5, 7], [7, 7, 7, 7, 7, 7, 5, 5, 7, 7, 7, 7, 7, 5, 7], [7, 7, 7, 7, 7, 7, 7, 7, 7, 7, 7, 7, 7, 5, 7], [7, 7, 7, 7, 7, 7, 7, 7, 7, 7, 7, 7, 7, 7, 7], [7, 7, 7, 7, 7, 7, 7, 7, 7, 7, 7, 7, 7, 7, 7], [7, 7, 7, 7, 7, 7, 7, 7, 7, 7, 7, 7, 7, 7, 7], [7, 7, 7, 7, 7, 7, 7, 7, 7, 7, 7, 7, 7, 7, 7], [7, 7, 7, 7, 7, 7, 7, 7, 7, 7, 7, 7, 7, 7, 7], [7, 7, 7, 7, 7, 7, 7, 7, 7, 7, 7, 7, 7, 7, 7], [7, 7, 7, 7, 7, 7, 7, 7, 7, 7, 7, 7, 7, 7, 7], [7, 7, 7, 7, 7, 7, 7, 7, 7, 7, 7, 7, 7, 7, 7], [7, 7, 7, 7, 7, 7, 7, 7, 7, 7, 7, 7, 7, 7, 7]], "output": [[7, 7, 7, 7, 7, 7, 7, 7, 7, 7, 7, 7, 7, 7, 7], [7, 7, 7, 7, 7, 7, 7, 7, 7, 7, 7, 7, 7, 7, 7], [7, 7, 7, 7, 7, 7, 7, 7, 7, 7, 7, 7, 7, 7, 7], [7, 7, 7, 7, 5, 7, 7, 7, 7, 7, 7, 7, 7, 5, 7], [7, 7, 7, 7, 7, 7, 7, 7, 7, 7, 7, 7, 7, 5, 7], [7, 7, 7, 7, 7, 7, 7, 7, 7, 7, 7, 7, 7, 5, 7], [7, 7, 7, 7, 7, 7, 7, 7, 7, 7, 7, 7, 7, 7, 7], [7, 7, 7, 7, 7, 7, 7, 7, 7, 7, 7, 7, 7, 7, 7], [7, 7, 7, 7, 7, 7, 7, 7, 7, 7, 7, 7, 7, 7, 7], [7, 7, 7, 7, 7, 7, 7, 7, 7, 7, 7, 7, 7, 7, 7], [7, 7, 7, 7, 7, 7, 7, 7, 7, 7, 7, 7, 7, 7, 7], [7, 7, 7, 7, 7, 7, 7, 7, 7, 7, 7, 7, 7, 7, 7], [7, 7, 7, 7, 7, 7, 5, 5, 7, 5, 5, 5, 7, 7, 7], [7, 5, 5, 7, 7, 7, 5, 5, 7, 5, 5, 5, 7, 7, 7], [7, 5, 5, 7, 7, 7, 5, 5, 7, 5, 5, 5, 7, 7, 7]]}, {"input": [[7, 7, 7, 7, 7, 7, 7, 7, 7, 7, 7, 7, 7, 7, 7, 7], [7, 1, 1, 7, 7, 7, 7, 7, 7, 7, 7, 7, 7, 7, 7, 7], [7, 1, 1, 7, 1, 7, 7, 7, 7, 7, 7, 1, 1, 1, 1, 7], [7, 1, 1, 7, 1, 7, 7, 7, 7, 7, 7, 1, 7, 7, 1, 7], [7, 1, 1, 7, 7, 7, 7, 7, 7, 7, 7, 1, 1, 1, 1, 7], [7, 1, 1, 7, 7, 7, 7, 7, 7, 1, 7, 7, 7, 7, 7, 7], [7, 7, 7, 7, 7, 7, 7, 7, 7, 1, 7, 7, 7, 7, 7, 7], [7, 7, 7, 7, 7, 7, 7, 7, 7, 1, 7, 7, 7, 7, 7, 7], [7, 7, 7, 7, 7, 7, 7, 1, 7, 7, 7, 7, 7, 7, 7, 7], [7, 7, 7, 7, 7, 7, 1, 1, 7, 7, 7, 7, 7, 7, 7, 7], [7, 7, 7, 7, 7, 7, 1, 1, 7, 7, 7, 7, 7, 7, 7, 7], [7, 7, 7, 7, 7, 7, 7, 7, 7, 7, 7, 7, 7, 7, 7, 7], [7, 7, 7, 7, 7, 7, 7, 7, 7, 7, 7, 7, 7, 7, 7, 7], [7, 7, 7, 7, 7, 7, 7, 7, 7, 7, 7, 7, 7, 7, 7, 7], [7, 7, 7, 7, 7, 7, 7, 7, 7, 7, 7, 7, 7, 7, 7, 7], [7, 7, 7, 7, 7, 7, 7, 7, 7, 7, 7, 7, 7, 7, 7, 7]], "output": [[7, 7, 7, 7, 7, 7, 7, 7, 7, 7, 7, 7, 7, 7, 7, 7], [7, 7, 7, 7, 7, 7, 7, 7, 7, 7, 7, 7, 7, 7, 7, 7], [7, 7, 7, 7, 1, 7, 7, 7, 7, 7, 7, 7, 7, 7, 7, 7], [7, 7, 7, 7, 1, 7, 7, 7, 7, 7, 7, 7, 7, 7, 7, 7], [7, 7, 7, 7, 7, 7, 7, 7, 7, 7, 7, 7, 7, 7, 7, 7], [7, 7, 7, 7, 7, 7, 7, 7, 7, 1, 7, 7, 7, 7, 7, 7], [7, 7, 7, 7, 7, 7, 7, 7, 7, 1, 7, 7, 7, 7, 7, 7], [7, 7, 7, 7, 7, 7, 7, 7, 7, 1, 7, 7, 7, 7, 7, 7], [7, 7, 7, 7, 7, 7, 7, 7, 7, 7, 7, 7, 7, 7, 7, 7], [7, 7, 7, 7, 7, 7, 7, 7, 7, 7, 7, 7, 7, 7, 7, 7], [7, 7, 7, 7, 7, 7, 7, 7, 7, 7, 7, 7, 7, 7, 7, 7], [7, 1, 1, 7, 7, 7, 7, 7, 7, 7, 7, 7, 7, 7, 7, 7], [7, 1, 1, 7, 7, 7, 7, 7, 7, 7, 7, 7, 7, 7, 7, 7], [7, 1, 1, 7, 7, 7, 7, 1, 7, 7, 7, 1, 1, 1, 1, 7], [7, 1, 1, 7, 7, 7, 1, 1, 7, 7, 7, 1, 7, 7, 1, 7], [7, 1, 1, 7, 7, 7, 1, 1, 7, 7, 7, 1, 1, 1, 1, 7]]}], "test": [{"input": [[7, 7, 7, 7, 7, 7, 7, 7, 7, 7, 7, 7, 7, 7], [7, 4, 4, 7, 4, 7, 4, 7, 4, 4, 7, 4, 4, 7], [7, 4, 4, 7, 4, 7, 7, 7, 4, 4, 7, 4, 4, 7], [7, 7, 7, 7, 4, 7, 7, 4, 4, 4, 7, 4, 4, 7], [7, 7, 7, 7, 7, 7, 7, 4, 4, 4, 7, 4, 4, 7], [7, 7, 7, 7, 7, 7, 7, 7, 7, 7, 7, 7, 7, 7], [7, 7, 7, 7, 7, 7, 7, 7, 7, 7, 7, 7, 7, 7], [7, 7, 7, 7, 7, 7, 7, 7, 7, 7, 7, 7, 7, 7], [7, 7, 7, 7, 7, 7, 7, 7, 7, 7, 7, 7, 7, 7], [7, 7, 7, 7, 7, 7, 7, 7, 7, 7, 7, 7, 7, 7], [7, 7, 7, 7, 7, 7, 7, 7, 7, 7, 7, 7, 7, 7], [7, 7, 7, 7, 7, 7, 7, 7, 7, 7, 7, 7, 7, 7], [7, 7, 7, 7, 7, 7, 7, 7, 7, 7, 7, 7, 7, 7], [7, 7, 7, 7, 7, 7, 7, 7, 7, 7, 7, 7, 7, 7]], "output": [[7, 7, 7, 7, 7, 7, 7, 7, 7, 7, 7, 7, 7, 7], [7, 7, 7, 7, 4, 7, 4, 7, 7, 7, 7, 7, 7, 7], [7, 7, 7, 7, 4, 7, 7, 7, 7, 7, 7, 7, 7, 7], [7, 7, 7, 7, 4, 7, 7, 7, 7, 7, 7, 7, 7, 7], [7, 7, 7, 7, 7, 7, 7, 7, 7, 7, 7, 7, 7, 7], [7, 7, 7, 7, 7, 7, 7, 7, 7, 7, 7, 7, 7, 7], [7, 7, 7, 7, 7, 7, 7, 7, 7, 7, 7, 7, 7, 7], [7, 7, 7, 7, 7, 7, 7, 7, 7, 7, 7, 7, 7, 7], [7, 7, 7, 7, 7, 7, 7, 7, 7, 7, 7, 7, 7, 7], [7, 7, 7, 7, 7, 7, 7, 7, 7, 7, 7, 7, 7, 7], [7, 7, 7, 7, 7, 7, 7, 7, 4, 4, 7, 4, 4, 7], [7, 7, 7, 7, 7, 7, 7, 7, 4, 4, 7, 4, 4, 7], [7, 4, 4, 7, 7, 7, 7, 4, 4, 4, 7, 4, 4, 7], [7, 4, 4, 7, 7, 7, 7, 4, 4, 4, 7, 4, 4, 7]]}]}