{"train": [{"input": [[0, 1, 2, 3, 0, 1, 2, 3, 0, 1, 2, 3, 0, 1, 2, 3, 0, 1, 2, 3, 0, 1], [1, 8, 8, 8, 8, 8, 8, 8, 8, 8, 8, 8, 1, 2, 3, 0, 1, 2, 3, 0, 1, 2], [0, 8, 2, 3, 0, 1, 2, 3, 0, 1, 2, 8, 0, 1, 2, 3, 0, 1, 2, 3, 0, 1], [1, 8, 3, 0, 1, 2, 3, 0, 4, 4, 4, 4, 4, 4, 4, 0, 1, 2, 3, 0, 1, 2], [0, 8, 2, 3, 0, 1, 2, 3, 4, 5, 5, 5, 5, 5, 4, 3, 0, 1, 2, 3, 0, 1], [1, 8, 3, 0, 1, 2, 3, 0, 4, 5, 5, 5, 5, 5, 4, 0, 1, 2, 3, 0, 1, 2], [0, 8, 2, 3, 0, 1, 2, 3, 4, 5, 5, 5, 5, 5, 4, 3, 0, 1, 2, 3, 0, 1], [1, 8, 3, 0, 1, 2, 3, 0, 4, 5, 5, 5, 5, 5, 4, 0, 1, 2, 3, 0, 1, 2], [0, 8, 2, 3, 0, 1, 2, 3, 4, 4, 4, 4, 4, 4, 4, 3, 0, 6, 6, 3, 0, 1], [1, 8, 3, 0, 1, 2, 3, 0, 1, 2, 3, 8, 1, 2, 3, 0, 1, 6, 6, 0, 1, 2], [0, 8, 2, 3, 0, 1, 2, 3, 0, 1, 2, 8, 0, 1, 2, 3, 0, 1, 2, 3, 0, 1], [1, 8, 3, 0, 1, 2, 3, 0, 1, 2, 3, 8, 1, 2, 3, 0, 1, 2, 3, 0, 1, 2], [0, 8, 8, 8, 8, 8, 8, 8, 8, 8, 8, 8, 0, 1, 2, 3, 0, 1, 2, 3, 0, 1], [1, 2, 3, 0, 1, 2, 3, 0, 1, 2, 3, 0, 1, 2, 3, 0, 1, 2, 3, 0, 1, 2]], "output": [[8, 8, 8, 8, 8, 8, 8, 8, 8, 8, 8], [8, 0, 0, 0, 0, 0, 0, 0, 0, 0, 8], [8, 0, 0, 0, 0, 0, 0, 0, 0, 0, 8], [8, 0, 0, 0, 0, 0, 0, 0, 0, 0, 8], [8, 0, 0, 0, 0, 0, 0, 0, 0, 0, 8], [8, 4, 4, 4, 4, 4, 4, 4, 0, 0, 8], [8, 4, 5, 5, 5, 5, 5, 4, 0, 0, 8], [8, 4, 5, 5, 5, 5, 5, 4, 0, 0, 8], [8, 4, 6, 6, 5, 5, 5, 4, 0, 0, 8], [8, 4, 6, 6, 5, 5, 5, 4, 0, 0, 8], [8, 4, 4, 4, 4, 4, 4, 4, 0, 0, 8], [8, 8, 8, 8, 8, 8, 8, 8, 8, 8, 8]]}, {"input": [[0, 1, 2, 0, 1, 2, 0, 1, 2, 0, 1, 2, 0, 1, 2, 0, 1, 4, 4, 1, 2, 0, 1], [1, 2, 0, 1, 2, 0, 1, 2, 0, 1, 2, 0, 1, 2, 8, 8, 8, 4, 4, 2, 0, 1, 2], [1, 2, 0, 1, 2, 0, 1, 2, 0, 1, 2, 0, 1, 2, 8, 6, 6, 6, 8, 2, 0, 1, 2], [0, 1, 2, 0, 1, 3, 3, 3, 3, 3, 3, 3, 3, 3, 8, 6, 6, 6, 8, 1, 2, 0, 1], [1, 2, 0, 1, 2, 3, 1, 2, 0, 1, 2, 0, 1, 2, 8, 6, 6, 6, 8, 2, 0, 1, 2], [1, 2, 0, 1, 2, 3, 1, 2, 0, 1, 2, 0, 1, 2, 8, 8, 8, 8, 8, 2, 0, 1, 2], [0, 1, 2, 0, 1, 3, 0, 1, 2, 0, 1, 2, 0, 1, 2, 0, 3, 2, 0, 1, 2, 0, 1], [1, 2, 0, 1, 2, 3, 1, 2, 0, 1, 2, 0, 1, 2, 0, 1, 3, 0, 1, 2, 0, 1, 2], [1, 2, 0, 1, 2, 3, 1, 2, 0, 1, 2, 0, 1, 2, 0, 1, 3, 0, 1, 2, 0, 1, 2], [0, 1, 2, 0, 1, 3, 0, 1, 2, 0, 1, 2, 0, 1, 2, 0, 3, 2, 0, 1, 2, 0, 1], [1, 2, 0, 1, 2, 3, 1, 2, 0, 1, 2, 0, 1, 2, 0, 1, 3, 0, 1, 2, 0, 1, 2], [1, 2, 0, 1, 2, 3, 3, 3, 3, 3, 3, 3, 3, 3, 3, 3, 3, 0, 1, 2, 0, 1, 2], [0, 1, 2, 0, 1, 2, 0, 1, 2, 0, 1, 2, 0, 1, 2, 0, 1, 2, 0, 1, 2, 0, 1]], "output": [[3, 3, 3, 3, 3, 3, 3, 3, 3, 3, 3, 3], [3, 0, 0, 0, 0, 0, 0, 0, 0, 0, 0, 3], [3, 0, 0, 0, 0, 0, 0, 0, 0, 0, 0, 3], [3, 8, 8, 8, 8, 8, 0, 0, 0, 0, 0, 3], [3, 8, 6, 6, 6, 8, 0, 0, 0, 0, 0, 3], [3, 8, 4, 4, 6, 8, 0, 0, 0, 0, 0, 3], [3, 8, 4, 4, 6, 8, 0, 0, 0, 0, 0, 3], [3, 8, 8, 8, 8, 8, 0, 0, 0, 0, 0, 3], [3, 3, 3, 3, 3, 3, 3, 3, 3, 3, 3, 3]]}, {"input": [[0, 1, 0, 1, 0, 1, 0, 1, 0, 1, 0, 1, 0, 1, 0, 1, 0, 1, 0, 1, 0, 1, 0], [1, 0, 3, 3, 3, 3, 3, 3, 3, 3, 1, 0, 1, 0, 1, 0, 1, 0, 1, 0, 1, 0, 1], [0, 1, 3, 8, 8, 8, 8, 8, 8, 3, 0, 1, 0, 1, 0, 1, 0, 1, 0, 1, 0, 1, 0], [1, 0, 3, 8, 8, 8, 8, 8, 8, 3, 1, 0, 1, 0, 1, 0, 1, 0, 1, 0, 1, 0, 1], [0, 1, 3, 8, 8, 8, 8, 8, 8, 3, 0, 1, 4, 4, 4, 1, 0, 1, 0, 1, 0, 1, 0], [1, 0, 3, 8, 8, 8, 8, 8, 8, 3, 1, 0, 4, 4, 4, 0, 1, 0, 1, 0, 1, 0, 1], [0, 1, 3, 8, 8, 8, 8, 8, 8, 3, 0, 1, 4, 4, 4, 1, 0, 1, 0, 1, 0, 1, 0], [1, 0, 3, 8, 8, 8, 8, 8, 8, 3, 1, 0, 1, 0, 1, 0, 1, 0, 1, 0, 1, 0, 1], [0, 1, 3, 3, 3, 3, 3, 3, 3, 3, 0, 1, 0, 1, 0, 1, 0, 1, 0, 1, 0, 1, 0], [1, 0, 1, 0, 1, 0, 1, 0, 1, 0, 1, 0, 1, 0, 1, 0, 1, 0, 1, 0, 1, 0, 1], [0, 1, 0, 1, 0, 1, 0, 1, 0, 1, 0, 1, 0, 1, 0, 1, 0, 1, 0, 1, 0, 1, 0], [1, 0, 1, 0, 1, 0, 1, 0, 1, 0, 1, 0, 1, 0, 1, 0, 1, 0, 1, 0, 1, 0, 1], [0, 1, 0, 1, 0, 1, 0, 1, 0, 1, 0, 1, 0, 1, 0, 1, 0, 1, 0, 1, 0, 1, 0], [1, 0, 1, 0, 1, 0, 1, 0, 1, 0, 1, 0, 1, 0, 1, 0, 1, 0, 1, 0, 1, 0, 1], [0, 1, 0, 1, 0, 1, 0, 1, 0, 1, 0, 1, 0, 1, 0, 1, 0, 1, 0, 1, 0, 1, 0], [1, 0, 1, 0, 1, 0, 1, 0, 1, 0, 1, 0, 1, 0, 1, 0, 1, 0, 1, 0, 1, 0, 1]], "output": [[3, 3, 3, 3, 3, 3, 3, 3], [3, 8, 8, 8, 8, 8, 8, 3], [3, 8, 8, 8, 8, 8, 8, 3], [3, 8, 8, 8, 8, 8, 8, 3], [3, 4, 4, 4, 8, 8, 8, 3], [3, 4, 4, 4, 8, 8, 8, 3], [3, 4, 4, 4, 8, 8, 8, 3], [3, 3, 3, 3, 3, 3, 3, 3]]}], "test": [{"input": [[2, 3, 3, 2, 3, 3, 2, 3, 3, 2, 3, 3, 2, 3, 3, 2, 3, 3, 2, 3, 3, 2, 3, 3, 2, 3, 3], [1, 2, 2, 1, 2, 2, 1, 2, 2, 1, 2, 2, 1, 2, 2, 1, 2, 2, 1, 2, 2, 1, 2, 2, 1, 2, 2], [3, 1, 1, 8, 8, 8, 8, 8, 8, 8, 8, 8, 8, 8, 8, 8, 1, 1, 3, 1, 1, 9, 9, 1, 3, 1, 1], [2, 3, 3, 8, 3, 3, 2, 3, 3, 2, 3, 3, 2, 3, 3, 8, 3, 3, 2, 3, 3, 9, 9, 3, 2, 3, 3], [1, 2, 2, 8, 2, 2, 1, 2, 2, 1, 2, 2, 1, 2, 2, 8, 2, 2, 1, 2, 2, 1, 2, 2, 1, 2, 2], [3, 1, 1, 8, 1, 1, 3, 1, 1, 3, 1, 1, 3, 1, 1, 8, 1, 1, 3, 1, 1, 3, 1, 1, 3, 1, 1], [2, 3, 3, 8, 3, 3, 2, 3, 3, 2, 6, 6, 6, 6, 6, 6, 6, 6, 6, 3, 3, 2, 3, 3, 2, 3, 3], [1, 2, 2, 8, 2, 2, 1, 2, 2, 1, 6, 2, 1, 2, 2, 8, 2, 2, 6, 2, 2, 1, 2, 2, 1, 2, 2], [3, 1, 1, 8, 1, 1, 3, 1, 1, 3, 6, 1, 3, 4, 4, 4, 4, 1, 6, 1, 1, 3, 1, 1, 3, 1, 1], [2, 3, 3, 8, 3, 3, 2, 3, 3, 2, 6, 3, 2, 4, 4, 4, 4, 3, 6, 3, 3, 2, 3, 3, 2, 3, 3], [1, 2, 2, 8, 2, 2, 1, 2, 2, 1, 6, 2, 1, 4, 4, 4, 4, 2, 6, 2, 2, 1, 2, 2, 1, 2, 2], [3, 1, 1, 8, 1, 1, 3, 1, 1, 3, 6, 1, 3, 1, 1, 8, 1, 1, 6, 1, 1, 3, 1, 1, 3, 1, 1], [2, 3, 3, 8, 3, 3, 2, 3, 3, 2, 6, 6, 6, 6, 6, 6, 6, 6, 6, 3, 3, 2, 3, 3, 2, 3, 3], [1, 2, 2, 8, 2, 2, 1, 2, 2, 1, 2, 2, 1, 2, 2, 8, 2, 2, 1, 2, 2, 1, 2, 2, 1, 2, 2], [3, 1, 1, 8, 1, 1, 3, 1, 1, 3, 1, 1, 3, 1, 1, 8, 1, 1, 3, 1, 1, 3, 1, 1, 3, 1, 1], [2, 3, 3, 8, 3, 3, 2, 3, 3, 2, 3, 3, 2, 3, 3, 8, 3, 3, 2, 3, 3, 2, 3, 3, 2, 3, 3], [1, 2, 2, 8, 8, 8, 8, 8, 8, 8, 8, 8, 8, 8, 8, 8, 2, 2, 1, 2, 2, 1, 2, 2, 1, 2, 2], [3, 1, 1, 3, 1, 1, 3, 1, 1, 3, 1, 1, 3, 1, 1, 3, 1, 1, 3, 1, 1, 3, 1, 1, 3, 1, 1], [2, 3, 3, 2, 3, 3, 2, 3, 3, 2, 3, 3, 2, 3, 3, 2, 3, 3, 2, 3, 3, 2, 3, 3, 2, 3, 3]], "output": [[8, 8, 8, 8, 8, 8, 8, 8, 8, 8, 8, 8, 8], [8, 0, 0, 0, 0, 0, 0, 0, 0, 0, 0, 0, 8], [8, 0, 0, 0, 0, 0, 0, 0, 0, 0, 0, 0, 8], [8, 0, 0, 0, 0, 0, 0, 0, 0, 0, 0, 0, 8], [8, 0, 0, 0, 0, 0, 0, 0, 0, 0, 0, 0, 8], [8, 0, 0, 0, 0, 0, 0, 0, 0, 0, 0, 0, 8], [8, 0, 0, 0, 0, 0, 0, 0, 0, 0, 0, 0, 8], [8, 6, 6, 6, 6, 6, 6, 6, 6, 6, 0, 0, 8], [8, 6, 0, 0, 0, 0, 0, 0, 0, 6, 0, 0, 8], [8, 6, 0, 0, 0, 0, 0, 0, 0, 6, 0, 0, 8], [8, 6, 4, 4, 4, 4, 0, 0, 0, 6, 0, 0, 8], [8, 6, 9, 9, 4, 4, 0, 0, 0, 6, 0, 0, 8], [8, 6, 9, 9, 4, 4, 0, 0, 0, 6, 0, 0, 8], [8, 6, 6, 6, 6, 6, 6, 6, 6, 6, 0, 0, 8], [8, 8, 8, 8, 8, 8, 8, 8, 8, 8, 8, 8, 8]]}]}