{"train": [{"input": [[0, 7, 0, 5, 0, 6, 0, 5, 7, 0, 0], [8, 3, 6, 5, 0, 0, 0, 5, 0, 8, 0], [0, 0, 0, 5, 0, 3, 0, 5, 0, 0, 0], [5, 5, 5, 5, 5, 5, 5, 5, 5, 5, 5], [0, 8, 7, 5, 0, 3, 0, 5, 0, 0, 7], [0, 0, 0, 5, 8, 0, 0, 5, 0, 8, 6], [0, 0, 6, 5, 0, 0, 0, 5, 3, 0, 0], [5, 5, 5, 5, 5, 5, 5, 5, 5, 5, 5], [0, 6, 0, 5, 0, 8, 0, 5, 0, 0, 0], [8, 0, 0, 5, 3, 0, 0, 5, 4, 0, 8], [0, 7, 0, 5, 0, 6, 0, 5, 0, 6, 7]], "output": [[0, 0, 0, 5, 0, 0, 0, 5, 0, 0, 0], [0, 0, 0, 5, 0, 0, 0, 5, 0, 0, 0], [0, 0, 0, 5, 0, 0, 0, 5, 0, 0, 0], [5, 5, 5, 5, 5, 5, 5, 5, 5, 5, 5], [0, 0, 0, 5, 0, 0, 0, 5, 0, 0, 0], [4, 0, 8, 5, 0, 0, 0, 5, 0, 0, 0], [0, 6, 7, 5, 0, 0, 0, 5, 0, 0, 0], [5, 5, 5, 5, 5, 5, 5, 5, 5, 5, 5], [0, 0, 0, 5, 0, 0, 0, 5, 0, 0, 0], [0, 0, 0, 5, 0, 0, 0, 5, 0, 0, 0], [0, 0, 0, 5, 0, 0, 0, 5, 0, 0, 0]]}, {"input": [[3, 0, 0, 5, 0, 2, 0, 5, 0, 6, 0], [0, 0, 7, 5, 0, 0, 0, 5, 0, 0, 9], [0, 6, 0, 5, 0, 1, 0, 5, 0, 0, 0], [5, 5, 5, 5, 5, 5, 5, 5, 5, 5, 5], [0, 3, 0, 5, 0, 0, 0, 5, 0, 0, 0], [1, 0, 9, 5, 0, 0, 6, 5, 0, 7, 3], [0, 0, 0, 5, 0, 0, 0, 5, 0, 0, 0], [5, 5, 5, 5, 5, 5, 5, 5, 5, 5, 5], [9, 0, 0, 5, 0, 9, 0, 5, 0, 9, 0], [0, 6, 0, 5, 0, 0, 4, 5, 0, 0, 1], [0, 0, 0, 5, 7, 0, 0, 5, 0, 0, 0]], "output": [[0, 0, 0, 5, 0, 0, 0, 5, 0, 0, 0], [0, 0, 0, 5, 0, 0, 0, 5, 0, 0, 0], [0, 0, 0, 5, 0, 0, 0, 5, 0, 0, 0], [5, 5, 5, 5, 5, 5, 5, 5, 5, 5, 5], [0, 0, 0, 5, 0, 0, 0, 5, 0, 9, 0], [0, 0, 0, 5, 0, 0, 0, 5, 0, 0, 4], [0, 0, 0, 5, 0, 0, 0, 5, 7, 0, 0], [5, 5, 5, 5, 5, 5, 5, 5, 5, 5, 5], [0, 0, 0, 5, 0, 0, 0, 5, 0, 0, 0], [0, 0, 0, 5, 0, 0, 0, 5, 0, 0, 0], [0, 0, 0, 5, 0, 0, 0, 5, 0, 0, 0]]}, {"input": [[3, 0, 0, 5, 0, 1, 0, 5, 0, 0, 2], [0, 2, 0, 5, 0, 3, 0, 5, 0, 6, 0], [0, 0, 0, 5, 0, 0, 0, 5, 0, 0, 0], [5, 5, 5, 5, 5, 5, 5, 5, 5, 5, 5], [0, 1, 0, 5, 0, 0, 0, 5, 0, 3, 0], [7, 0, 6, 5, 2, 0, 7, 5, 0, 7, 0], [0, 0, 0, 5, 0, 0, 0, 5, 0, 6, 0], [5, 5, 5, 5, 5, 5, 5, 5, 5, 5, 5], [7, 0, 0, 5, 0, 4, 0, 5, 0, 0, 3], [0, 0, 0, 5, 0, 7, 0, 5, 2, 0, 0], [0, 3, 0, 5, 0, 3, 0, 5, 0, 0, 6]], "output": [[0, 0, 0, 5, 0, 4, 0, 5, 0, 0, 0], [0, 0, 0, 5, 0, 7, 0, 5, 0, 0, 0], [0, 0, 0, 5, 0, 3, 0, 5, 0, 0, 0], [5, 5, 5, 5, 5, 5, 5, 5, 5, 5, 5], [0, 0, 0, 5, 0, 0, 0, 5, 0, 0, 0], [0, 0, 0, 5, 0, 0, 0, 5, 0, 0, 0], [0, 0, 0, 5, 0, 0, 0, 5, 0, 0, 0], [5, 5, 5, 5, 5, 5, 5, 5, 5, 5, 5], [0, 0, 0, 5, 0, 0, 0, 5, 0, 0, 0], [0, 0, 0, 5, 0, 0, 0, 5, 0, 0, 0], [0, 0, 0, 5, 0, 0, 0, 5, 0, 0, 0]]}, {"input": [[3, 0, 0, 5, 7, 0, 6, 5, 8, 0, 7], [0, 0, 9, 5, 0, 3, 0, 5, 0, 6, 0], [7, 2, 0, 5, 0, 0, 2, 5, 0, 3, 0], [5, 5, 5, 5, 5, 5, 5, 5, 5, 5, 5], [7, 0, 2, 5, 8, 7, 0, 5, 0, 2, 3], [0, 0, 6, 5, 0, 0, 3, 5, 0, 0, 7], [3, 0, 0, 5, 2, 0, 0, 5, 0, 6, 0], [5, 5, 5, 5, 5, 5, 5, 5, 5, 5, 5], [0, 3, 4, 5, 0, 2, 0, 5, 2, 0, 7], [7, 0, 0, 5, 7, 0, 3, 5, 0, 0, 1], [0, 0, 2, 5, 0, 6, 0, 5, 0, 3, 0]], "output": [[0, 0, 0, 5, 0, 0, 0, 5, 0, 3, 4], [0, 0, 0, 5, 0, 0, 0, 5, 7, 0, 0], [0, 0, 0, 5, 0, 0, 0, 5, 0, 0, 2], [5, 5, 5, 5, 5, 5, 5, 5, 5, 5, 5], [0, 0, 0, 5, 0, 0, 0, 5, 0, 0, 0], [0, 0, 0, 5, 0, 0, 0, 5, 0, 0, 0], [0, 0, 0, 5, 0, 0, 0, 5, 0, 0, 0], [5, 5, 5, 5, 5, 5, 5, 5, 5, 5, 5], [0, 0, 0, 5, 0, 0, 0, 5, 0, 0, 0], [0, 0, 0, 5, 0, 0, 0, 5, 0, 0, 0], [0, 0, 0, 5, 0, 0, 0, 5, 0, 0, 0]]}], "test": [{"input": [[2, 0, 3, 5, 2, 0, 0, 5, 0, 3, 0], [7, 6, 0, 5, 0, 7, 0, 5, 6, 7, 0], [0, 0, 0, 5, 6, 0, 3, 5, 0, 0, 2], [5, 5, 5, 5, 5, 5, 5, 5, 5, 5, 5], [7, 0, 0, 5, 0, 0, 0, 5, 6, 0, 4], [0, 6, 0, 5, 0, 2, 7, 5, 0, 2, 0], [6, 0, 2, 5, 0, 3, 0, 5, 0, 7, 0], [5, 5, 5, 5, 5, 5, 5, 5, 5, 5, 5], [7, 0, 0, 5, 0, 6, 0, 5, 2, 3, 0], [0, 0, 6, 5, 0, 2, 0, 5, 0, 0, 0], [2, 0, 0, 5, 0, 7, 0, 5, 0, 6, 7]], "output": [[0, 0, 0, 5, 0, 0, 0, 5, 6, 0, 4], [0, 0, 0, 5, 0, 0, 0, 5, 0, 2, 0], [0, 0, 0, 5, 0, 0, 0, 5, 0, 7, 0], [5, 5, 5, 5, 5, 5, 5, 5, 5, 5, 5], [0, 0, 0, 5, 0, 0, 0, 5, 0, 0, 0], [0, 0, 0, 5, 0, 0, 0, 5, 0, 0, 0], [0, 0, 0, 5, 0, 0, 0, 5, 0, 0, 0], [5, 5, 5, 5, 5, 5, 5, 5, 5, 5, 5], [0, 0, 0, 5, 0, 0, 0, 5, 0, 0, 0], [0, 0, 0, 5, 0, 0, 0, 5, 0, 0, 0], [0, 0, 0, 5, 0, 0, 0, 5, 0, 0, 0]]}]}