{"train": [{"input": [[7, 7, 7], [9, 5, 5], [5, 1, 7]], "output": [[7, 7, 7], [9, 5, 5], [5, 1, 7], [5, 1, 7], [9, 5, 5], [7, 7, 7]]}, {"input": [[4, 8, 4], [7, 6, 7], [8, 7, 8]], "output": [[4, 8, 4], [7, 6, 7], [8, 7, 8], [8, 7, 8], [7, 6, 7], [4, 8, 4]]}, {"input": [[2, 6, 9], [2, 6, 9], [2, 9, 2]], "output": [[2, 6, 9], [2, 6, 9], [2, 9, 2], [2, 9, 2], [2, 6, 9], [2, 6, 9]]}, {"input": [[9, 1, 4], [9, 1, 4], [2, 1, 1]], "output": [[9, 1, 4], [9, 1, 4], [2, 1, 1], [2, 1, 1], [9, 1, 4], [9, 1, 4]]}], "test": [{"input": [[2, 9, 2], [8, 5, 2], [2, 2, 8]], "output": [[2, 9, 2], [8, 5, 2], [2, 2, 8], [2, 2, 8], [8, 5, 2], [2, 9, 2]]}]}