{"train": [{"input": [[0, 0, 0, 2, 2, 2, 2, 2, 2, 2, 2, 2, 2, 2, 2, 2, 0, 0, 0], [0, 0, 0, 2, 2, 2, 2, 2, 2, 2, 2, 2, 2, 2, 2, 2, 0, 0, 0], [0, 0, 0, 2, 2, 2, 2, 2, 2, 2, 2, 2, 2, 2, 2, 2, 0, 0, 0], [0, 0, 0, 0, 0, 0, 0, 0, 0, 0, 0, 0, 0, 0, 0, 0, 0, 0, 0], [0, 0, 0, 0, 0, 0, 0, 0, 0, 0, 0, 0, 0, 0, 0, 0, 0, 0, 0], [0, 0, 0, 0, 0, 0, 8, 8, 8, 8, 0, 0, 0, 0, 0, 0, 0, 0, 0], [0, 0, 0, 0, 0, 0, 8, 8, 8, 8, 0, 0, 0, 0, 0, 0, 0, 0, 0], [0, 0, 0, 0, 0, 0, 8, 8, 8, 8, 0, 0, 0, 2, 2, 2, 2, 2, 2], [0, 0, 0, 0, 0, 0, 8, 8, 8, 8, 0, 0, 0, 2, 2, 2, 2, 2, 2], [0, 0, 0, 0, 0, 0, 0, 0, 0, 0, 0, 0, 0, 2, 2, 2, 2, 2, 2], [0, 0, 0, 0, 0, 0, 0, 0, 0, 0, 0, 0, 0, 2, 2, 2, 2, 2, 2], [0, 0, 0, 0, 0, 0, 0, 0, 0, 0, 0, 0, 0, 0, 0, 0, 0, 0, 0], [0, 0, 1, 1, 1, 1, 1, 0, 0, 0, 0, 0, 0, 0, 0, 0, 0, 0, 0], [0, 0, 1, 1, 1, 1, 1, 0, 0, 0, 0, 0, 0, 0, 0, 0, 0, 0, 0], [0, 0, 1, 1, 1, 1, 1, 0, 0, 0, 0, 0, 0, 0, 0, 0, 0, 0, 0], [0, 0, 0, 0, 0, 0, 0, 0, 0, 0, 0, 0, 0, 0, 0, 0, 0, 0, 0], [0, 0, 0, 0, 0, 0, 0, 0, 0, 0, 0, 0, 0, 0, 0, 0, 0, 0, 0], [0, 0, 0, 0, 0, 0, 0, 0, 0, 0, 0, 0, 0, 0, 0, 0, 0, 0, 0], [0, 0, 0, 0, 0, 0, 0, 0, 0, 0, 0, 0, 0, 0, 0, 0, 0, 0, 0]], "output": [[0, 0, 0, 2, 2, 2, 4, 4, 4, 4, 2, 2, 2, 2, 2, 2, 0, 0, 0], [0, 0, 0, 2, 2, 2, 4, 4, 4, 4, 2, 2, 2, 2, 2, 2, 0, 0, 0], [0, 0, 0, 2, 2, 2, 4, 4, 4, 4, 2, 2, 2, 2, 2, 2, 0, 0, 0], [0, 0, 0, 0, 0, 0, 4, 4, 4, 4, 0, 0, 0, 0, 0, 0, 0, 0, 0], [0, 0, 0, 0, 0, 0, 4, 4, 4, 4, 0, 0, 0, 0, 0, 0, 0, 0, 0], [4, 4, 4, 4, 4, 4, 8, 8, 8, 8, 4, 4, 4, 4, 4, 4, 4, 4, 4], [4, 4, 4, 4, 4, 4, 8, 8, 8, 8, 4, 4, 4, 4, 4, 4, 4, 4, 4], [4, 4, 4, 4, 4, 4, 8, 8, 8, 8, 4, 4, 4, 4, 4, 4, 4, 4, 4], [4, 4, 4, 4, 4, 4, 8, 8, 8, 8, 4, 4, 4, 4, 4, 4, 4, 4, 4], [0, 0, 0, 0, 0, 0, 4, 4, 4, 4, 0, 0, 0, 2, 2, 2, 2, 2, 2], [0, 0, 0, 0, 0, 0, 4, 4, 4, 4, 0, 0, 0, 2, 2, 2, 2, 2, 2], [0, 0, 0, 0, 0, 0, 4, 4, 4, 4, 0, 0, 0, 0, 0, 0, 0, 0, 0], [0, 0, 1, 1, 1, 1, 1, 4, 4, 4, 0, 0, 0, 0, 0, 0, 0, 0, 0], [0, 0, 1, 1, 1, 1, 1, 4, 4, 4, 0, 0, 0, 0, 0, 0, 0, 0, 0], [0, 0, 1, 1, 1, 1, 1, 4, 4, 4, 0, 0, 0, 0, 0, 0, 0, 0, 0], [0, 0, 0, 0, 0, 0, 0, 4, 4, 4, 0, 0, 0, 0, 0, 0, 0, 0, 0], [0, 0, 0, 0, 0, 0, 0, 4, 4, 4, 0, 0, 0, 0, 0, 0, 0, 0, 0], [0, 0, 0, 0, 0, 0, 0, 4, 4, 4, 0, 0, 0, 0, 0, 0, 0, 0, 0], [0, 0, 0, 0, 0, 0, 0, 4, 4, 4, 0, 0, 0, 0, 0, 0, 0, 0, 0]]}, {"input": [[0, 0, 0, 0, 0, 0, 1, 1, 1, 0, 2, 2, 2, 2, 2, 0, 0, 0, 0], [0, 2, 2, 2, 2, 0, 1, 1, 1, 0, 2, 2, 2, 2, 2, 0, 0, 0, 0], [0, 2, 2, 2, 2, 0, 1, 1, 1, 0, 2, 2, 2, 2, 2, 0, 0, 0, 0], [0, 2, 2, 2, 2, 0, 0, 0, 0, 0, 2, 2, 2, 2, 2, 0, 0, 0, 0], [0, 0, 0, 0, 0, 0, 0, 0, 0, 0, 2, 2, 2, 2, 2, 0, 0, 0, 0], [0, 1, 1, 0, 0, 0, 0, 0, 0, 0, 2, 2, 2, 2, 2, 0, 0, 0, 0], [0, 1, 1, 0, 0, 0, 0, 0, 0, 0, 0, 0, 0, 0, 0, 0, 0, 0, 0], [0, 0, 0, 0, 0, 8, 8, 8, 8, 8, 8, 0, 0, 0, 0, 0, 0, 0, 0], [0, 0, 0, 0, 0, 8, 8, 8, 8, 8, 8, 0, 0, 0, 0, 2, 2, 2, 2], [2, 2, 2, 2, 0, 8, 8, 8, 8, 8, 8, 0, 0, 0, 0, 2, 2, 2, 2], [2, 2, 2, 2, 0, 8, 8, 8, 8, 8, 8, 0, 0, 0, 0, 2, 2, 2, 2], [2, 2, 2, 2, 0, 8, 8, 8, 8, 8, 8, 0, 0, 0, 0, 0, 0, 0, 0], [2, 2, 2, 2, 0, 8, 8, 8, 8, 8, 8, 0, 2, 2, 0, 0, 0, 0, 0], [0, 0, 0, 0, 0, 8, 8, 8, 8, 8, 8, 0, 2, 2, 0, 0, 1, 1, 1], [0, 0, 0, 0, 0, 0, 0, 0, 0, 0, 0, 0, 2, 2, 0, 0, 1, 1, 1], [0, 0, 0, 0, 0, 0, 0, 0, 0, 0, 0, 0, 0, 0, 0, 0, 1, 1, 1], [0, 0, 0, 0, 2, 2, 2, 2, 2, 0, 1, 1, 1, 1, 0, 0, 0, 0, 0], [0, 0, 0, 0, 2, 2, 2, 2, 2, 0, 1, 1, 1, 1, 0, 0, 0, 0, 0], [0, 0, 0, 0, 2, 2, 2, 2, 2, 0, 0, 0, 0, 0, 0, 0, 0, 0, 0]], "output": [[0, 0, 0, 0, 0, 4, 1, 1, 1, 4, 4, 2, 2, 2, 2, 0, 0, 0, 0], [0, 2, 2, 2, 2, 4, 1, 1, 1, 4, 4, 2, 2, 2, 2, 0, 0, 0, 0], [0, 2, 2, 2, 2, 4, 1, 1, 1, 4, 4, 2, 2, 2, 2, 0, 0, 0, 0], [0, 2, 2, 2, 2, 4, 4, 4, 4, 4, 4, 2, 2, 2, 2, 0, 0, 0, 0], [0, 0, 0, 0, 0, 4, 4, 4, 4, 4, 4, 2, 2, 2, 2, 0, 0, 0, 0], [0, 1, 1, 0, 0, 4, 4, 4, 4, 4, 4, 2, 2, 2, 2, 0, 0, 0, 0], [0, 1, 1, 0, 0, 4, 4, 4, 4, 4, 4, 0, 0, 0, 0, 0, 0, 0, 0], [4, 4, 4, 4, 4, 8, 8, 8, 8, 8, 8, 4, 4, 4, 4, 4, 4, 4, 4], [4, 4, 4, 4, 4, 8, 8, 8, 8, 8, 8, 4, 4, 4, 4, 4, 4, 4, 4], [4, 4, 4, 4, 4, 8, 8, 8, 8, 8, 8, 4, 4, 4, 4, 4, 4, 4, 4], [4, 4, 4, 4, 4, 8, 8, 8, 8, 8, 8, 4, 4, 4, 4, 4, 4, 4, 4], [4, 4, 4, 4, 4, 8, 8, 8, 8, 8, 8, 4, 4, 4, 4, 4, 4, 4, 4], [4, 4, 4, 4, 4, 8, 8, 8, 8, 8, 8, 4, 4, 4, 4, 4, 4, 4, 4], [4, 4, 4, 4, 4, 8, 8, 8, 8, 8, 8, 4, 4, 4, 4, 4, 1, 1, 1], [0, 0, 0, 0, 0, 4, 4, 4, 4, 4, 4, 0, 2, 2, 0, 0, 1, 1, 1], [0, 0, 0, 0, 0, 4, 4, 4, 4, 4, 4, 0, 0, 0, 0, 0, 1, 1, 1], [0, 0, 0, 0, 2, 4, 4, 4, 4, 4, 1, 1, 1, 1, 0, 0, 0, 0, 0], [0, 0, 0, 0, 2, 4, 4, 4, 4, 4, 1, 1, 1, 1, 0, 0, 0, 0, 0], [0, 0, 0, 0, 2, 4, 4, 4, 4, 4, 0, 0, 0, 0, 0, 0, 0, 0, 0]]}, {"input": [[0, 0, 0, 0, 0, 0, 0, 0, 0, 0, 0, 0, 0, 0, 0, 0, 0, 0, 0], [0, 0, 0, 0, 0, 2, 2, 2, 0, 0, 1, 1, 1, 1, 1, 1, 1, 1, 1], [0, 1, 1, 1, 0, 2, 2, 2, 0, 0, 1, 1, 1, 1, 1, 1, 1, 1, 1], [0, 1, 1, 1, 0, 0, 0, 0, 0, 0, 0, 0, 0, 0, 0, 0, 0, 0, 0], [0, 1, 1, 1, 0, 0, 0, 0, 0, 0, 0, 0, 0, 0, 0, 0, 0, 0, 0], [0, 1, 1, 1, 0, 0, 8, 8, 8, 8, 8, 8, 8, 0, 0, 0, 0, 0, 0], [0, 1, 1, 1, 0, 0, 8, 8, 8, 8, 8, 8, 8, 0, 0, 0, 0, 0, 0], [0, 0, 0, 0, 0, 0, 8, 8, 8, 8, 8, 8, 8, 0, 0, 0, 0, 0, 0], [0, 0, 0, 0, 0, 0, 8, 8, 8, 8, 8, 8, 8, 0, 0, 0, 0, 0, 0], [0, 0, 0, 0, 0, 0, 0, 0, 0, 0, 0, 0, 0, 0, 0, 0, 0, 0, 0], [0, 0, 0, 1, 1, 1, 1, 1, 1, 1, 0, 0, 0, 0, 0, 0, 0, 0, 0], [0, 0, 0, 1, 1, 1, 1, 1, 1, 1, 0, 0, 0, 0, 0, 0, 0, 0, 0], [0, 0, 0, 0, 0, 0, 0, 0, 0, 0, 0, 0, 2, 2, 2, 2, 2, 2, 0], [0, 0, 0, 0, 0, 0, 0, 0, 0, 0, 0, 0, 2, 2, 2, 2, 2, 2, 0], [0, 0, 2, 2, 2, 2, 2, 2, 2, 0, 0, 0, 2, 2, 2, 2, 2, 2, 0], [0, 0, 2, 2, 2, 2, 2, 2, 2, 0, 0, 0, 0, 0, 0, 0, 0, 0, 0], [0, 0, 0, 0, 0, 0, 0, 0, 0, 0, 0, 0, 0, 0, 0, 0, 0, 0, 0], [0, 0, 0, 0, 0, 0, 0, 0, 0, 0, 0, 0, 0, 0, 0, 0, 0, 0, 0], [0, 0, 0, 0, 0, 0, 0, 0, 0, 0, 0, 0, 0, 0, 0, 0, 0, 0, 0]], "output": [[0, 0, 0, 0, 0, 0, 4, 4, 4, 4, 0, 0, 0, 0, 0, 0, 0, 0, 0], [0, 0, 0, 0, 0, 2, 4, 4, 4, 4, 1, 1, 1, 1, 1, 1, 1, 1, 1], [0, 1, 1, 1, 0, 2, 4, 4, 4, 4, 1, 1, 1, 1, 1, 1, 1, 1, 1], [0, 1, 1, 1, 0, 0, 4, 4, 4, 4, 4, 4, 4, 0, 0, 0, 0, 0, 0], [0, 1, 1, 1, 0, 0, 4, 4, 4, 4, 4, 4, 4, 0, 0, 0, 0, 0, 0], [0, 1, 1, 1, 4, 4, 8, 8, 8, 8, 8, 8, 8, 4, 4, 4, 4, 4, 4], [0, 1, 1, 1, 4, 4, 8, 8, 8, 8, 8, 8, 8, 4, 4, 4, 4, 4, 4], [4, 4, 4, 4, 4, 4, 8, 8, 8, 8, 8, 8, 8, 4, 4, 4, 4, 4, 4], [4, 4, 4, 4, 4, 4, 8, 8, 8, 8, 8, 8, 8, 4, 4, 4, 4, 4, 4], [0, 0, 0, 0, 0, 0, 4, 4, 4, 4, 4, 4, 4, 0, 0, 0, 0, 0, 0], [0, 0, 0, 1, 1, 1, 1, 1, 1, 1, 4, 4, 4, 0, 0, 0, 0, 0, 0], [0, 0, 0, 1, 1, 1, 1, 1, 1, 1, 4, 4, 4, 0, 0, 0, 0, 0, 0], [0, 0, 0, 0, 0, 0, 0, 0, 0, 0, 4, 4, 4, 2, 2, 2, 2, 2, 0], [0, 0, 0, 0, 0, 0, 0, 0, 0, 0, 4, 4, 4, 2, 2, 2, 2, 2, 0], [0, 0, 2, 2, 2, 2, 2, 2, 2, 0, 4, 4, 4, 2, 2, 2, 2, 2, 0], [0, 0, 2, 2, 2, 2, 2, 2, 2, 0, 4, 4, 4, 0, 0, 0, 0, 0, 0], [0, 0, 0, 0, 0, 0, 0, 0, 0, 0, 4, 4, 4, 0, 0, 0, 0, 0, 0], [0, 0, 0, 0, 0, 0, 0, 0, 0, 0, 4, 4, 4, 0, 0, 0, 0, 0, 0], [0, 0, 0, 0, 0, 0, 0, 0, 0, 0, 4, 4, 4, 0, 0, 0, 0, 0, 0]]}, {"input": [[0, 0, 0, 1, 1, 1, 0, 2, 2, 2, 2, 2, 0, 0, 0, 0, 0, 0], [0, 0, 0, 1, 1, 1, 0, 2, 2, 2, 2, 2, 0, 0, 0, 0, 0, 0], [0, 0, 0, 0, 0, 0, 0, 0, 0, 0, 0, 0, 0, 0, 0, 0, 0, 0], [0, 0, 0, 0, 0, 0, 0, 0, 0, 0, 2, 2, 2, 0, 0, 0, 0, 0], [1, 1, 0, 0, 0, 0, 0, 0, 0, 0, 2, 2, 2, 0, 0, 0, 0, 0], [1, 1, 0, 0, 0, 0, 0, 0, 0, 0, 2, 2, 2, 0, 0, 0, 0, 0], [1, 1, 0, 0, 8, 8, 8, 8, 0, 0, 0, 0, 0, 0, 0, 0, 0, 0], [1, 1, 0, 0, 8, 8, 8, 8, 0, 0, 0, 0, 0, 0, 0, 0, 0, 0], [1, 1, 0, 0, 8, 8, 8, 8, 0, 0, 0, 0, 0, 1, 1, 1, 0, 0], [0, 0, 0, 0, 8, 8, 8, 8, 0, 0, 0, 0, 0, 1, 1, 1, 0, 0], [0, 0, 0, 0, 0, 0, 0, 0, 0, 0, 0, 0, 0, 1, 1, 1, 0, 0], [0, 0, 0, 0, 0, 0, 2, 2, 2, 0, 0, 0, 0, 1, 1, 1, 0, 0], [0, 0, 0, 0, 0, 0, 2, 2, 2, 0, 0, 0, 0, 0, 0, 0, 0, 0], [0, 0, 0, 0, 0, 0, 0, 0, 0, 0, 2, 2, 2, 2, 2, 0, 0, 0], [0, 2, 2, 2, 0, 0, 0, 0, 0, 0, 2, 2, 2, 2, 2, 0, 0, 0], [0, 2, 2, 2, 0, 0, 1, 1, 0, 0, 2, 2, 2, 2, 2, 0, 0, 0], [0, 2, 2, 2, 0, 0, 1, 1, 0, 0, 0, 0, 0, 0, 0, 0, 0, 0], [0, 0, 0, 0, 0, 0, 0, 0, 0, 0, 0, 0, 0, 0, 0, 0, 0, 0], [0, 0, 0, 0, 0, 0, 0, 0, 0, 0, 0, 0, 0, 0, 0, 0, 0, 0]], "output": [[0, 0, 0, 1, 1, 1, 4, 4, 2, 2, 2, 2, 0, 0, 0, 0, 0, 0], [0, 0, 0, 1, 1, 1, 4, 4, 2, 2, 2, 2, 0, 0, 0, 0, 0, 0], [0, 0, 0, 0, 4, 4, 4, 4, 0, 0, 0, 0, 0, 0, 0, 0, 0, 0], [0, 0, 0, 0, 4, 4, 4, 4, 0, 0, 2, 2, 2, 0, 0, 0, 0, 0], [1, 1, 0, 0, 4, 4, 4, 4, 0, 0, 2, 2, 2, 0, 0, 0, 0, 0], [1, 1, 0, 0, 4, 4, 4, 4, 0, 0, 2, 2, 2, 0, 0, 0, 0, 0], [1, 1, 4, 4, 8, 8, 8, 8, 4, 4, 4, 4, 4, 4, 4, 4, 4, 4], [1, 1, 4, 4, 8, 8, 8, 8, 4, 4, 4, 4, 4, 4, 4, 4, 4, 4], [1, 1, 4, 4, 8, 8, 8, 8, 4, 4, 4, 4, 4, 1, 1, 1, 0, 0], [4, 4, 4, 4, 8, 8, 8, 8, 4, 4, 4, 4, 4, 1, 1, 1, 0, 0], [0, 0, 0, 0, 4, 4, 4, 4, 0, 0, 0, 0, 0, 1, 1, 1, 0, 0], [0, 0, 0, 0, 4, 4, 4, 4, 2, 0, 0, 0, 0, 1, 1, 1, 0, 0], [0, 0, 0, 0, 4, 4, 4, 4, 2, 0, 0, 0, 0, 0, 0, 0, 0, 0], [0, 0, 0, 0, 4, 4, 4, 4, 0, 0, 2, 2, 2, 2, 2, 0, 0, 0], [0, 2, 2, 2, 4, 4, 4, 4, 0, 0, 2, 2, 2, 2, 2, 0, 0, 0], [0, 2, 2, 2, 4, 4, 1, 1, 0, 0, 2, 2, 2, 2, 2, 0, 0, 0], [0, 2, 2, 2, 4, 4, 1, 1, 0, 0, 0, 0, 0, 0, 0, 0, 0, 0], [0, 0, 0, 0, 4, 4, 0, 0, 0, 0, 0, 0, 0, 0, 0, 0, 0, 0], [0, 0, 0, 0, 4, 4, 0, 0, 0, 0, 0, 0, 0, 0, 0, 0, 0, 0]]}], "test": [{"input": [[2, 2, 2, 2, 2, 2, 2, 0, 0, 1, 1, 1, 1, 1, 1, 1, 1, 0, 0], [2, 2, 2, 2, 2, 2, 2, 0, 0, 1, 1, 1, 1, 1, 1, 1, 1, 0, 0], [2, 2, 2, 2, 2, 2, 2, 0, 0, 1, 1, 1, 1, 1, 1, 1, 1, 0, 0], [0, 0, 0, 0, 0, 0, 0, 0, 0, 0, 0, 0, 0, 0, 0, 0, 0, 0, 0], [0, 0, 0, 0, 0, 0, 0, 0, 0, 0, 0, 0, 0, 0, 1, 1, 1, 1, 1], [0, 0, 0, 0, 0, 8, 8, 8, 8, 8, 8, 8, 0, 0, 1, 1, 1, 1, 1], [0, 0, 0, 0, 0, 8, 8, 8, 8, 8, 8, 8, 0, 0, 1, 1, 1, 1, 1], [2, 2, 2, 2, 0, 8, 8, 8, 8, 8, 8, 8, 0, 0, 1, 1, 1, 1, 1], [2, 2, 2, 2, 0, 8, 8, 8, 8, 8, 8, 8, 0, 0, 1, 1, 1, 1, 1], [2, 2, 2, 2, 0, 8, 8, 8, 8, 8, 8, 8, 0, 0, 1, 1, 1, 1, 1], [2, 2, 2, 2, 0, 0, 0, 0, 0, 0, 0, 0, 0, 0, 1, 1, 1, 1, 1], [2, 2, 2, 2, 0, 0, 0, 0, 0, 0, 0, 0, 0, 0, 1, 1, 1, 1, 1], [2, 2, 2, 2, 0, 0, 0, 0, 0, 0, 0, 0, 0, 0, 0, 0, 0, 0, 0], [0, 0, 0, 0, 0, 0, 0, 2, 2, 2, 2, 0, 0, 0, 0, 0, 0, 0, 0], [0, 0, 0, 0, 0, 0, 0, 2, 2, 2, 2, 0, 0, 0, 0, 0, 0, 0, 0], [0, 0, 0, 0, 0, 0, 0, 0, 0, 0, 0, 0, 0, 0, 0, 0, 0, 0, 0], [0, 0, 0, 0, 0, 0, 0, 0, 0, 0, 0, 0, 0, 0, 0, 0, 0, 0, 0], [0, 0, 0, 0, 0, 0, 0, 0, 0, 0, 0, 0, 0, 0, 0, 0, 0, 0, 0], [0, 0, 0, 0, 0, 0, 0, 0, 0, 0, 0, 0, 0, 0, 0, 0, 0, 0, 0]], "output": [[2, 2, 2, 2, 2, 4, 4, 4, 4, 1, 1, 1, 1, 1, 1, 1, 1, 0, 0], [2, 2, 2, 2, 2, 4, 4, 4, 4, 1, 1, 1, 1, 1, 1, 1, 1, 0, 0], [2, 2, 2, 2, 2, 4, 4, 4, 4, 1, 1, 1, 1, 1, 1, 1, 1, 0, 0], [0, 0, 0, 0, 0, 4, 4, 4, 4, 4, 4, 4, 0, 0, 0, 0, 0, 0, 0], [0, 0, 0, 0, 0, 4, 4, 4, 4, 4, 4, 4, 0, 0, 1, 1, 1, 1, 1], [4, 4, 4, 4, 4, 8, 8, 8, 8, 8, 8, 8, 4, 4, 1, 1, 1, 1, 1], [4, 4, 4, 4, 4, 8, 8, 8, 8, 8, 8, 8, 4, 4, 1, 1, 1, 1, 1], [4, 4, 4, 4, 4, 8, 8, 8, 8, 8, 8, 8, 4, 4, 1, 1, 1, 1, 1], [4, 4, 4, 4, 4, 8, 8, 8, 8, 8, 8, 8, 4, 4, 1, 1, 1, 1, 1], [4, 4, 4, 4, 4, 8, 8, 8, 8, 8, 8, 8, 4, 4, 1, 1, 1, 1, 1], [2, 2, 2, 2, 0, 4, 4, 4, 4, 4, 4, 4, 0, 0, 1, 1, 1, 1, 1], [2, 2, 2, 2, 0, 4, 4, 4, 4, 4, 4, 4, 0, 0, 1, 1, 1, 1, 1], [2, 2, 2, 2, 0, 4, 4, 4, 4, 4, 4, 4, 0, 0, 0, 0, 0, 0, 0], [0, 0, 0, 0, 0, 4, 4, 4, 4, 4, 4, 4, 0, 0, 0, 0, 0, 0, 0], [0, 0, 0, 0, 0, 4, 4, 4, 4, 4, 4, 4, 0, 0, 0, 0, 0, 0, 0], [0, 0, 0, 0, 0, 4, 4, 4, 4, 4, 4, 4, 0, 0, 0, 0, 0, 0, 0], [0, 0, 0, 0, 0, 4, 4, 4, 4, 4, 4, 4, 0, 0, 0, 0, 0, 0, 0], [0, 0, 0, 0, 0, 4, 4, 4, 4, 4, 4, 4, 0, 0, 0, 0, 0, 0, 0], [0, 0, 0, 0, 0, 4, 4, 4, 4, 4, 4, 4, 0, 0, 0, 0, 0, 0, 0]]}, {"input": [[0, 0, 2, 2, 2, 2, 2, 0, 1, 1, 0, 0, 0, 2, 2, 2, 2, 0, 0], [0, 0, 2, 2, 2, 2, 2, 0, 1, 1, 0, 0, 0, 2, 2, 2, 2, 0, 0], [0, 0, 2, 2, 2, 2, 2, 0, 0, 0, 0, 0, 0, 2, 2, 2, 2, 0, 0], [0, 0, 0, 0, 0, 0, 0, 0, 0, 0, 0, 0, 0, 2, 2, 2, 2, 0, 0], [0, 0, 0, 0, 0, 0, 0, 0, 0, 0, 0, 0, 0, 2, 2, 2, 2, 0, 0], [0, 0, 0, 0, 8, 8, 8, 8, 8, 8, 0, 0, 0, 2, 2, 2, 2, 0, 0], [0, 0, 0, 0, 8, 8, 8, 8, 8, 8, 0, 0, 0, 0, 0, 0, 0, 0, 0], [0, 0, 0, 0, 8, 8, 8, 8, 8, 8, 0, 0, 0, 0, 0, 0, 0, 0, 0], [0, 0, 0, 0, 8, 8, 8, 8, 8, 8, 0, 0, 0, 1, 1, 1, 1, 1, 0], [2, 2, 2, 0, 8, 8, 8, 8, 8, 8, 0, 0, 0, 1, 1, 1, 1, 1, 0], [2, 2, 2, 0, 0, 0, 0, 0, 0, 0, 0, 0, 0, 1, 1, 1, 1, 1, 0], [2, 2, 2, 0, 0, 0, 0, 0, 0, 0, 0, 0, 0, 1, 1, 1, 1, 1, 0], [0, 0, 0, 0, 0, 0, 0, 0, 0, 0, 0, 0, 0, 1, 1, 1, 1, 1, 0], [0, 0, 0, 0, 0, 0, 0, 0, 0, 0, 0, 0, 0, 0, 0, 0, 0, 0, 0], [0, 0, 0, 0, 0, 0, 1, 1, 1, 1, 1, 0, 0, 0, 0, 0, 0, 0, 0], [0, 0, 0, 0, 0, 0, 1, 1, 1, 1, 1, 0, 0, 0, 2, 2, 2, 2, 0], [0, 0, 0, 0, 0, 0, 1, 1, 1, 1, 1, 0, 0, 0, 2, 2, 2, 2, 0], [0, 0, 0, 0, 0, 0, 0, 0, 0, 0, 0, 0, 0, 0, 0, 0, 0, 0, 0], [0, 0, 0, 0, 0, 0, 0, 0, 0, 0, 0, 0, 0, 0, 0, 0, 0, 0, 0]], "output": [[0, 0, 2, 2, 4, 4, 4, 4, 1, 1, 0, 0, 0, 2, 2, 2, 2, 0, 0], [0, 0, 2, 2, 4, 4, 4, 4, 1, 1, 0, 0, 0, 2, 2, 2, 2, 0, 0], [0, 0, 2, 2, 4, 4, 4, 4, 4, 4, 0, 0, 0, 2, 2, 2, 2, 0, 0], [0, 0, 0, 0, 4, 4, 4, 4, 4, 4, 0, 0, 0, 2, 2, 2, 2, 0, 0], [0, 0, 0, 0, 4, 4, 4, 4, 4, 4, 0, 0, 0, 2, 2, 2, 2, 0, 0], [4, 4, 4, 4, 8, 8, 8, 8, 8, 8, 4, 4, 4, 4, 4, 4, 4, 4, 4], [4, 4, 4, 4, 8, 8, 8, 8, 8, 8, 4, 4, 4, 4, 4, 4, 4, 4, 4], [4, 4, 4, 4, 8, 8, 8, 8, 8, 8, 4, 4, 4, 4, 4, 4, 4, 4, 4], [4, 4, 4, 4, 8, 8, 8, 8, 8, 8, 4, 4, 4, 1, 1, 1, 1, 1, 0], [4, 4, 4, 4, 8, 8, 8, 8, 8, 8, 4, 4, 4, 1, 1, 1, 1, 1, 0], [2, 2, 2, 0, 4, 4, 4, 4, 4, 4, 0, 0, 0, 1, 1, 1, 1, 1, 0], [2, 2, 2, 0, 4, 4, 4, 4, 4, 4, 0, 0, 0, 1, 1, 1, 1, 1, 0], [0, 0, 0, 0, 4, 4, 4, 4, 4, 4, 0, 0, 0, 1, 1, 1, 1, 1, 0], [0, 0, 0, 0, 4, 4, 4, 4, 4, 4, 0, 0, 0, 0, 0, 0, 0, 0, 0], [0, 0, 0, 0, 4, 4, 1, 1, 1, 1, 1, 0, 0, 0, 0, 0, 0, 0, 0], [0, 0, 0, 0, 4, 4, 1, 1, 1, 1, 1, 0, 0, 0, 2, 2, 2, 2, 0], [0, 0, 0, 0, 4, 4, 1, 1, 1, 1, 1, 0, 0, 0, 2, 2, 2, 2, 0], [0, 0, 0, 0, 4, 4, 0, 0, 0, 0, 0, 0, 0, 0, 0, 0, 0, 0, 0], [0, 0, 0, 0, 4, 4, 0, 0, 0, 0, 0, 0, 0, 0, 0, 0, 0, 0, 0]]}]}