{"train": [{"input": [[2, 0, 0, 0, 2, 0, 0, 0, 2, 0, 0, 0, 2, 0, 0], [0, 2, 0, 2, 0, 2, 0, 2, 0, 2, 0, 2, 0, 2, 0], [0, 0, 2, 0, 0, 0, 2, 0, 0, 0, 2, 0, 0, 0, 2]], "output": [[2, 0, 0, 0, 2, 4, 4, 4, 2, 0, 0, 0, 2, 0, 0], [4, 2, 0, 2, 0, 2, 4, 2, 0, 2, 0, 2, 4, 2, 0], [4, 4, 2, 0, 0, 0, 2, 0, 0, 0, 2, 4, 4, 4, 2]]}, {"input": [[2, 0, 0, 0, 2, 0, 0, 0, 2, 0], [0, 2, 0, 2, 0, 2, 0, 2, 0, 2], [0, 0, 2, 0, 0, 0, 2, 0, 0, 0]], "output": [[2, 0, 0, 0, 2, 4, 4, 4, 2, 0], [4, 2, 0, 2, 0, 2, 4, 2, 0, 2], [4, 4, 2, 0, 0, 0, 2, 0, 0, 0]]}, {"input": [[2, 0, 0, 0, 2, 0, 0, 0, 2, 0, 0, 0, 2, 0, 0, 0, 2, 0], [0, 2, 0, 2, 0, 2, 0, 2, 0, 2, 0, 2, 0, 2, 0, 2, 0, 2], [0, 0, 2, 0, 0, 0, 2, 0, 0, 0, 2, 0, 0, 0, 2, 0, 0, 0]], "output": [[2, 0, 0, 0, 2, 4, 4, 4, 2, 0, 0, 0, 2, 0, 0, 0, 2, 4], [4, 2, 0, 2, 0, 2, 4, 2, 0, 2, 0, 2, 4, 2, 0, 2, 0, 2], [4, 4, 2, 0, 0, 0, 2, 0, 0, 0, 2, 4, 4, 4, 2, 0, 0, 0]]}], "test": [{"input": [[2, 0, 0, 0, 2, 0, 0, 0, 2, 0, 0, 0, 2, 0, 0, 0, 2, 0, 0, 0, 2, 0, 0, 0, 2], [0, 2, 0, 2, 0, 2, 0, 2, 0, 2, 0, 2, 0, 2, 0, 2, 0, 2, 0, 2, 0, 2, 0, 2, 0], [0, 0, 2, 0, 0, 0, 2, 0, 0, 0, 2, 0, 0, 0, 2, 0, 0, 0, 2, 0, 0, 0, 2, 0, 0]], "output": [[2, 0, 0, 0, 2, 4, 4, 4, 2, 0, 0, 0, 2, 0, 0, 0, 2, 4, 4, 4, 2, 0, 0, 0, 2], [4, 2, 0, 2, 0, 2, 4, 2, 0, 2, 0, 2, 4, 2, 0, 2, 0, 2, 4, 2, 0, 2, 0, 2, 4], [4, 4, 2, 0, 0, 0, 2, 0, 0, 0, 2, 4, 4, 4, 2, 0, 0, 0, 2, 0, 0, 0, 2, 4, 4]]}]}