{"train": [{"input": [[0, 7, 7, 7, 7, 7, 7, 7], [0, 7, 7, 7, 7, 7, 7, 7], [0, 7, 7, 7, 7, 7, 7, 7], [0, 8, 8, 7, 7, 7, 7, 7], [0, 7, 7, 7, 7, 7, 7, 7], [0, 8, 7, 7, 7, 7, 7, 7], [0, 7, 7, 7, 7, 7, 7, 7], [0, 8, 7, 7, 7, 7, 7, 7], [0, 7, 7, 7, 7, 7, 7, 7], [0, 7, 7, 7, 7, 7, 7, 7], [0, 8, 7, 7, 7, 7, 7, 7], [0, 7, 7, 7, 7, 7, 7, 7], [0, 8, 8, 7, 7, 7, 7, 7], [0, 7, 7, 7, 7, 7, 7, 7], [0, 7, 7, 7, 7, 7, 7, 7], [0, 8, 7, 7, 7, 7, 7, 7]], "output": [[0, 7, 7, 7, 7, 7, 7, 7], [0, 7, 7, 7, 7, 7, 7, 7], [0, 7, 7, 7, 7, 7, 7, 7], [0, 7, 7, 7, 7, 7, 0, 0], [0, 7, 7, 7, 7, 7, 7, 7], [0, 8, 8, 7, 7, 7, 7, 7], [0, 7, 7, 7, 7, 7, 7, 7], [0, 8, 8, 7, 7, 7, 7, 7], [0, 7, 7, 7, 7, 7, 7, 7], [0, 7, 7, 7, 7, 7, 7, 7], [0, 8, 8, 7, 7, 7, 7, 7], [0, 7, 7, 7, 7, 7, 7, 7], [0, 7, 7, 7, 7, 7, 0, 0], [0, 7, 7, 7, 7, 7, 7, 7], [0, 7, 7, 7, 7, 7, 7, 7], [0, 8, 8, 7, 7, 7, 7, 7]]}, {"input": [[0, 0, 0, 0, 0, 0, 0, 0, 0, 0, 0, 0, 0, 0, 0, 0], [7, 7, 8, 7, 7, 8, 7, 7, 7, 7, 7, 8, 7, 8, 7, 7], [7, 7, 7, 7, 7, 8, 7, 7, 7, 7, 7, 7, 7, 7, 7, 7], [7, 7, 7, 7, 7, 7, 7, 7, 7, 7, 7, 7, 7, 7, 7, 7], [7, 7, 7, 7, 7, 7, 7, 7, 7, 7, 7, 7, 7, 7, 7, 7], [7, 7, 7, 7, 7, 7, 7, 7, 7, 7, 7, 7, 7, 7, 7, 7], [7, 7, 7, 7, 7, 7, 7, 7, 7, 7, 7, 7, 7, 7, 7, 7], [7, 7, 7, 7, 7, 7, 7, 7, 7, 7, 7, 7, 7, 7, 7, 7]], "output": [[0, 0, 0, 0, 0, 0, 0, 0, 0, 0, 0, 0, 0, 0, 0, 0], [7, 7, 8, 7, 7, 7, 7, 7, 7, 7, 7, 8, 7, 8, 7, 7], [7, 7, 8, 7, 7, 7, 7, 7, 7, 7, 7, 8, 7, 8, 7, 7], [7, 7, 7, 7, 7, 7, 7, 7, 7, 7, 7, 7, 7, 7, 7, 7], [7, 7, 7, 7, 7, 7, 7, 7, 7, 7, 7, 7, 7, 7, 7, 7], [7, 7, 7, 7, 7, 7, 7, 7, 7, 7, 7, 7, 7, 7, 7, 7], [7, 7, 7, 7, 7, 0, 7, 7, 7, 7, 7, 7, 7, 7, 7, 7], [7, 7, 7, 7, 7, 0, 7, 7, 7, 7, 7, 7, 7, 7, 7, 7]]}], "test": [{"input": [[7, 7, 7, 7, 7, 7, 7, 7, 7, 7, 7, 7, 7, 7, 7, 7], [7, 7, 7, 7, 7, 7, 7, 7, 7, 7, 7, 7, 7, 7, 7, 7], [7, 7, 7, 7, 7, 7, 7, 7, 7, 7, 7, 7, 7, 7, 7, 7], [7, 7, 7, 7, 7, 7, 7, 7, 7, 7, 7, 7, 7, 7, 7, 7], [7, 7, 7, 7, 7, 7, 7, 7, 7, 7, 7, 7, 7, 7, 7, 7], [8, 7, 7, 7, 8, 7, 8, 7, 7, 7, 7, 7, 7, 7, 7, 8], [8, 7, 8, 7, 8, 7, 8, 7, 8, 7, 7, 7, 8, 7, 7, 8], [0, 0, 0, 0, 0, 0, 0, 0, 0, 0, 0, 0, 0, 0, 0, 0]], "output": [[0, 7, 7, 7, 0, 7, 0, 7, 7, 7, 7, 7, 7, 7, 7, 0], [0, 7, 7, 7, 0, 7, 0, 7, 7, 7, 7, 7, 7, 7, 7, 0], [7, 7, 7, 7, 7, 7, 7, 7, 7, 7, 7, 7, 7, 7, 7, 7], [7, 7, 7, 7, 7, 7, 7, 7, 7, 7, 7, 7, 7, 7, 7, 7], [7, 7, 7, 7, 7, 7, 7, 7, 7, 7, 7, 7, 7, 7, 7, 7], [7, 7, 8, 7, 7, 7, 7, 7, 8, 7, 7, 7, 8, 7, 7, 7], [7, 7, 8, 7, 7, 7, 7, 7, 8, 7, 7, 7, 8, 7, 7, 7], [0, 0, 0, 0, 0, 0, 0, 0, 0, 0, 0, 0, 0, 0, 0, 0]]}]}