{"train": [{"input": [[0, 1, 1, 0, 0], [0, 0, 0, 0, 0], [0, 0, 0, 0, 0], [0, 0, 0, 0, 0], [0, 0, 0, 0, 0], [0, 0, 0, 0, 0], [2, 2, 2, 2, 2], [0, 0, 0, 0, 0], [0, 0, 0, 0, 0], [0, 0, 0, 0, 0], [0, 0, 0, 0, 0], [0, 0, 0, 0, 0], [1, 1, 1, 1, 0]], "output": [[0, 1, 1, 0, 0], [0, 0, 0, 0, 0], [0, 0, 0, 0, 0], [0, 0, 0, 0, 0], [0, 0, 0, 0, 0], [0, 0, 0, 0, 0], [2, 2, 2, 2, 2], [0, 4, 4, 0, 0], [0, 4, 4, 0, 0], [0, 4, 4, 0, 0], [0, 4, 4, 0, 0], [0, 4, 4, 0, 0], [1, 1, 1, 1, 0]]}, {"input": [[0, 6, 6, 6, 6], [0, 0, 0, 0, 0], [0, 0, 0, 0, 0], [0, 0, 0, 0, 0], [0, 0, 0, 0, 0], [0, 0, 0, 0, 0], [2, 2, 2, 2, 2], [0, 0, 0, 0, 0], [0, 0, 0, 0, 0], [0, 0, 0, 0, 0], [0, 0, 0, 0, 0], [0, 0, 0, 0, 0], [0, 0, 6, 6, 6]], "output": [[0, 6, 6, 6, 6], [0, 0, 4, 4, 4], [0, 0, 4, 4, 4], [0, 0, 4, 4, 4], [0, 0, 4, 4, 4], [0, 0, 4, 4, 4], [2, 2, 2, 2, 2], [0, 0, 0, 0, 0], [0, 0, 0, 0, 0], [0, 0, 0, 0, 0], [0, 0, 0, 0, 0], [0, 0, 0, 0, 0], [0, 0, 6, 6, 6]]}, {"input": [[0, 0, 0, 3, 3, 0], [0, 0, 0, 0, 0, 0], [0, 0, 0, 0, 0, 0], [0, 0, 0, 0, 0, 0], [0, 0, 0, 0, 0, 0], [0, 0, 0, 0, 0, 0], [2, 2, 2, 2, 2, 2], [0, 0, 0, 0, 0, 0], [0, 0, 0, 0, 0, 0], [0, 0, 0, 0, 0, 0], [0, 0, 0, 0, 0, 0], [0, 0, 0, 0, 0, 0], [0, 3, 3, 3, 3, 3]], "output": [[0, 0, 0, 3, 3, 0], [0, 0, 0, 0, 0, 0], [0, 0, 0, 0, 0, 0], [0, 0, 0, 0, 0, 0], [0, 0, 0, 0, 0, 0], [0, 0, 0, 0, 0, 0], [2, 2, 2, 2, 2, 2], [0, 0, 0, 4, 4, 0], [0, 0, 0, 4, 4, 0], [0, 0, 0, 4, 4, 0], [0, 0, 0, 4, 4, 0], [0, 0, 0, 4, 4, 0], [0, 3, 3, 3, 3, 3]]}, {"input": [[0, 3, 3, 3], [0, 0, 0, 0], [0, 0, 0, 0], [0, 0, 0, 0], [2, 2, 2, 2], [0, 0, 0, 0], [0, 0, 0, 0], [0, 0, 0, 0], [3, 3, 0, 0]], "output": [[0, 3, 3, 3], [0, 4, 0, 0], [0, 4, 0, 0], [0, 4, 0, 0], [2, 2, 2, 2], [0, 0, 0, 0], [0, 0, 0, 0], [0, 0, 0, 0], [3, 3, 0, 0]]}], "test": [{"input": [[7, 7, 7, 7, 7], [0, 0, 0, 0, 0], [0, 0, 0, 0, 0], [0, 0, 0, 0, 0], [0, 0, 0, 0, 0], [2, 2, 2, 2, 2], [0, 0, 0, 0, 0], [0, 0, 0, 0, 0], [0, 0, 0, 0, 0], [0, 0, 0, 0, 0], [0, 7, 7, 0, 0]], "output": [[7, 7, 7, 7, 7], [0, 4, 4, 0, 0], [0, 4, 4, 0, 0], [0, 4, 4, 0, 0], [0, 4, 4, 0, 0], [2, 2, 2, 2, 2], [0, 0, 0, 0, 0], [0, 0, 0, 0, 0], [0, 0, 0, 0, 0], [0, 0, 0, 0, 0], [0, 7, 7, 0, 0]]}]}