{"train": [{"input": [[9, 1, 0, 0, 1, 4], [1, 1, 1, 1, 1, 1], [0, 1, 8, 8, 1, 0], [0, 1, 8, 0, 1, 0], [1, 1, 1, 1, 1, 1], [2, 1, 0, 0, 1, 3]], "output": [[9, 4], [2, 0]]}, {"input": [[2, 1, 0, 0, 0, 0, 1, 3], [1, 1, 1, 1, 1, 1, 1, 1], [0, 1, 0, 8, 0, 0, 1, 0], [0, 1, 8, 8, 0, 8, 1, 0], [0, 1, 0, 0, 8, 0, 1, 0], [0, 1, 8, 0, 8, 8, 1, 0], [1, 1, 1, 1, 1, 1, 1, 1], [4, 1, 0, 0, 0, 0, 1, 6]], "output": [[0, 2, 0, 0], [2, 2, 0, 3], [0, 0, 6, 0], [4, 0, 6, 6]]}, {"input": [[6, 1, 0, 0, 0, 0, 1, 2], [1, 1, 1, 1, 1, 1, 1, 1], [0, 1, 0, 8, 0, 8, 1, 0], [0, 1, 8, 8, 8, 0, 1, 0], [0, 1, 8, 0, 8, 8, 1, 0], [0, 1, 8, 8, 8, 0, 1, 0], [1, 1, 1, 1, 1, 1, 1, 1], [7, 1, 0, 0, 0, 0, 1, 4]], "output": [[0, 6, 0, 2], [6, 6, 2, 0], [7, 0, 4, 4], [7, 7, 4, 0]]}], "test": [{"input": [[3, 1, 0, 0, 0, 0, 0, 0, 1, 4], [1, 1, 1, 1, 1, 1, 1, 1, 1, 1], [0, 1, 0, 8, 8, 0, 0, 0, 1, 0], [0, 1, 8, 8, 8, 0, 8, 0, 1, 0], [0, 1, 0, 0, 8, 0, 8, 0, 1, 0], [0, 1, 0, 8, 0, 8, 8, 0, 1, 0], [0, 1, 8, 8, 0, 8, 0, 8, 1, 0], [0, 1, 0, 8, 0, 0, 8, 0, 1, 0], [1, 1, 1, 1, 1, 1, 1, 1, 1, 1], [7, 1, 0, 0, 0, 0, 0, 0, 1, 5]], "output": [[0, 3, 3, 0, 0, 0], [3, 3, 3, 0, 4, 0], [0, 0, 3, 0, 4, 0], [0, 7, 0, 5, 5, 0], [7, 7, 0, 5, 0, 5], [0, 7, 0, 0, 5, 0]]}]}