{"train": [{"input": [[3, 3, 3, 3, 3, 3, 3, 3, 3, 3, 3], [3, 3, 3, 3, 3, 3, 3, 3, 3, 3, 3], [3, 3, 1, 1, 3, 1, 1, 3, 3, 3, 3], [3, 3, 1, 3, 3, 3, 3, 3, 3, 3, 3], [3, 3, 3, 3, 3, 3, 3, 3, 3, 3, 3], [3, 3, 3, 3, 6, 3, 3, 3, 3, 3, 3], [3, 3, 1, 3, 3, 3, 3, 3, 3, 3, 3], [3, 3, 1, 1, 3, 1, 1, 3, 3, 3, 3], [3, 3, 3, 3, 3, 3, 3, 3, 3, 3, 3], [3, 3, 3, 3, 3, 3, 3, 3, 3, 3, 3], [3, 3, 3, 3, 3, 3, 3, 3, 3, 3, 3]], "output": [[3, 3, 3, 3, 6, 3, 3, 3, 3, 3, 3], [3, 3, 3, 3, 6, 3, 3, 3, 3, 3, 3], [3, 3, 1, 1, 6, 1, 1, 3, 3, 3, 3], [3, 3, 1, 6, 6, 6, 6, 6, 6, 6, 6], [6, 6, 6, 6, 6, 6, 6, 6, 6, 6, 6], [6, 6, 6, 6, 6, 6, 6, 6, 6, 6, 6], [3, 3, 1, 6, 6, 6, 6, 6, 6, 6, 6], [3, 3, 1, 1, 6, 1, 1, 3, 3, 3, 3], [3, 3, 3, 3, 6, 3, 3, 3, 3, 3, 3], [3, 3, 3, 3, 6, 3, 3, 3, 3, 3, 3], [3, 3, 3, 3, 6, 3, 3, 3, 3, 3, 3]]}, {"input": [[1, 1, 1, 1, 1, 1, 1, 1, 1, 1, 1, 1], [1, 1, 1, 1, 1, 1, 1, 1, 1, 1, 1, 1], [1, 1, 1, 2, 1, 1, 1, 1, 2, 1, 1, 1], [1, 1, 2, 1, 1, 1, 1, 1, 1, 2, 1, 1], [1, 1, 1, 1, 1, 1, 1, 1, 1, 1, 1, 1], [1, 1, 2, 1, 1, 3, 1, 1, 1, 2, 1, 1], [1, 1, 1, 2, 1, 1, 1, 1, 2, 1, 1, 1], [1, 1, 1, 1, 1, 1, 1, 1, 1, 1, 1, 1], [1, 1, 1, 1, 1, 1, 1, 1, 1, 1, 1, 1], [1, 1, 1, 1, 1, 1, 1, 1, 1, 1, 1, 1], [1, 1, 1, 1, 1, 1, 1, 1, 1, 1, 1, 1]], "output": [[1, 1, 1, 1, 3, 3, 3, 3, 1, 1, 1, 1], [1, 1, 1, 1, 3, 3, 3, 3, 1, 1, 1, 1], [1, 1, 1, 2, 3, 3, 3, 3, 2, 1, 1, 1], [1, 1, 2, 3, 3, 3, 3, 3, 3, 2, 1, 1], [3, 3, 3, 3, 3, 3, 3, 3, 3, 3, 3, 3], [1, 1, 2, 3, 3, 3, 3, 3, 3, 2, 1, 1], [1, 1, 1, 2, 3, 3, 3, 3, 2, 1, 1, 1], [1, 1, 1, 1, 3, 3, 3, 3, 1, 1, 1, 1], [1, 1, 1, 1, 3, 3, 3, 3, 1, 1, 1, 1], [1, 1, 1, 1, 3, 3, 3, 3, 1, 1, 1, 1], [1, 1, 1, 1, 3, 3, 3, 3, 1, 1, 1, 1]]}], "test": [{"input": [[4, 4, 4, 4, 4, 4, 4, 4, 4, 4, 4, 4], [4, 4, 4, 4, 4, 4, 4, 4, 4, 4, 4, 4], [4, 4, 4, 2, 4, 4, 4, 2, 4, 4, 4, 4], [4, 4, 2, 4, 4, 4, 4, 4, 2, 4, 4, 4], [4, 4, 2, 4, 4, 4, 4, 4, 2, 4, 4, 4], [4, 4, 4, 4, 4, 4, 4, 4, 4, 4, 4, 4], [4, 4, 2, 4, 4, 4, 8, 4, 2, 4, 4, 4], [4, 4, 2, 4, 4, 4, 4, 4, 2, 4, 4, 4], [4, 4, 4, 2, 2, 4, 2, 2, 4, 4, 4, 4], [4, 4, 4, 4, 4, 4, 4, 4, 4, 4, 4, 4], [4, 4, 4, 4, 4, 4, 4, 4, 4, 4, 4, 4], [4, 4, 4, 4, 4, 4, 4, 4, 4, 4, 4, 4]], "output": [[4, 4, 4, 4, 8, 8, 8, 4, 4, 4, 4, 4], [4, 4, 4, 4, 8, 8, 8, 4, 4, 4, 4, 4], [4, 4, 4, 2, 8, 8, 8, 2, 4, 4, 4, 4], [4, 4, 2, 8, 8, 8, 8, 8, 2, 4, 4, 4], [4, 4, 2, 8, 8, 8, 8, 8, 2, 4, 4, 4], [8, 8, 8, 8, 8, 8, 8, 8, 8, 8, 8, 8], [4, 4, 2, 8, 8, 8, 8, 8, 2, 4, 4, 4], [4, 4, 2, 8, 8, 8, 8, 8, 2, 4, 4, 4], [4, 4, 4, 2, 2, 8, 2, 2, 4, 4, 4, 4], [4, 4, 4, 4, 4, 8, 4, 4, 4, 4, 4, 4], [4, 4, 4, 4, 4, 8, 4, 4, 4, 4, 4, 4], [4, 4, 4, 4, 4, 8, 4, 4, 4, 4, 4, 4]]}]}