{"train": [{"input": [[4, 9, 1, 8], [8, 4, 1, 8], [4, 8, 8, 1], [1, 1, 1, 8]], "output": [[4, 9, 1, 8, 8, 8, 1, 8], [8, 4, 1, 8, 1, 1, 8, 1], [4, 8, 8, 1, 9, 4, 8, 1], [1, 1, 1, 8, 4, 8, 4, 1], [8, 1, 1, 1, 1, 4, 8, 4], [1, 8, 8, 4, 1, 8, 4, 9], [8, 1, 4, 8, 1, 8, 1, 1], [8, 1, 9, 4, 8, 1, 8, 8]]}, {"input": [[6, 2, 6, 2], [6, 6, 5, 5], [1, 1, 1, 2], [5, 1, 2, 1]], "output": [[6, 2, 6, 2, 2, 5, 2, 1], [6, 6, 5, 5, 6, 5, 1, 2], [1, 1, 1, 2, 2, 6, 1, 1], [5, 1, 2, 1, 6, 6, 1, 5], [1, 2, 1, 5, 5, 1, 6, 6], [2, 1, 1, 1, 1, 1, 6, 2], [5, 5, 6, 6, 2, 1, 5, 6], [2, 6, 2, 6, 1, 2, 5, 2]]}, {"input": [[6, 7, 7, 6], [7, 1, 6, 6], [9, 1, 6, 6], [9, 1, 6, 1]], "output": [[6, 7, 7, 6, 6, 6, 6, 1], [7, 1, 6, 6, 7, 6, 6, 6], [9, 1, 6, 6, 7, 1, 1, 1], [9, 1, 6, 1, 6, 7, 9, 9], [1, 6, 1, 9, 9, 9, 7, 6], [6, 6, 1, 9, 1, 1, 1, 7], [6, 6, 1, 7, 6, 6, 6, 7], [6, 7, 7, 6, 1, 6, 6, 6]]}, {"input": [[1, 1, 2, 1], [6, 6, 7, 6], [7, 6, 2, 1], [1, 6, 2, 6]], "output": [[1, 1, 2, 1, 1, 6, 1, 6], [6, 6, 7, 6, 2, 7, 2, 2], [7, 6, 2, 1, 1, 6, 6, 6], [1, 6, 2, 6, 1, 6, 7, 1], [6, 2, 6, 1, 1, 7, 6, 1], [1, 2, 6, 7, 6, 6, 6, 1], [6, 7, 6, 6, 2, 2, 7, 2], [1, 2, 1, 1, 6, 1, 6, 1]]}, {"input": [[4, 1, 9, 1], [1, 9, 1, 4], [9, 1, 4, 6], [4, 1, 6, 6]], "output": [[4, 1, 9, 1, 1, 4, 6, 6], [1, 9, 1, 4, 9, 1, 4, 6], [9, 1, 4, 6, 1, 9, 1, 1], [4, 1, 6, 6, 4, 1, 9, 4], [6, 6, 1, 4, 4, 9, 1, 4], [6, 4, 1, 9, 1, 1, 9, 1], [4, 1, 9, 1, 6, 4, 1, 9], [1, 9, 1, 4, 6, 6, 4, 1]]}], "test": [{"input": [[4, 6, 4, 4], [4, 6, 4, 4], [7, 6, 7, 9], [9, 4, 9, 7]], "output": [[4, 6, 4, 4, 4, 4, 9, 7], [4, 6, 4, 4, 4, 4, 7, 9], [7, 6, 7, 9, 6, 6, 6, 4], [9, 4, 9, 7, 4, 4, 7, 9], [7, 9, 4, 9, 9, 7, 4, 4], [9, 7, 6, 7, 4, 6, 6, 6], [4, 4, 6, 4, 9, 7, 4, 4], [4, 4, 6, 4, 7, 9, 4, 4]]}]}