{"train": [{"input": [[7, 2, 6, 6, 6, 6, 6], [2, 8, 8, 8, 4, 4, 4], [6, 9, 8, 8, 8, 4, 4], [6, 9, 3, 3, 3, 5, 4], [6, 9, 3, 9, 3, 5, 5], [6, 9, 9, 9, 3, 5, 5], [6, 1, 1, 1, 1, 1, 5]], "output": [[8, 8, 8, 4, 4, 4], [9, 8, 8, 8, 4, 4], [9, 3, 3, 3, 5, 4], [9, 3, 9, 3, 5, 5], [9, 9, 9, 3, 5, 5], [1, 1, 1, 1, 1, 5]]}, {"input": [[7, 6, 6, 2, 6, 6, 6], [6, 5, 5, 9, 9, 8, 8], [6, 5, 5, 5, 9, 8, 1], [2, 8, 4, 4, 9, 8, 1], [6, 8, 4, 4, 9, 9, 1], [6, 8, 8, 3, 3, 3, 1], [6, 8, 3, 3, 3, 1, 1]], "output": [[3, 1, 8, 8, 3, 3], [1, 1, 8, 3, 3, 3], [8, 8, 5, 5, 9, 9], [8, 1, 5, 5, 5, 9], [8, 1, 8, 4, 4, 9], [9, 1, 8, 4, 4, 9]]}, {"input": [[7, 6, 6, 6, 2, 6, 6], [6, 3, 5, 5, 5, 5, 5], [2, 3, 3, 5, 9, 9, 9], [6, 3, 3, 4, 9, 4, 9], [6, 1, 1, 4, 4, 4, 9], [6, 1, 1, 4, 8, 4, 9], [6, 1, 1, 8, 8, 8, 8]], "output": [[8, 8, 8, 1, 1, 8], [5, 5, 5, 3, 5, 5], [9, 9, 9, 3, 3, 5], [9, 4, 9, 3, 3, 4], [4, 4, 9, 1, 1, 4], [8, 4, 9, 1, 1, 4]]}], "test": [{"input": [[7, 6, 2, 6, 6, 6, 6], [6, 5, 5, 3, 3, 9, 9], [6, 5, 5, 5, 3, 9, 8], [6, 1, 3, 3, 3, 9, 8], [6, 1, 1, 4, 4, 8, 8], [6, 1, 1, 4, 4, 4, 8], [2, 1, 1, 4, 4, 4, 8]], "output": [[8, 5, 5, 5, 3, 9], [8, 1, 3, 3, 3, 9], [8, 1, 1, 4, 4, 8], [8, 1, 1, 4, 4, 4], [8, 1, 1, 4, 4, 4], [9, 5, 5, 3, 3, 9]]}]}