{"train": [{"input": [[8, 8, 8, 8, 8, 8, 8, 8, 8, 8, 8, 8, 8, 8, 8, 8], [8, 0, 0, 0, 0, 8, 8, 8, 8, 8, 8, 8, 8, 8, 8, 8], [8, 1, 1, 0, 0, 8, 8, 8, 8, 0, 0, 3, 3, 8, 8, 8], [8, 0, 0, 0, 0, 8, 8, 8, 8, 0, 0, 0, 0, 8, 8, 8], [8, 8, 8, 8, 8, 8, 8, 8, 8, 0, 0, 0, 0, 8, 8, 8], [8, 8, 8, 8, 8, 8, 8, 8, 8, 8, 8, 8, 8, 8, 8, 8], [8, 8, 8, 8, 8, 8, 8, 8, 8, 8, 8, 8, 8, 8, 8, 8], [8, 8, 8, 8, 8, 8, 8, 8, 8, 8, 8, 8, 8, 8, 8, 8], [8, 8, 8, 0, 0, 0, 0, 8, 8, 8, 8, 8, 8, 8, 8, 8], [8, 8, 8, 0, 0, 2, 0, 8, 8, 8, 8, 8, 8, 8, 8, 8], [8, 8, 8, 0, 2, 2, 0, 8, 8, 8, 8, 8, 8, 8, 8, 8], [8, 8, 8, 8, 8, 8, 8, 8, 8, 8, 8, 8, 8, 8, 8, 8], [8, 8, 8, 8, 8, 8, 8, 8, 8, 0, 0, 0, 0, 8, 8, 8], [8, 8, 8, 8, 8, 8, 8, 8, 8, 0, 0, 0, 4, 8, 8, 8], [8, 8, 8, 8, 8, 8, 8, 8, 8, 0, 0, 0, 4, 8, 8, 8], [8, 8, 8, 8, 8, 8, 8, 8, 8, 8, 8, 8, 8, 8, 8, 8]], "output": [[0, 0, 3, 3], [1, 1, 2, 4], [0, 2, 2, 4]]}, {"input": [[1, 1, 1, 1, 1, 1, 1, 1, 1, 1, 1, 1, 1, 1, 1, 1], [1, 0, 0, 0, 0, 1, 1, 1, 1, 1, 1, 1, 1, 1, 1, 1], [1, 0, 0, 0, 0, 1, 1, 1, 1, 1, 0, 0, 0, 0, 1, 1], [1, 0, 0, 0, 0, 1, 1, 1, 1, 1, 3, 3, 0, 0, 1, 1], [1, 0, 2, 2, 0, 1, 1, 1, 1, 1, 3, 3, 0, 0, 1, 1], [1, 1, 1, 1, 1, 1, 1, 1, 1, 1, 0, 0, 0, 0, 1, 1], [1, 1, 1, 1, 1, 1, 1, 1, 1, 1, 1, 1, 1, 1, 1, 1], [1, 1, 1, 1, 1, 1, 1, 1, 1, 1, 1, 1, 1, 1, 1, 1], [1, 1, 1, 1, 1, 1, 1, 1, 1, 1, 1, 1, 1, 1, 1, 1], [1, 1, 1, 1, 1, 1, 1, 1, 1, 1, 1, 1, 1, 1, 1, 1], [1, 1, 1, 1, 1, 4, 4, 4, 4, 1, 1, 1, 1, 1, 1, 1], [1, 1, 1, 1, 1, 0, 0, 0, 0, 1, 1, 1, 1, 1, 1, 1], [1, 1, 1, 1, 1, 0, 0, 0, 0, 1, 1, 1, 1, 1, 1, 1], [1, 1, 1, 1, 1, 0, 0, 0, 0, 1, 1, 1, 1, 1, 1, 1], [1, 1, 1, 1, 1, 1, 1, 1, 1, 1, 1, 1, 1, 1, 1, 1], [1, 1, 1, 1, 1, 1, 1, 1, 1, 1, 1, 1, 1, 1, 1, 1]], "output": [[4, 4, 4, 4], [3, 3, 0, 0], [3, 3, 0, 0], [0, 2, 2, 0]]}, {"input": [[9, 9, 9, 9, 9, 9, 9, 9, 9, 9, 9, 9, 9, 9, 9, 9], [9, 9, 0, 1, 0, 0, 0, 9, 9, 9, 9, 9, 9, 9, 9, 9], [9, 9, 1, 1, 0, 0, 0, 9, 9, 9, 9, 9, 9, 9, 9, 9], [9, 9, 0, 1, 1, 0, 0, 9, 9, 9, 9, 9, 9, 9, 9, 9], [9, 9, 0, 0, 0, 0, 0, 9, 9, 9, 9, 9, 9, 9, 9, 9], [9, 9, 9, 9, 9, 9, 9, 9, 9, 9, 9, 9, 9, 9, 9, 9], [9, 9, 9, 9, 9, 9, 9, 9, 9, 9, 9, 9, 9, 9, 9, 9], [9, 9, 9, 9, 9, 9, 9, 9, 9, 9, 9, 9, 9, 9, 9, 9], [9, 9, 9, 9, 9, 9, 0, 0, 0, 0, 0, 9, 9, 9, 9, 9], [9, 9, 9, 9, 9, 9, 0, 0, 2, 2, 0, 9, 9, 9, 9, 9], [9, 9, 9, 9, 9, 9, 0, 0, 0, 2, 0, 9, 9, 9, 9, 9], [9, 9, 9, 9, 9, 9, 0, 0, 0, 2, 0, 9, 9, 9, 9, 9], [9, 9, 9, 9, 9, 9, 9, 9, 9, 9, 9, 9, 9, 9, 9, 9], [9, 9, 9, 9, 9, 9, 9, 9, 9, 9, 9, 9, 9, 9, 9, 9], [9, 9, 9, 9, 9, 9, 9, 9, 9, 9, 9, 9, 9, 9, 9, 9], [9, 9, 9, 9, 9, 9, 9, 9, 9, 9, 9, 9, 9, 9, 9, 9]], "output": [[0, 1, 0, 0, 0], [1, 1, 2, 2, 0], [0, 1, 1, 2, 0], [0, 0, 0, 2, 0]]}], "test": [{"input": [[1, 1, 1, 1, 1, 1, 1, 1, 1, 1, 1, 1, 1, 1, 1, 1], [1, 0, 2, 0, 1, 1, 1, 1, 0, 0, 3, 1, 1, 1, 1, 1], [1, 2, 2, 0, 1, 1, 1, 1, 0, 0, 3, 1, 1, 1, 1, 1], [1, 0, 0, 0, 1, 1, 1, 1, 0, 0, 0, 1, 1, 1, 1, 1], [1, 0, 0, 0, 1, 1, 1, 1, 0, 0, 0, 1, 1, 1, 1, 1], [1, 0, 0, 0, 1, 1, 1, 1, 0, 0, 0, 1, 1, 1, 1, 1], [1, 1, 1, 1, 1, 1, 1, 1, 1, 1, 1, 1, 1, 1, 1, 1], [1, 1, 1, 1, 1, 1, 1, 1, 1, 1, 1, 1, 1, 1, 1, 1], [1, 1, 1, 0, 0, 0, 1, 1, 1, 1, 1, 1, 1, 1, 1, 1], [1, 1, 1, 0, 0, 0, 1, 1, 1, 1, 1, 0, 0, 0, 1, 1], [1, 1, 1, 4, 4, 4, 1, 1, 1, 1, 1, 0, 0, 0, 1, 1], [1, 1, 1, 0, 4, 0, 1, 1, 1, 1, 1, 0, 0, 0, 1, 1], [1, 1, 1, 0, 0, 0, 1, 1, 1, 1, 1, 6, 0, 0, 1, 1], [1, 1, 1, 1, 1, 1, 1, 1, 1, 1, 1, 6, 6, 0, 1, 1], [1, 1, 1, 1, 1, 1, 1, 1, 1, 1, 1, 1, 1, 1, 1, 1], [1, 1, 1, 1, 1, 1, 1, 1, 1, 1, 1, 1, 1, 1, 1, 1]], "output": [[0, 2, 3], [2, 2, 3], [4, 4, 4], [6, 4, 0], [6, 6, 0]]}]}