{"train": [{"input": [[9, 9, 9, 9, 9, 9, 9, 9, 9, 9, 9, 9, 9, 9, 9, 9], [9, 9, 9, 9, 9, 9, 9, 9, 9, 9, 9, 9, 9, 9, 9, 9], [9, 9, 9, 9, 9, 9, 9, 9, 9, 9, 9, 9, 9, 9, 9, 9], [9, 5, 9, 3, 9, 5, 9, 2, 9, 3, 9, 2, 9, 5, 9, 9], [9, 9, 9, 9, 9, 9, 9, 9, 9, 9, 9, 9, 9, 9, 9, 9], [9, 9, 9, 9, 9, 9, 9, 9, 9, 9, 9, 9, 9, 9, 9, 9], [9, 9, 9, 9, 9, 9, 9, 9, 9, 9, 9, 9, 9, 9, 9, 9], [0, 0, 0, 0, 0, 0, 0, 0, 0, 0, 0, 0, 0, 0, 0, 0], [0, 5, 9, 5, 9, 3, 9, 5, 9, 3, 9, 5, 9, 2, 9, 0], [0, 9, 9, 9, 9, 9, 9, 9, 9, 9, 9, 9, 9, 9, 9, 0], [0, 9, 9, 9, 9, 9, 9, 9, 9, 9, 9, 9, 9, 9, 9, 0], [0, 9, 9, 9, 9, 9, 9, 9, 9, 9, 9, 9, 9, 9, 9, 0], [0, 9, 9, 9, 9, 9, 9, 9, 9, 9, 9, 9, 9, 9, 9, 0], [0, 9, 9, 9, 9, 9, 9, 9, 9, 9, 9, 9, 9, 9, 9, 0], [0, 9, 9, 9, 9, 9, 9, 9, 9, 9, 9, 9, 9, 9, 9, 0], [0, 9, 9, 9, 9, 9, 9, 9, 9, 9, 9, 9, 9, 9, 9, 0]], "output": [[9, 9, 9, 3, 9, 5, 9, 2, 9, 9, 9, 2, 9, 5, 9, 9], [9, 9, 9, 9, 9, 9, 9, 9, 9, 9, 9, 9, 9, 9, 9, 9], [9, 9, 9, 9, 9, 9, 9, 9, 9, 9, 9, 9, 9, 9, 9, 9], [9, 9, 9, 9, 9, 9, 9, 9, 9, 9, 9, 9, 9, 9, 9, 9], [9, 9, 9, 9, 9, 9, 9, 9, 9, 9, 9, 9, 9, 9, 9, 9], [9, 9, 9, 9, 9, 9, 9, 9, 9, 9, 9, 9, 9, 9, 9, 9], [9, 5, 9, 9, 9, 9, 9, 9, 9, 3, 9, 9, 9, 9, 9, 9], [0, 0, 0, 0, 0, 0, 0, 0, 0, 0, 0, 0, 0, 0, 0, 0], [0, 5, 9, 5, 9, 3, 9, 5, 9, 3, 9, 5, 9, 2, 9, 0], [0, 9, 9, 9, 9, 9, 9, 9, 9, 9, 9, 9, 9, 9, 9, 0], [0, 9, 9, 9, 9, 9, 9, 9, 9, 9, 9, 9, 9, 9, 9, 0], [0, 9, 9, 9, 9, 9, 9, 9, 9, 9, 9, 9, 9, 9, 9, 0], [0, 9, 9, 9, 9, 9, 9, 9, 9, 9, 9, 9, 9, 9, 9, 0], [0, 9, 9, 9, 9, 9, 9, 9, 9, 9, 9, 9, 9, 9, 9, 0], [0, 9, 9, 9, 9, 9, 9, 9, 9, 9, 9, 9, 9, 9, 9, 0], [0, 9, 9, 9, 9, 9, 9, 9, 9, 9, 9, 9, 9, 9, 9, 0]]}, {"input": [[4, 4, 4, 7, 7, 7, 7, 7, 7, 7, 7, 7, 7, 7, 7, 7], [7, 1, 4, 7, 7, 7, 7, 7, 8, 7, 7, 7, 7, 7, 7, 7], [7, 7, 4, 7, 7, 7, 7, 7, 7, 7, 7, 7, 7, 7, 7, 7], [7, 1, 4, 7, 7, 7, 7, 7, 2, 7, 7, 7, 7, 7, 7, 7], [7, 7, 4, 7, 7, 7, 7, 7, 7, 7, 7, 7, 7, 7, 7, 7], [7, 3, 4, 7, 7, 7, 7, 7, 8, 7, 7, 7, 7, 7, 7, 7], [7, 7, 4, 7, 7, 7, 7, 7, 7, 7, 7, 7, 7, 7, 7, 7], [7, 1, 4, 7, 7, 7, 7, 7, 1, 7, 7, 7, 7, 7, 7, 7], [7, 7, 4, 7, 7, 7, 7, 7, 7, 7, 7, 7, 7, 7, 7, 7], [7, 8, 4, 7, 7, 7, 7, 7, 8, 7, 7, 7, 7, 7, 7, 7], [7, 7, 4, 7, 7, 7, 7, 7, 7, 7, 7, 7, 7, 7, 7, 7], [7, 1, 4, 7, 7, 7, 7, 7, 5, 7, 7, 7, 7, 7, 7, 7], [7, 7, 4, 7, 7, 7, 7, 7, 7, 7, 7, 7, 7, 7, 7, 7], [7, 7, 4, 7, 7, 7, 7, 7, 7, 7, 7, 7, 7, 7, 7, 7], [7, 8, 4, 7, 7, 7, 7, 7, 1, 7, 7, 7, 7, 7, 7, 7], [4, 4, 4, 7, 7, 7, 7, 7, 7, 7, 7, 7, 7, 7, 7, 7]], "output": [[4, 4, 4, 7, 7, 7, 7, 7, 7, 7, 7, 7, 7, 7, 7, 7], [7, 1, 4, 7, 7, 7, 7, 7, 7, 7, 7, 7, 7, 7, 7, 8], [7, 7, 4, 7, 7, 7, 7, 7, 7, 7, 7, 7, 7, 7, 7, 7], [7, 1, 4, 7, 7, 7, 7, 7, 7, 7, 7, 7, 7, 7, 7, 2], [7, 7, 4, 7, 7, 7, 7, 7, 7, 7, 7, 7, 7, 7, 7, 7], [7, 3, 4, 7, 7, 7, 7, 7, 7, 7, 7, 7, 7, 7, 7, 8], [7, 7, 4, 7, 7, 7, 7, 7, 7, 7, 7, 7, 7, 7, 7, 7], [7, 1, 4, 1, 7, 7, 7, 7, 7, 7, 7, 7, 7, 7, 7, 7], [7, 7, 4, 7, 7, 7, 7, 7, 7, 7, 7, 7, 7, 7, 7, 7], [7, 8, 4, 8, 7, 7, 7, 7, 7, 7, 7, 7, 7, 7, 7, 7], [7, 7, 4, 7, 7, 7, 7, 7, 7, 7, 7, 7, 7, 7, 7, 7], [7, 1, 4, 7, 7, 7, 7, 7, 7, 7, 7, 7, 7, 7, 7, 5], [7, 7, 4, 7, 7, 7, 7, 7, 7, 7, 7, 7, 7, 7, 7, 7], [7, 7, 4, 7, 7, 7, 7, 7, 7, 7, 7, 7, 7, 7, 7, 7], [7, 8, 4, 7, 7, 7, 7, 7, 7, 7, 7, 7, 7, 7, 7, 1], [4, 4, 4, 7, 7, 7, 7, 7, 7, 7, 7, 7, 7, 7, 7, 7]]}], "test": [{"input": [[4, 4, 4, 4, 4, 3, 3, 3], [8, 8, 8, 5, 4, 0, 3, 3], [8, 8, 8, 5, 4, 5, 3, 3], [8, 8, 8, 8, 4, 3, 3, 3], [8, 8, 8, 2, 4, 2, 3, 3], [8, 8, 8, 2, 4, 0, 3, 3], [8, 8, 8, 0, 4, 5, 3, 3], [4, 4, 4, 4, 4, 3, 3, 3]], "output": [[4, 4, 4, 4, 4, 3, 3, 3], [8, 8, 8, 5, 4, 3, 3, 0], [8, 8, 8, 5, 4, 5, 3, 3], [8, 8, 8, 8, 4, 3, 3, 3], [8, 8, 8, 2, 4, 2, 3, 3], [8, 8, 8, 2, 4, 3, 3, 0], [8, 8, 8, 0, 4, 3, 3, 5], [4, 4, 4, 4, 4, 3, 3, 3]]}]}