{"train": [{"input": [[0, 0, 0, 0, 0, 0, 0, 0, 0, 0, 0, 0, 0, 0, 0, 0], [0, 2, 2, 2, 2, 0, 1, 0, 0, 0, 0, 0, 0, 0, 0, 0], [0, 2, 2, 2, 2, 0, 0, 0, 0, 2, 1, 2, 2, 2, 2, 2], [0, 2, 2, 1, 2, 0, 0, 0, 0, 2, 2, 2, 2, 2, 2, 2], [0, 2, 2, 2, 2, 0, 0, 0, 0, 2, 2, 2, 2, 2, 2, 2], [0, 2, 2, 2, 2, 1, 0, 0, 0, 2, 2, 2, 2, 2, 1, 2], [0, 0, 0, 0, 0, 0, 0, 0, 0, 2, 2, 2, 2, 2, 2, 2], [0, 0, 0, 0, 0, 0, 0, 0, 0, 0, 0, 0, 0, 0, 0, 0], [0, 0, 0, 0, 0, 0, 0, 0, 0, 0, 0, 0, 1, 0, 0, 0], [0, 1, 0, 2, 2, 2, 2, 2, 2, 1, 2, 2, 2, 0, 0, 0], [0, 0, 0, 1, 2, 2, 2, 2, 2, 2, 2, 2, 2, 0, 0, 1], [0, 0, 0, 2, 2, 2, 2, 2, 2, 1, 2, 2, 1, 0, 0, 0], [0, 0, 0, 2, 2, 2, 2, 2, 2, 2, 2, 2, 2, 0, 0, 0]], "output": [[0, 0, 0, 0, 0, 0, 0, 0, 0, 0, 0, 0, 0, 0, 0, 0], [0, 2, 2, 2, 2, 0, 0, 0, 0, 0, 0, 0, 0, 0, 0, 0], [0, 2, 2, 2, 2, 0, 0, 0, 0, 2, 2, 2, 2, 2, 2, 2], [0, 2, 2, 2, 2, 0, 0, 0, 0, 2, 2, 2, 2, 2, 2, 2], [0, 2, 2, 2, 2, 0, 0, 0, 0, 2, 2, 2, 2, 2, 2, 2], [0, 2, 2, 2, 2, 0, 0, 0, 0, 2, 2, 2, 2, 2, 2, 2], [0, 0, 0, 0, 0, 0, 0, 0, 0, 2, 2, 2, 2, 2, 2, 2], [0, 0, 0, 0, 0, 0, 0, 0, 0, 0, 0, 0, 0, 0, 0, 0], [0, 0, 0, 0, 0, 0, 0, 0, 0, 0, 0, 0, 0, 0, 0, 0], [0, 0, 0, 2, 2, 2, 2, 2, 2, 2, 2, 2, 2, 0, 0, 0], [0, 0, 0, 2, 2, 2, 2, 2, 2, 2, 2, 2, 2, 0, 0, 0], [0, 0, 0, 2, 2, 2, 2, 2, 2, 2, 2, 2, 2, 0, 0, 0], [0, 0, 0, 2, 2, 2, 2, 2, 2, 2, 2, 2, 2, 0, 0, 0]]}, {"input": [[8, 0, 0, 0, 8, 0, 3, 3, 3, 3, 3, 8, 0, 0], [0, 0, 0, 0, 0, 0, 3, 3, 3, 3, 3, 0, 0, 0], [0, 0, 0, 0, 0, 0, 3, 3, 8, 3, 8, 0, 0, 0], [0, 0, 3, 3, 3, 0, 3, 3, 3, 3, 3, 0, 0, 0], [0, 0, 3, 3, 3, 0, 3, 8, 3, 3, 3, 0, 0, 0], [0, 0, 3, 3, 8, 0, 0, 0, 0, 0, 0, 0, 0, 0], [0, 0, 0, 0, 0, 0, 0, 0, 0, 3, 3, 3, 3, 3], [0, 8, 0, 3, 3, 3, 8, 3, 0, 3, 3, 3, 8, 3], [0, 0, 0, 3, 8, 3, 3, 3, 0, 3, 3, 3, 3, 3], [0, 0, 0, 3, 3, 3, 3, 3, 0, 3, 3, 3, 3, 3], [3, 3, 3, 3, 8, 3, 3, 3, 8, 0, 0, 0, 0, 0], [3, 3, 3, 0, 0, 0, 0, 0, 0, 0, 0, 0, 0, 0], [3, 8, 3, 0, 8, 0, 0, 0, 0, 0, 0, 0, 0, 8]], "output": [[0, 0, 0, 0, 0, 0, 3, 3, 3, 3, 3, 0, 0, 0], [0, 0, 0, 0, 0, 0, 3, 3, 3, 3, 3, 0, 0, 0], [0, 0, 0, 0, 0, 0, 3, 3, 3, 3, 3, 0, 0, 0], [0, 0, 3, 3, 3, 0, 3, 3, 3, 3, 3, 0, 0, 0], [0, 0, 3, 3, 3, 0, 3, 3, 3, 3, 3, 0, 0, 0], [0, 0, 3, 3, 3, 0, 0, 0, 0, 0, 0, 0, 0, 0], [0, 0, 0, 0, 0, 0, 0, 0, 0, 3, 3, 3, 3, 3], [0, 0, 0, 3, 3, 3, 3, 3, 0, 3, 3, 3, 3, 3], [0, 0, 0, 3, 3, 3, 3, 3, 0, 3, 3, 3, 3, 3], [0, 0, 0, 3, 3, 3, 3, 3, 0, 3, 3, 3, 3, 3], [3, 3, 3, 3, 3, 3, 3, 3, 0, 0, 0, 0, 0, 0], [3, 3, 3, 0, 0, 0, 0, 0, 0, 0, 0, 0, 0, 0], [3, 3, 3, 0, 0, 0, 0, 0, 0, 0, 0, 0, 0, 0]]}], "test": [{"input": [[0, 0, 0, 0, 0, 0, 0, 0, 0, 0, 0, 0, 5, 5, 4, 5, 0], [0, 4, 0, 0, 0, 0, 4, 0, 0, 0, 0, 0, 5, 5, 5, 5, 0], [0, 5, 4, 5, 5, 5, 5, 5, 5, 0, 0, 0, 5, 5, 5, 5, 0], [0, 5, 5, 5, 5, 5, 5, 5, 5, 0, 0, 0, 5, 5, 5, 5, 4], [0, 5, 5, 5, 5, 5, 5, 5, 5, 0, 0, 0, 5, 5, 5, 5, 0], [0, 5, 5, 5, 5, 5, 5, 4, 5, 0, 0, 0, 5, 5, 5, 5, 0], [0, 5, 5, 5, 5, 5, 5, 5, 5, 0, 0, 0, 5, 5, 4, 5, 0], [0, 5, 5, 5, 5, 4, 5, 5, 5, 0, 0, 0, 4, 0, 0, 0, 0], [0, 0, 0, 0, 0, 0, 0, 0, 0, 0, 0, 0, 0, 0, 0, 0, 0], [0, 0, 0, 0, 0, 0, 0, 0, 0, 0, 0, 0, 0, 0, 0, 4, 0], [0, 0, 0, 0, 0, 0, 5, 5, 5, 5, 5, 4, 0, 0, 0, 0, 0], [0, 0, 0, 4, 0, 0, 5, 5, 5, 4, 5, 5, 0, 0, 0, 0, 0]], "output": [[0, 0, 0, 0, 0, 0, 0, 0, 0, 0, 0, 0, 5, 5, 5, 5, 0], [0, 0, 0, 0, 0, 0, 0, 0, 0, 0, 0, 0, 5, 5, 5, 5, 0], [0, 5, 5, 5, 5, 5, 5, 5, 5, 0, 0, 0, 5, 5, 5, 5, 0], [0, 5, 5, 5, 5, 5, 5, 5, 5, 0, 0, 0, 5, 5, 5, 5, 0], [0, 5, 5, 5, 5, 5, 5, 5, 5, 0, 0, 0, 5, 5, 5, 5, 0], [0, 5, 5, 5, 5, 5, 5, 5, 5, 0, 0, 0, 5, 5, 5, 5, 0], [0, 5, 5, 5, 5, 5, 5, 5, 5, 0, 0, 0, 5, 5, 5, 5, 0], [0, 5, 5, 5, 5, 5, 5, 5, 5, 0, 0, 0, 0, 0, 0, 0, 0], [0, 0, 0, 0, 0, 0, 0, 0, 0, 0, 0, 0, 0, 0, 0, 0, 0], [0, 0, 0, 0, 0, 0, 0, 0, 0, 0, 0, 0, 0, 0, 0, 0, 0], [0, 0, 0, 0, 0, 0, 5, 5, 5, 5, 5, 5, 0, 0, 0, 0, 0], [0, 0, 0, 0, 0, 0, 5, 5, 5, 5, 5, 5, 0, 0, 0, 0, 0]]}]}