{"train": [{"input": [[4, 4, 4, 4, 4, 4, 4, 4], [4, 4, 4, 4, 4, 4, 4, 4], [4, 4, 4, 4, 4, 4, 4, 4], [4, 4, 9, 4, 4, 4, 4, 4], [4, 4, 4, 4, 4, 4, 4, 4], [4, 4, 4, 4, 4, 4, 4, 4], [4, 4, 4, 4, 4, 4, 4, 4], [4, 4, 4, 4, 4, 4, 4, 4]], "output": [[1, 1, 1, 4, 4, 4, 4, 4], [4, 4, 1, 4, 4, 4, 4, 4], [4, 4, 1, 4, 4, 4, 4, 4], [4, 4, 9, 4, 4, 4, 4, 4], [4, 4, 1, 4, 4, 4, 4, 4], [4, 4, 1, 4, 4, 4, 4, 4], [4, 4, 1, 4, 4, 4, 4, 4], [4, 4, 1, 1, 1, 1, 1, 1]]}, {"input": [[7, 7, 7, 7, 7], [7, 7, 7, 7, 7], [7, 7, 8, 7, 7], [7, 7, 7, 7, 7], [7, 7, 7, 7, 7]], "output": [[7, 7, 1, 1, 1], [7, 7, 1, 7, 7], [7, 7, 8, 7, 7], [7, 7, 1, 7, 7], [1, 1, 1, 7, 7]]}, {"input": [[2, 2, 2, 2, 2, 2, 2], [2, 2, 2, 2, 2, 2, 2], [2, 2, 2, 2, 2, 2, 2], [2, 2, 2, 2, 4, 2, 2], [2, 2, 2, 2, 2, 2, 2], [2, 2, 2, 2, 2, 2, 2], [2, 2, 2, 2, 2, 2, 2]], "output": [[1, 1, 1, 1, 1, 2, 2], [2, 2, 2, 2, 1, 2, 2], [2, 2, 2, 2, 1, 2, 2], [2, 2, 2, 2, 4, 2, 2], [2, 2, 2, 2, 1, 2, 2], [2, 2, 2, 2, 1, 2, 2], [2, 2, 2, 2, 1, 1, 1]]}], "test": [{"input": [[5, 5, 5, 5, 5, 5, 5], [5, 5, 5, 5, 5, 5, 5], [5, 5, 5, 5, 5, 5, 5], [5, 5, 5, 6, 5, 5, 5], [5, 5, 5, 5, 5, 5, 5], [5, 5, 5, 5, 5, 5, 5], [5, 5, 5, 5, 5, 5, 5]], "output": [[5, 5, 5, 1, 1, 1, 1], [5, 5, 5, 1, 5, 5, 5], [5, 5, 5, 1, 5, 5, 5], [5, 5, 5, 6, 5, 5, 5], [5, 5, 5, 1, 5, 5, 5], [5, 5, 5, 1, 5, 5, 5], [1, 1, 1, 1, 5, 5, 5]]}]}