{"train": [{"input": [[8, 7, 2, 7, 8, 7, 2, 7, 8, 7], [8, 7, 2, 7, 8, 7, 7, 7, 8, 7], [8, 7, 2, 7, 8, 7, 2, 7, 8, 7], [8, 7, 7, 7, 8, 7, 7, 7, 8, 7], [8, 7, 7, 7, 8, 7, 7, 7, 8, 7], [8, 8, 8, 8, 8, 8, 8, 8, 8, 8]], "output": [[8, 7, 7, 7, 8, 7, 7, 7, 8, 7], [8, 7, 2, 7, 8, 7, 7, 7, 8, 7], [8, 7, 2, 7, 8, 7, 2, 7, 8, 7], [8, 7, 2, 7, 8, 7, 2, 7, 8, 7], [8, 7, 7, 7, 8, 7, 7, 7, 8, 7], [8, 8, 8, 8, 8, 8, 8, 8, 8, 8]]}, {"input": [[7, 6, 6, 7, 7, 6, 6, 6, 7], [7, 7, 6, 7, 7, 7, 6, 7, 7], [7, 7, 6, 7, 7, 7, 7, 7, 7], [2, 7, 7, 7, 2, 7, 7, 7, 2]], "output": [[7, 6, 6, 7, 7, 7, 7, 7, 7], [7, 7, 6, 7, 7, 6, 6, 6, 7], [7, 7, 6, 7, 7, 7, 6, 7, 7], [2, 7, 7, 7, 2, 7, 7, 7, 2]]}, {"input": [[7, 4, 4, 4, 7, 7, 7, 7, 7, 1], [7, 4, 7, 4, 7, 4, 4, 4, 7, 1], [7, 4, 4, 4, 7, 4, 4, 4, 7, 1], [7, 7, 7, 7, 7, 7, 4, 7, 7, 1], [7, 7, 7, 7, 7, 7, 4, 7, 7, 1], [7, 7, 7, 7, 7, 7, 7, 7, 1, 1], [7, 7, 7, 7, 7, 7, 7, 7, 1, 1], [7, 7, 7, 7, 7, 1, 1, 1, 1, 1], [1, 1, 1, 1, 1, 1, 1, 1, 1, 1]], "output": [[7, 7, 7, 7, 7, 7, 7, 7, 7, 1], [7, 7, 7, 7, 7, 7, 7, 7, 7, 1], [7, 7, 7, 7, 7, 4, 4, 4, 7, 1], [7, 7, 7, 7, 7, 4, 4, 4, 7, 1], [7, 4, 4, 4, 7, 7, 4, 7, 7, 1], [7, 4, 7, 4, 7, 7, 4, 7, 1, 1], [7, 4, 4, 4, 7, 7, 7, 7, 1, 1], [7, 7, 7, 7, 7, 1, 1, 1, 1, 1], [1, 1, 1, 1, 1, 1, 1, 1, 1, 1]]}, {"input": [[7, 7, 7, 7, 9, 7, 7], [7, 7, 7, 7, 7, 7, 7], [5, 5, 5, 7, 7, 7, 5], [5, 5, 5, 7, 7, 7, 5], [5, 5, 5, 5, 5, 5, 5], [5, 5, 5, 5, 5, 5, 5]], "output": [[7, 7, 7, 7, 7, 7, 7], [7, 7, 7, 7, 7, 7, 7], [5, 5, 5, 7, 9, 7, 5], [5, 5, 5, 7, 7, 7, 5], [5, 5, 5, 5, 5, 5, 5], [5, 5, 5, 5, 5, 5, 5]]}], "test": [{"input": [[7, 7, 7, 7, 7, 7, 7, 7, 7, 7, 7, 9, 9, 9, 9, 9, 7, 7, 7, 7], [7, 7, 9, 9, 9, 7, 9, 9, 9, 7, 7, 9, 7, 9, 7, 9, 7, 7, 7, 7], [7, 7, 9, 7, 9, 7, 9, 7, 9, 7, 7, 9, 9, 9, 9, 9, 7, 7, 7, 7], [7, 7, 9, 7, 9, 7, 9, 7, 9, 7, 7, 9, 7, 9, 7, 9, 7, 7, 7, 7], [7, 7, 9, 7, 9, 9, 9, 7, 9, 7, 7, 9, 9, 9, 9, 9, 7, 7, 7, 7], [7, 7, 9, 7, 7, 7, 7, 7, 7, 7, 7, 7, 7, 7, 7, 7, 7, 7, 7, 7], [7, 7, 9, 7, 7, 7, 7, 7, 7, 7, 7, 7, 7, 7, 7, 7, 7, 7, 7, 7], [7, 7, 7, 7, 7, 7, 7, 7, 7, 7, 7, 7, 7, 7, 7, 7, 7, 7, 7, 7], [7, 7, 7, 7, 7, 7, 7, 7, 7, 7, 7, 1, 7, 1, 7, 1, 7, 1, 7, 1], [1, 1, 1, 1, 1, 1, 1, 1, 1, 1, 7, 1, 1, 1, 1, 1, 1, 1, 1, 1]], "output": [[7, 7, 7, 7, 7, 7, 7, 7, 7, 7, 7, 7, 7, 7, 7, 7, 7, 7, 7, 7], [7, 7, 7, 7, 7, 7, 7, 7, 7, 7, 7, 7, 7, 7, 7, 7, 7, 7, 7, 7], [7, 7, 9, 9, 9, 7, 9, 9, 9, 7, 7, 9, 9, 9, 9, 9, 7, 7, 7, 7], [7, 7, 9, 7, 9, 7, 9, 7, 9, 7, 7, 9, 7, 9, 7, 9, 7, 7, 7, 7], [7, 7, 9, 7, 9, 7, 9, 7, 9, 7, 7, 9, 9, 9, 9, 9, 7, 7, 7, 7], [7, 7, 9, 7, 9, 9, 9, 7, 9, 7, 7, 9, 7, 9, 7, 9, 7, 7, 7, 7], [7, 7, 9, 7, 7, 7, 7, 7, 7, 7, 7, 9, 9, 9, 9, 9, 7, 7, 7, 7], [7, 7, 9, 7, 7, 7, 7, 7, 7, 7, 7, 7, 7, 7, 7, 7, 7, 7, 7, 7], [7, 7, 7, 7, 7, 7, 7, 7, 7, 7, 7, 1, 7, 1, 7, 1, 7, 1, 7, 1], [1, 1, 1, 1, 1, 1, 1, 1, 1, 1, 7, 1, 1, 1, 1, 1, 1, 1, 1, 1]]}]}