{"train": [{"input": [[9, 9, 9, 9, 9, 9], [9, 8, 2, 2, 2, 2], [9, 8, 9, 9, 9, 9], [4, 8, 8, 9, 9, 9], [9, 9, 9, 9, 1, 9], [9, 9, 9, 1, 1, 9]], "output": [[2, 2, 2, 2], [8, 9, 9, 4], [8, 9, 9, 1], [8, 8, 1, 1]]}, {"input": [[2, 2, 2, 2, 2, 2, 2, 2, 2, 2, 2, 2, 2, 2, 2, 2], [2, 2, 2, 2, 2, 2, 2, 2, 2, 2, 2, 2, 2, 1, 2, 2], [2, 2, 2, 2, 2, 2, 2, 2, 2, 2, 2, 2, 2, 1, 2, 2], [2, 2, 2, 2, 2, 2, 2, 2, 2, 2, 2, 2, 2, 1, 2, 2], [2, 2, 2, 2, 2, 2, 8, 8, 8, 8, 2, 2, 2, 2, 2, 2], [2, 2, 2, 2, 2, 2, 2, 2, 2, 2, 2, 2, 2, 2, 2, 2], [2, 2, 2, 2, 2, 2, 2, 2, 2, 2, 2, 2, 2, 2, 2, 2], [2, 2, 2, 2, 2, 2, 2, 2, 2, 2, 2, 2, 2, 2, 2, 2], [2, 2, 6, 6, 2, 2, 2, 2, 2, 2, 2, 2, 2, 2, 2, 2], [2, 2, 6, 2, 2, 2, 2, 2, 2, 2, 2, 2, 2, 9, 2, 2], [2, 2, 2, 2, 2, 2, 2, 2, 2, 2, 9, 9, 9, 9, 2, 2], [2, 2, 2, 2, 4, 2, 2, 2, 2, 2, 2, 2, 2, 2, 2, 2], [2, 2, 2, 2, 4, 2, 2, 2, 2, 2, 2, 2, 2, 2, 2, 2], [2, 2, 2, 2, 4, 2, 2, 2, 2, 2, 2, 2, 2, 2, 2, 2], [2, 2, 2, 2, 4, 4, 2, 2, 2, 2, 2, 2, 2, 2, 2, 2], [2, 2, 2, 2, 2, 2, 2, 2, 2, 2, 2, 2, 2, 2, 2, 2]], "output": [[6, 6, 8, 8, 8, 8], [6, 2, 2, 2, 2, 1], [4, 2, 2, 2, 2, 1], [4, 2, 2, 2, 2, 1], [4, 2, 2, 2, 2, 9], [4, 4, 9, 9, 9, 9]]}], "test": [{"input": [[6, 6, 8, 8, 8, 8, 8, 6], [6, 9, 6, 6, 6, 6, 6, 6], [6, 9, 6, 6, 6, 6, 6, 6], [6, 9, 6, 6, 6, 6, 6, 6], [6, 9, 6, 1, 6, 4, 6, 6], [6, 9, 6, 1, 6, 4, 6, 6], [9, 9, 6, 1, 1, 1, 1, 6], [6, 6, 6, 6, 6, 6, 6, 6]], "output": [[8, 8, 8, 8, 8, 9], [4, 6, 6, 6, 6, 9], [4, 6, 6, 6, 6, 9], [1, 6, 6, 6, 6, 9], [1, 6, 6, 6, 6, 9], [1, 1, 1, 1, 9, 9]]}]}