{"train": [{"input": [[6, 6, 6, 6], [6, 9, 6, 1], [4, 6, 6, 2], [6, 6, 5, 6]], "output": [[6, 6, 6, 6], [6, 6, 6, 6], [6, 6, 2, 2], [6, 6, 2, 2]]}, {"input": [[5, 6, 0, 6], [6, 6, 6, 6], [6, 2, 6, 6], [6, 6, 6, 4]], "output": [[6, 6, 6, 6], [6, 6, 6, 6], [2, 2, 6, 6], [2, 2, 6, 6]]}, {"input": [[6, 9, 0, 0], [9, 6, 1, 6], [6, 6, 6, 1], [8, 6, 6, 2]], "output": [[6, 6, 6, 6], [6, 6, 6, 6], [6, 6, 2, 2], [6, 6, 2, 2]]}], "test": [{"input": [[2, 6, 8, 1], [6, 6, 6, 6], [4, 6, 9, 9], [0, 5, 6, 6]], "output": [[2, 2, 6, 6], [2, 2, 6, 6], [6, 6, 6, 6], [6, 6, 6, 6]]}]}