{"train": [{"input": [[2, 2, 2, 2, 8, 2, 7, 7, 7, 7, 9], [2, 2, 2, 2, 2, 2, 7, 7, 7, 7, 9], [2, 2, 2, 2, 2, 2, 7, 8, 7, 7, 9], [2, 8, 2, 2, 7, 7, 7, 7, 7, 7, 9], [8, 2, 2, 2, 7, 7, 7, 8, 7, 7, 9], [2, 2, 2, 2, 2, 7, 8, 7, 7, 7, 9], [2, 2, 2, 8, 2, 7, 7, 7, 7, 7, 9], [2, 2, 2, 2, 2, 7, 7, 7, 7, 7, 9], [2, 2, 7, 7, 7, 8, 7, 7, 7, 7, 9], [7, 7, 7, 7, 7, 7, 8, 7, 7, 7, 9], [7, 7, 7, 8, 7, 7, 7, 8, 7, 7, 9]], "output": [[2, 2, 2, 2, 2, 2, 7, 7, 7, 7, 9], [2, 2, 2, 2, 2, 2, 7, 7, 7, 7, 9], [2, 2, 2, 2, 2, 2, 7, 8, 8, 7, 9], [2, 2, 2, 2, 7, 7, 7, 7, 7, 7, 9], [2, 2, 2, 2, 7, 7, 7, 8, 8, 7, 9], [2, 2, 2, 2, 2, 7, 8, 8, 7, 7, 9], [2, 2, 2, 2, 2, 7, 7, 7, 7, 7, 9], [2, 2, 2, 2, 2, 7, 7, 7, 7, 7, 9], [2, 2, 7, 7, 7, 8, 8, 7, 7, 7, 9], [7, 7, 7, 7, 7, 7, 8, 8, 7, 7, 9], [7, 7, 7, 8, 8, 7, 7, 8, 8, 7, 9]]}, {"input": [[9, 9, 9, 9, 9, 9, 9, 9], [7, 7, 7, 7, 7, 7, 7, 7], [7, 7, 7, 7, 8, 7, 7, 7], [7, 8, 7, 7, 7, 7, 7, 7], [7, 7, 7, 7, 2, 2, 2, 7], [7, 7, 7, 2, 2, 8, 2, 7], [7, 7, 7, 2, 2, 2, 2, 7], [8, 7, 7, 7, 7, 7, 7, 7]], "output": [[9, 9, 9, 9, 9, 9, 9, 9], [7, 7, 7, 7, 8, 7, 7, 7], [7, 8, 7, 7, 8, 7, 7, 7], [7, 8, 7, 7, 7, 7, 7, 7], [7, 7, 7, 7, 2, 2, 2, 7], [7, 7, 7, 2, 2, 2, 2, 7], [8, 7, 7, 2, 2, 2, 2, 7], [8, 7, 7, 7, 7, 7, 7, 7]]}, {"input": [[9, 7, 7, 7, 2, 2, 7, 8, 7, 7, 7, 7], [9, 7, 7, 7, 2, 2, 7, 7, 8, 7, 7, 8], [9, 7, 8, 7, 2, 2, 7, 7, 7, 7, 7, 8], [9, 7, 7, 2, 2, 2, 2, 2, 2, 7, 7, 7], [9, 7, 7, 2, 8, 2, 2, 2, 2, 2, 7, 7], [9, 7, 7, 2, 2, 2, 2, 2, 2, 2, 2, 2], [9, 7, 7, 7, 2, 2, 2, 8, 2, 2, 8, 2], [9, 7, 7, 7, 2, 2, 2, 2, 2, 2, 2, 2], [9, 7, 7, 7, 7, 7, 2, 2, 2, 7, 7, 7], [9, 7, 7, 8, 7, 7, 7, 7, 7, 8, 7, 7], [9, 7, 7, 7, 7, 7, 7, 8, 7, 7, 7, 7], [9, 7, 7, 7, 8, 7, 7, 7, 7, 7, 7, 8]], "output": [[9, 7, 7, 7, 2, 2, 8, 8, 7, 7, 7, 7], [9, 7, 7, 7, 2, 2, 7, 8, 8, 7, 8, 8], [9, 8, 8, 7, 2, 2, 7, 7, 7, 7, 8, 8], [9, 7, 7, 2, 2, 2, 2, 2, 2, 7, 7, 7], [9, 7, 7, 2, 2, 2, 2, 2, 2, 2, 7, 7], [9, 7, 7, 2, 2, 2, 2, 2, 2, 2, 2, 2], [9, 7, 7, 7, 2, 2, 2, 2, 2, 2, 2, 2], [9, 7, 7, 7, 2, 2, 2, 2, 2, 2, 2, 2], [9, 7, 7, 7, 7, 7, 2, 2, 2, 7, 7, 7], [9, 7, 8, 8, 7, 7, 7, 7, 8, 8, 7, 7], [9, 7, 7, 7, 7, 7, 8, 8, 7, 7, 7, 7], [9, 7, 7, 8, 8, 7, 7, 7, 7, 7, 8, 8]]}], "test": [{"input": [[8, 7, 2, 2, 8, 2, 2, 2, 7, 7, 7, 7, 8], [7, 7, 2, 2, 2, 8, 8, 2, 2, 7, 7, 8, 7], [7, 7, 2, 2, 2, 2, 2, 2, 8, 2, 7, 7, 7], [7, 2, 2, 2, 7, 7, 2, 8, 2, 2, 2, 2, 2], [2, 2, 8, 2, 7, 8, 7, 2, 2, 8, 2, 2, 2], [2, 2, 2, 2, 7, 7, 7, 7, 2, 2, 7, 7, 7], [2, 2, 2, 2, 2, 2, 7, 2, 2, 7, 7, 8, 7], [7, 7, 7, 7, 7, 2, 2, 2, 7, 7, 7, 7, 7], [8, 7, 7, 7, 7, 7, 7, 7, 7, 7, 7, 7, 7], [7, 8, 7, 8, 7, 7, 8, 7, 7, 8, 8, 8, 8], [7, 7, 7, 7, 7, 8, 7, 8, 7, 7, 7, 7, 7], [7, 7, 7, 7, 7, 7, 7, 7, 7, 7, 7, 7, 7], [9, 9, 9, 9, 9, 9, 9, 9, 9, 9, 9, 9, 9]], "output": [[8, 7, 2, 2, 2, 2, 2, 2, 7, 7, 7, 7, 8], [8, 7, 2, 2, 2, 2, 2, 2, 2, 7, 7, 8, 8], [7, 7, 2, 2, 2, 2, 2, 2, 2, 2, 7, 8, 7], [7, 2, 2, 2, 7, 7, 2, 2, 2, 2, 2, 2, 2], [2, 2, 2, 2, 7, 8, 7, 2, 2, 2, 2, 2, 2], [2, 2, 2, 2, 7, 8, 7, 7, 2, 2, 7, 7, 7], [2, 2, 2, 2, 2, 2, 7, 2, 2, 7, 7, 8, 7], [7, 7, 7, 7, 7, 2, 2, 2, 7, 7, 7, 8, 7], [8, 7, 7, 7, 7, 7, 7, 7, 7, 7, 7, 7, 7], [8, 8, 7, 8, 7, 7, 8, 7, 7, 8, 8, 8, 8], [7, 8, 7, 8, 7, 8, 8, 8, 7, 8, 8, 8, 8], [7, 7, 7, 7, 7, 8, 7, 8, 7, 7, 7, 7, 7], [9, 9, 9, 9, 9, 9, 9, 9, 9, 9, 9, 9, 9]]}]}