{"train": [{"input": [[8, 8, 8, 8, 8, 8, 8, 8, 8, 8, 8, 8, 8, 8, 8, 8, 8, 8, 8, 8, 8], [8, 1, 8, 1, 8, 2, 2, 8, 8, 3, 8, 8, 8, 4, 4, 8, 8, 6, 8, 6, 8], [8, 8, 1, 8, 8, 8, 2, 8, 8, 3, 3, 3, 8, 8, 4, 4, 8, 6, 6, 6, 8], [8, 8, 1, 1, 8, 2, 2, 2, 8, 8, 8, 3, 8, 4, 8, 8, 8, 6, 8, 8, 8], [8, 8, 8, 8, 8, 8, 8, 8, 8, 8, 8, 8, 8, 8, 8, 8, 8, 8, 8, 8, 8], [8, 8, 8, 8, 8, 8, 8, 8, 8, 8, 8, 8, 8, 8, 8, 8, 8, 8, 8, 8, 8], [8, 8, 8, 8, 8, 8, 8, 8, 8, 8, 8, 8, 8, 8, 8, 8, 8, 8, 8, 8, 8], [8, 8, 8, 8, 8, 8, 8, 8, 8, 8, 8, 8, 8, 8, 8, 8, 8, 8, 8, 8, 8], [8, 8, 8, 8, 8, 8, 8, 8, 8, 8, 8, 8, 8, 8, 8, 8, 8, 8, 8, 8, 8], [8, 8, 8, 9, 9, 9, 9, 9, 9, 9, 9, 9, 9, 9, 9, 9, 9, 8, 8, 8, 8], [8, 8, 8, 9, 5, 5, 5, 5, 5, 5, 5, 5, 8, 8, 8, 8, 9, 8, 8, 8, 8], [8, 8, 8, 9, 5, 5, 5, 5, 5, 5, 5, 5, 8, 8, 8, 8, 9, 8, 8, 8, 8], [8, 8, 8, 9, 5, 5, 5, 5, 5, 5, 5, 5, 8, 8, 8, 8, 9, 8, 8, 8, 8], [8, 8, 8, 9, 5, 5, 5, 5, 5, 5, 5, 5, 8, 8, 8, 8, 9, 8, 8, 8, 8], [8, 8, 8, 9, 8, 8, 8, 8, 8, 8, 8, 8, 5, 5, 5, 5, 9, 8, 8, 8, 8], [8, 8, 8, 9, 8, 8, 8, 8, 8, 8, 8, 8, 5, 5, 5, 5, 9, 8, 8, 8, 8], [8, 8, 8, 9, 8, 8, 8, 8, 8, 8, 8, 8, 5, 5, 5, 5, 9, 8, 8, 8, 8], [8, 8, 8, 9, 8, 8, 8, 8, 8, 8, 8, 8, 5, 5, 5, 5, 9, 8, 8, 8, 8], [8, 8, 8, 9, 8, 8, 8, 8, 8, 8, 8, 8, 8, 8, 8, 8, 9, 8, 8, 8, 8], [8, 8, 8, 9, 8, 8, 8, 8, 8, 8, 8, 8, 8, 8, 8, 8, 9, 8, 8, 8, 8], [8, 8, 8, 9, 8, 8, 8, 8, 8, 8, 8, 8, 8, 8, 8, 8, 9, 8, 8, 8, 8], [8, 8, 8, 9, 8, 8, 8, 8, 8, 8, 8, 8, 8, 8, 8, 8, 9, 8, 8, 8, 8], [8, 8, 8, 9, 9, 9, 9, 9, 9, 9, 9, 9, 9, 9, 9, 9, 9, 8, 8, 8, 8], [8, 8, 8, 8, 8, 8, 8, 8, 8, 8, 8, 8, 8, 8, 8, 8, 8, 8, 8, 8, 8], [8, 8, 8, 8, 8, 8, 8, 8, 8, 8, 8, 8, 8, 8, 8, 8, 8, 8, 8, 8, 8], [8, 8, 8, 8, 8, 8, 8, 8, 8, 8, 8, 8, 8, 8, 8, 8, 8, 8, 8, 8, 8], [8, 8, 8, 8, 8, 8, 8, 8, 8, 8, 8, 8, 8, 8, 8, 8, 8, 8, 8, 8, 8]], "output": [[9, 9, 9, 9, 9, 9, 9, 9, 9, 9, 9, 9, 9, 9], [9, 5, 5, 5, 5, 5, 5, 5, 5, 8, 8, 8, 8, 9], [9, 5, 5, 5, 5, 5, 5, 5, 5, 8, 8, 8, 8, 9], [9, 5, 5, 5, 5, 5, 5, 5, 5, 8, 8, 8, 8, 9], [9, 5, 5, 5, 5, 5, 5, 5, 5, 8, 8, 8, 8, 9], [9, 8, 8, 8, 8, 5, 5, 5, 5, 5, 5, 5, 5, 9], [9, 8, 8, 8, 8, 5, 5, 5, 5, 5, 5, 5, 5, 9], [9, 8, 8, 8, 8, 5, 5, 5, 5, 5, 5, 5, 5, 9], [9, 8, 8, 8, 8, 5, 5, 5, 5, 5, 5, 5, 5, 9], [9, 5, 5, 5, 5, 8, 8, 8, 8, 8, 8, 8, 8, 9], [9, 5, 5, 5, 5, 8, 8, 8, 8, 8, 8, 8, 8, 9], [9, 5, 5, 5, 5, 8, 8, 8, 8, 8, 8, 8, 8, 9], [9, 5, 5, 5, 5, 8, 8, 8, 8, 8, 8, 8, 8, 9], [9, 9, 9, 9, 9, 9, 9, 9, 9, 9, 9, 9, 9, 9]]}, {"input": [[8, 8, 8, 8, 8, 8, 8, 8, 8, 8, 8, 8, 8, 8, 8, 8, 8, 8, 8, 8, 8], [8, 1, 1, 1, 8, 2, 8, 2, 8, 8, 4, 8, 8, 9, 9, 8, 8, 6, 6, 8, 8], [8, 8, 8, 1, 8, 2, 2, 8, 8, 4, 4, 8, 8, 8, 8, 9, 8, 6, 8, 8, 8], [8, 1, 1, 8, 8, 8, 2, 2, 8, 8, 4, 4, 8, 9, 9, 9, 8, 8, 6, 6, 8], [8, 8, 1, 1, 8, 8, 8, 2, 8, 8, 4, 8, 8, 8, 8, 9, 8, 8, 6, 6, 8], [8, 8, 8, 8, 8, 8, 8, 8, 8, 8, 8, 8, 8, 8, 8, 8, 8, 8, 8, 8, 8], [8, 8, 8, 8, 8, 8, 8, 8, 8, 8, 8, 8, 8, 8, 8, 8, 8, 8, 8, 8, 8], [8, 8, 8, 8, 8, 8, 8, 8, 8, 8, 8, 8, 8, 8, 8, 8, 8, 8, 8, 8, 8], [8, 8, 8, 8, 8, 8, 8, 8, 8, 8, 8, 8, 8, 8, 8, 8, 8, 8, 8, 8, 8], [8, 8, 8, 3, 3, 3, 3, 3, 3, 3, 3, 3, 3, 3, 8, 8, 8, 8, 8, 8, 8], [8, 8, 8, 3, 0, 0, 0, 0, 0, 0, 0, 0, 0, 3, 8, 8, 8, 8, 8, 8, 8], [8, 8, 8, 3, 0, 0, 0, 0, 0, 0, 0, 0, 0, 3, 8, 8, 8, 8, 8, 8, 8], [8, 8, 8, 3, 0, 0, 0, 0, 0, 0, 0, 0, 0, 3, 8, 8, 8, 8, 8, 8, 8], [8, 8, 8, 3, 8, 8, 8, 8, 8, 8, 8, 8, 8, 3, 8, 8, 8, 8, 8, 8, 8], [8, 8, 8, 3, 8, 8, 8, 8, 8, 8, 8, 8, 8, 3, 8, 8, 8, 8, 8, 8, 8], [8, 8, 8, 3, 8, 8, 8, 8, 8, 8, 8, 8, 8, 3, 8, 8, 8, 8, 8, 8, 8], [8, 8, 8, 3, 8, 8, 8, 8, 8, 8, 8, 8, 8, 3, 8, 8, 8, 8, 8, 8, 8], [8, 8, 8, 3, 8, 8, 8, 8, 8, 8, 8, 8, 8, 3, 8, 8, 8, 8, 8, 8, 8], [8, 8, 8, 3, 8, 8, 8, 8, 8, 8, 8, 8, 8, 3, 8, 8, 8, 8, 8, 8, 8], [8, 8, 8, 3, 8, 8, 8, 8, 8, 8, 8, 8, 8, 3, 8, 8, 8, 8, 8, 8, 8], [8, 8, 8, 3, 8, 8, 8, 8, 8, 8, 8, 8, 8, 3, 8, 8, 8, 8, 8, 8, 8], [8, 8, 8, 3, 8, 8, 8, 8, 8, 8, 8, 8, 8, 3, 8, 8, 8, 8, 8, 8, 8], [8, 8, 8, 3, 3, 3, 3, 3, 3, 3, 3, 3, 3, 3, 8, 8, 8, 8, 8, 8, 8], [8, 8, 8, 8, 8, 8, 8, 8, 8, 8, 8, 8, 8, 8, 8, 8, 8, 8, 8, 8, 8], [8, 8, 8, 8, 8, 8, 8, 8, 8, 8, 8, 8, 8, 8, 8, 8, 8, 8, 8, 8, 8], [8, 8, 8, 8, 8, 8, 8, 8, 8, 8, 8, 8, 8, 8, 8, 8, 8, 8, 8, 8, 8], [8, 8, 8, 8, 8, 8, 8, 8, 8, 8, 8, 8, 8, 8, 8, 8, 8, 8, 8, 8, 8]], "output": [[3, 3, 3, 3, 3, 3, 3, 3, 3, 3, 3], [3, 0, 0, 0, 0, 0, 0, 0, 0, 0, 3], [3, 0, 0, 0, 0, 0, 0, 0, 0, 0, 3], [3, 0, 0, 0, 0, 0, 0, 0, 0, 0, 3], [3, 8, 8, 8, 8, 8, 8, 0, 0, 0, 3], [3, 8, 8, 8, 8, 8, 8, 0, 0, 0, 3], [3, 8, 8, 8, 8, 8, 8, 0, 0, 0, 3], [3, 0, 0, 0, 0, 0, 0, 8, 8, 8, 3], [3, 0, 0, 0, 0, 0, 0, 8, 8, 8, 3], [3, 0, 0, 0, 0, 0, 0, 8, 8, 8, 3], [3, 8, 8, 8, 0, 0, 0, 0, 0, 0, 3], [3, 8, 8, 8, 0, 0, 0, 0, 0, 0, 3], [3, 8, 8, 8, 0, 0, 0, 0, 0, 0, 3], [3, 3, 3, 3, 3, 3, 3, 3, 3, 3, 3]]}, {"input": [[8, 8, 8, 8, 8, 8, 8, 8, 8, 8, 8, 8, 8, 8, 8, 8, 8, 8, 8, 8, 8], [8, 8, 1, 1, 1, 1, 8, 2, 8, 8, 8, 8, 8, 8, 8, 8, 8, 8, 8, 8, 8], [8, 8, 8, 1, 1, 8, 8, 2, 2, 2, 2, 8, 8, 8, 8, 8, 8, 8, 8, 8, 8], [8, 8, 1, 1, 1, 1, 8, 8, 2, 8, 2, 8, 8, 8, 8, 8, 8, 8, 8, 8, 8], [8, 8, 8, 8, 8, 8, 8, 8, 8, 8, 8, 8, 8, 8, 8, 8, 8, 8, 8, 8, 8], [8, 8, 8, 8, 8, 8, 8, 8, 8, 8, 8, 8, 8, 8, 8, 8, 8, 8, 8, 8, 8], [8, 8, 8, 8, 8, 8, 8, 8, 8, 8, 8, 8, 8, 8, 8, 8, 8, 8, 8, 8, 8], [8, 8, 4, 4, 4, 4, 4, 4, 4, 4, 4, 4, 8, 8, 8, 8, 8, 8, 8, 8, 8], [8, 8, 4, 8, 8, 8, 8, 8, 8, 8, 8, 4, 8, 8, 8, 8, 8, 8, 8, 8, 8], [8, 8, 4, 8, 8, 8, 8, 8, 8, 8, 8, 4, 8, 8, 8, 8, 8, 8, 8, 8, 8], [8, 8, 4, 8, 8, 8, 8, 8, 8, 8, 8, 4, 8, 8, 8, 8, 8, 8, 8, 8, 8], [8, 8, 4, 8, 8, 8, 8, 8, 8, 8, 8, 4, 8, 8, 8, 8, 8, 8, 8, 8, 8], [8, 8, 4, 8, 8, 8, 8, 3, 3, 3, 3, 4, 8, 8, 8, 8, 8, 8, 8, 8, 8], [8, 8, 4, 8, 8, 8, 8, 3, 3, 3, 3, 4, 8, 8, 8, 8, 8, 8, 8, 8, 8], [8, 8, 4, 4, 4, 4, 4, 4, 4, 4, 4, 4, 8, 8, 8, 8, 8, 8, 8, 8, 8], [8, 8, 8, 8, 8, 8, 8, 8, 8, 8, 8, 8, 8, 8, 8, 8, 8, 8, 8, 8, 8], [8, 8, 8, 8, 8, 8, 8, 8, 8, 8, 8, 8, 8, 8, 8, 8, 8, 8, 8, 8, 8], [8, 8, 8, 8, 8, 8, 8, 8, 8, 8, 8, 8, 8, 8, 8, 8, 8, 8, 8, 8, 8], [8, 8, 8, 8, 8, 8, 8, 8, 8, 8, 8, 8, 8, 8, 8, 8, 8, 8, 8, 8, 8], [8, 8, 8, 8, 8, 8, 8, 8, 8, 8, 8, 8, 8, 8, 8, 8, 8, 8, 8, 8, 8], [8, 8, 8, 8, 8, 8, 8, 8, 8, 8, 8, 8, 8, 8, 8, 8, 8, 8, 8, 8, 8], [8, 8, 8, 8, 8, 8, 8, 8, 8, 8, 8, 8, 8, 8, 8, 8, 8, 8, 8, 8, 8], [8, 8, 8, 8, 8, 8, 8, 8, 8, 8, 8, 8, 8, 8, 8, 8, 8, 8, 8, 8, 8], [8, 8, 8, 8, 8, 8, 8, 8, 8, 8, 8, 8, 8, 8, 8, 8, 8, 8, 8, 8, 8], [8, 8, 8, 8, 8, 8, 8, 8, 8, 8, 8, 8, 8, 8, 8, 8, 8, 8, 8, 8, 8], [8, 8, 8, 8, 8, 8, 8, 8, 8, 8, 8, 8, 8, 8, 8, 8, 8, 8, 8, 8, 8], [8, 8, 8, 8, 8, 8, 8, 8, 8, 8, 8, 8, 8, 8, 8, 8, 8, 8, 8, 8, 8]], "output": [[4, 4, 4, 4, 4, 4, 4, 4, 4, 4], [4, 3, 3, 3, 3, 3, 3, 3, 3, 4], [4, 3, 3, 3, 3, 3, 3, 3, 3, 4], [4, 8, 8, 3, 3, 3, 3, 8, 8, 4], [4, 8, 8, 3, 3, 3, 3, 8, 8, 4], [4, 3, 3, 3, 3, 3, 3, 3, 3, 4], [4, 3, 3, 3, 3, 3, 3, 3, 3, 4], [4, 4, 4, 4, 4, 4, 4, 4, 4, 4]]}], "test": [{"input": [[8, 8, 8, 8, 8, 8, 8, 8, 8, 8, 8, 8, 8, 8, 8, 8, 8, 8, 8, 8, 8], [8, 2, 8, 2, 2, 8, 8, 8, 1, 8, 8, 6, 8, 6, 8, 8, 4, 4, 8, 4, 8], [8, 2, 8, 2, 8, 8, 1, 1, 1, 1, 8, 8, 6, 6, 6, 8, 8, 4, 8, 4, 8], [8, 8, 2, 2, 8, 8, 1, 8, 1, 8, 8, 6, 8, 8, 6, 8, 8, 4, 4, 4, 8], [8, 8, 8, 8, 8, 8, 8, 8, 8, 8, 8, 8, 8, 8, 8, 8, 8, 8, 8, 8, 8], [8, 8, 8, 8, 8, 8, 8, 8, 8, 8, 8, 8, 8, 8, 8, 8, 8, 8, 8, 8, 8], [8, 8, 8, 8, 8, 8, 8, 8, 8, 8, 8, 8, 8, 8, 8, 8, 8, 8, 8, 8, 8], [8, 8, 8, 8, 8, 8, 8, 8, 8, 8, 8, 8, 8, 8, 8, 8, 8, 8, 8, 8, 8], [8, 8, 8, 8, 8, 8, 8, 8, 8, 8, 8, 8, 8, 8, 8, 8, 8, 8, 8, 8, 8], [8, 8, 8, 8, 8, 8, 8, 8, 8, 8, 8, 8, 8, 8, 8, 8, 8, 8, 8, 8, 8], [8, 8, 8, 8, 8, 8, 8, 8, 8, 8, 8, 8, 8, 8, 8, 8, 8, 8, 8, 8, 8], [8, 8, 8, 8, 8, 8, 8, 8, 8, 8, 8, 8, 8, 8, 8, 8, 8, 8, 8, 8, 8], [8, 8, 8, 8, 8, 8, 8, 8, 8, 8, 8, 8, 8, 8, 8, 8, 8, 8, 8, 8, 8], [8, 8, 9, 9, 9, 9, 9, 9, 9, 9, 9, 9, 9, 9, 9, 9, 9, 9, 9, 9, 8], [8, 8, 9, 8, 8, 8, 8, 8, 8, 8, 8, 7, 7, 7, 7, 8, 8, 8, 8, 9, 8], [8, 8, 9, 8, 8, 8, 8, 8, 8, 8, 8, 7, 7, 7, 7, 8, 8, 8, 8, 9, 8], [8, 8, 9, 8, 8, 8, 8, 8, 8, 8, 8, 7, 7, 7, 7, 8, 8, 8, 8, 9, 8], [8, 8, 9, 8, 8, 8, 8, 8, 8, 8, 8, 7, 7, 7, 7, 8, 8, 8, 8, 9, 8], [8, 8, 9, 8, 8, 8, 8, 8, 8, 8, 8, 8, 8, 8, 8, 8, 8, 8, 8, 9, 8], [8, 8, 9, 8, 8, 8, 8, 8, 8, 8, 8, 8, 8, 8, 8, 8, 8, 8, 8, 9, 8], [8, 8, 9, 8, 8, 8, 8, 8, 8, 8, 8, 8, 8, 8, 8, 8, 8, 8, 8, 9, 8], [8, 8, 9, 8, 8, 8, 8, 8, 8, 8, 8, 8, 8, 8, 8, 8, 8, 8, 8, 9, 8], [8, 8, 9, 8, 8, 8, 8, 8, 8, 8, 8, 8, 8, 8, 8, 7, 7, 7, 7, 9, 8], [8, 8, 9, 8, 8, 8, 8, 8, 8, 8, 8, 8, 8, 8, 8, 7, 7, 7, 7, 9, 8], [8, 8, 9, 8, 8, 8, 8, 8, 8, 8, 8, 8, 8, 8, 8, 7, 7, 7, 7, 9, 8], [8, 8, 9, 8, 8, 8, 8, 8, 8, 8, 8, 8, 8, 8, 8, 7, 7, 7, 7, 9, 8], [8, 8, 9, 9, 9, 9, 9, 9, 9, 9, 9, 9, 9, 9, 9, 9, 9, 9, 9, 9, 8]], "output": [[9, 9, 9, 9, 9, 9, 9, 9, 9, 9, 9, 9, 9, 9, 9, 9, 9, 9], [9, 7, 7, 7, 7, 8, 8, 8, 8, 7, 7, 7, 7, 8, 8, 8, 8, 9], [9, 7, 7, 7, 7, 8, 8, 8, 8, 7, 7, 7, 7, 8, 8, 8, 8, 9], [9, 7, 7, 7, 7, 8, 8, 8, 8, 7, 7, 7, 7, 8, 8, 8, 8, 9], [9, 7, 7, 7, 7, 8, 8, 8, 8, 7, 7, 7, 7, 8, 8, 8, 8, 9], [9, 8, 8, 8, 8, 7, 7, 7, 7, 7, 7, 7, 7, 7, 7, 7, 7, 9], [9, 8, 8, 8, 8, 7, 7, 7, 7, 7, 7, 7, 7, 7, 7, 7, 7, 9], [9, 8, 8, 8, 8, 7, 7, 7, 7, 7, 7, 7, 7, 7, 7, 7, 7, 9], [9, 8, 8, 8, 8, 7, 7, 7, 7, 7, 7, 7, 7, 7, 7, 7, 7, 9], [9, 7, 7, 7, 7, 8, 8, 8, 8, 8, 8, 8, 8, 7, 7, 7, 7, 9], [9, 7, 7, 7, 7, 8, 8, 8, 8, 8, 8, 8, 8, 7, 7, 7, 7, 9], [9, 7, 7, 7, 7, 8, 8, 8, 8, 8, 8, 8, 8, 7, 7, 7, 7, 9], [9, 7, 7, 7, 7, 8, 8, 8, 8, 8, 8, 8, 8, 7, 7, 7, 7, 9], [9, 9, 9, 9, 9, 9, 9, 9, 9, 9, 9, 9, 9, 9, 9, 9, 9, 9]]}]}