{"train": [{"input": [[4, 4, 4, 4, 4, 7, 7], [4, 7, 7, 7, 4, 7, 5], [4, 7, 1, 7, 4, 7, 5], [4, 7, 7, 7, 4, 7, 7], [4, 4, 4, 4, 4, 7, 5], [7, 7, 7, 7, 7, 7, 5], [5, 5, 5, 5, 5, 7, 7]], "output": [[7, 7, 7, 7, 7, 7, 4, 4, 4, 4], [7, 7, 5, 5, 5, 7, 4, 4, 4, 4], [7, 7, 5, 5, 5, 7, 4, 4, 4, 4], [1, 7, 5, 5, 5, 7, 4, 4, 4, 4]]}, {"input": [[9, 9, 9, 9], [7, 7, 9, 7], [9, 9, 9, 9], [7, 7, 7, 7], [7, 6, 7, 6], [7, 6, 7, 6], [7, 7, 7, 7]], "output": [[7, 7, 7, 9, 9, 9], [6, 6, 7, 9, 9, 9], [6, 6, 7, 9, 9, 9]]}], "test": [{"input": [[7, 7, 7, 0, 0, 0, 7, 7, 7, 4], [0, 0, 7, 0, 7, 0, 7, 9, 7, 4], [0, 0, 7, 0, 0, 0, 7, 7, 7, 4], [7, 7, 7, 7, 7, 7, 7, 0, 7, 4], [7, 7, 7, 7, 7, 0, 0, 0, 7, 7]], "output": [[7, 7, 7, 7, 7, 0, 0, 0, 0], [7, 7, 7, 7, 7, 0, 0, 0, 0], [7, 7, 4, 4, 7, 0, 0, 0, 0], [9, 7, 4, 4, 7, 0, 0, 0, 0]]}]}