{"train": [{"input": [[3, 3, 3, 3, 0, 1, 1, 1, 0], [3, 0, 0, 3, 0, 1, 0, 1, 0], [3, 0, 0, 3, 0, 1, 0, 1, 0], [3, 3, 3, 3, 0, 1, 1, 1, 0]], "output": [[3, 3, 3], [3, 0, 0], [1, 1, 0]]}, {"input": [[7, 7, 7, 0, 0, 0, 0, 0, 0], [7, 0, 7, 7, 0, 8, 8, 8, 8], [7, 0, 0, 7, 0, 8, 0, 0, 8], [7, 7, 7, 7, 0, 8, 8, 8, 8]], "output": [[7, 7, 7], [8, 8, 0], [0, 0, 0]]}, {"input": [[9, 9, 9, 9, 0, 5, 5, 5, 5], [9, 0, 0, 9, 0, 5, 0, 0, 5], [9, 9, 0, 9, 0, 5, 0, 5, 5], [0, 9, 9, 9, 0, 5, 5, 5, 0]], "output": [[9, 9, 9], [5, 5, 5], [0, 0, 0]]}, {"input": [[8, 8, 8, 0, 6, 6, 6, 0, 0], [8, 0, 8, 0, 6, 0, 6, 0, 0], [8, 8, 8, 0, 6, 6, 6, 0, 0], [0, 0, 0, 0, 0, 0, 0, 0, 0]], "output": [[8, 0, 0], [6, 0, 0], [0, 0, 0]]}, {"input": [[0, 4, 4, 4, 6, 6, 6, 6, 6], [0, 4, 0, 4, 6, 0, 0, 0, 6], [0, 4, 4, 4, 6, 0, 0, 0, 6], [0, 0, 0, 0, 6, 6, 6, 6, 6]], "output": [[4, 0, 0], [6, 6, 6], [6, 6, 6]]}, {"input": [[7, 7, 7, 0, 8, 8, 8, 0, 0], [7, 0, 7, 0, 8, 0, 8, 8, 0], [7, 0, 7, 0, 8, 0, 0, 8, 0], [7, 7, 7, 0, 8, 8, 8, 8, 0]], "output": [[7, 7, 0], [8, 8, 8], [0, 0, 0]]}], "test": [{"input": [[4, 4, 4, 0, 0, 0, 7, 7, 7], [4, 0, 4, 4, 4, 0, 7, 0, 7], [4, 0, 0, 0, 4, 0, 7, 7, 7], [4, 4, 4, 4, 4, 0, 0, 0, 0]], "output": [[4, 4, 4], [4, 0, 0], [7, 0, 0]]}]}