{"train": [{"input": [[0, 2, 0, 1, 0, 0, 0, 0, 0, 0], [0, 0, 0, 0, 0, 2, 0, 1, 0, 0], [0, 0, 0, 0, 0, 0, 0, 0, 0, 0], [5, 5, 5, 5, 5, 5, 5, 5, 5, 5], [0, 0, 0, 0, 0, 0, 0, 0, 0, 0], [0, 2, 0, 0, 0, 0, 0, 0, 0, 2], [0, 0, 0, 0, 1, 0, 0, 0, 0, 0], [0, 0, 0, 0, 0, 0, 0, 0, 0, 0], [0, 0, 1, 0, 0, 0, 2, 0, 1, 0], [0, 0, 0, 0, 0, 0, 0, 0, 0, 0]], "output": [[0, 2, 0, 1, 0, 0, 0, 1, 0, 0], [0, 2, 0, 0, 0, 2, 0, 1, 0, 0], [0, 2, 0, 0, 0, 2, 0, 0, 0, 0], [5, 5, 5, 5, 5, 5, 5, 5, 5, 5], [0, 2, 0, 0, 0, 0, 2, 0, 0, 2], [0, 2, 0, 0, 0, 0, 2, 0, 0, 2], [0, 0, 0, 0, 1, 0, 2, 0, 0, 0], [0, 0, 0, 0, 1, 0, 2, 0, 0, 0], [0, 0, 1, 0, 1, 0, 2, 0, 1, 0], [0, 0, 1, 0, 1, 0, 0, 0, 1, 0]]}, {"input": [[0, 0, 1, 0, 0, 0, 0, 0, 0, 0], [0, 0, 0, 0, 0, 0, 1, 0, 0, 0], [0, 2, 0, 0, 0, 0, 0, 0, 0, 2], [0, 0, 0, 0, 0, 0, 0, 0, 0, 0], [0, 0, 0, 0, 0, 0, 0, 0, 0, 0], [5, 5, 5, 5, 5, 5, 5, 5, 5, 5], [0, 0, 0, 0, 0, 0, 0, 0, 0, 0], [0, 0, 0, 0, 0, 0, 0, 0, 0, 0], [0, 1, 0, 0, 0, 2, 0, 0, 1, 0], [0, 0, 0, 0, 0, 0, 0, 0, 0, 0]], "output": [[0, 0, 1, 0, 0, 0, 1, 0, 0, 0], [0, 0, 0, 0, 0, 0, 1, 0, 0, 0], [0, 2, 0, 0, 0, 0, 0, 0, 0, 2], [0, 2, 0, 0, 0, 0, 0, 0, 0, 2], [0, 2, 0, 0, 0, 0, 0, 0, 0, 2], [5, 5, 5, 5, 5, 5, 5, 5, 5, 5], [0, 0, 0, 0, 0, 2, 0, 0, 0, 0], [0, 0, 0, 0, 0, 2, 0, 0, 0, 0], [0, 1, 0, 0, 0, 2, 0, 0, 1, 0], [0, 1, 0, 0, 0, 0, 0, 0, 1, 0]]}], "test": [{"input": [[0, 0, 0, 0, 0, 0, 0, 0, 0, 0], [0, 2, 0, 1, 0, 0, 0, 0, 2, 0], [0, 0, 0, 0, 0, 0, 1, 0, 0, 0], [0, 0, 0, 0, 0, 0, 0, 0, 0, 0], [5, 5, 5, 5, 5, 5, 5, 5, 5, 5], [0, 0, 0, 0, 0, 0, 0, 0, 0, 0], [0, 0, 0, 0, 0, 0, 0, 0, 0, 0], [0, 0, 1, 0, 0, 2, 0, 0, 0, 0], [2, 0, 0, 0, 0, 0, 0, 0, 0, 0], [0, 0, 0, 0, 0, 0, 0, 0, 1, 0]], "output": [[0, 0, 0, 1, 0, 0, 1, 0, 0, 0], [0, 2, 0, 1, 0, 0, 1, 0, 2, 0], [0, 2, 0, 0, 0, 0, 1, 0, 2, 0], [0, 2, 0, 0, 0, 0, 0, 0, 2, 0], [5, 5, 5, 5, 5, 5, 5, 5, 5, 5], [2, 0, 0, 0, 0, 2, 0, 0, 0, 0], [2, 0, 0, 0, 0, 2, 0, 0, 0, 0], [2, 0, 1, 0, 0, 2, 0, 0, 0, 0], [2, 0, 1, 0, 0, 0, 0, 0, 0, 0], [0, 0, 1, 0, 0, 0, 0, 0, 1, 0]]}]}