{"train": [{"input": [[8, 8, 0], [0, 8, 8], [0, 8, 0]], "output": [[0, 0, 0, 0, 0, 0, 0, 0, 8], [0, 0, 0, 0, 0, 0, 8, 0, 0], [0, 0, 0, 0, 0, 0, 8, 0, 8], [0, 0, 8, 0, 0, 0, 0, 0, 0], [8, 0, 0, 0, 0, 0, 0, 0, 0], [8, 0, 8, 0, 0, 0, 0, 0, 0], [0, 0, 8, 0, 0, 0, 0, 0, 8], [8, 0, 0, 0, 0, 0, 8, 0, 0], [8, 0, 8, 0, 0, 0, 8, 0, 8]]}, {"input": [[9, 9, 0], [0, 0, 9], [0, 9, 0]], "output": [[0, 0, 0, 0, 0, 0, 0, 0, 9], [0, 0, 0, 0, 0, 0, 9, 9, 0], [0, 0, 0, 0, 0, 0, 9, 0, 9], [0, 0, 9, 0, 0, 9, 0, 0, 0], [9, 9, 0, 9, 9, 0, 0, 0, 0], [9, 0, 9, 9, 0, 9, 0, 0, 0], [0, 0, 9, 0, 0, 0, 0, 0, 9], [9, 9, 0, 0, 0, 0, 9, 9, 0], [9, 0, 9, 0, 0, 0, 9, 0, 9]]}, {"input": [[7, 0, 7], [7, 7, 7], [0, 7, 0]], "output": [[0, 0, 0, 0, 7, 0, 0, 0, 0], [0, 0, 0, 0, 0, 0, 0, 0, 0], [0, 0, 0, 7, 0, 7, 0, 0, 0], [0, 0, 0, 0, 0, 0, 0, 0, 0], [0, 0, 0, 0, 0, 0, 0, 0, 0], [0, 0, 0, 0, 0, 0, 0, 0, 0], [0, 7, 0, 0, 0, 0, 0, 7, 0], [0, 0, 0, 0, 0, 0, 0, 0, 0], [7, 0, 7, 0, 0, 0, 7, 0, 7]]}], "test": [{"input": [[1, 1, 0], [0, 1, 0], [1, 0, 1]], "output": [[0, 0, 0, 0, 0, 0, 0, 0, 1], [0, 0, 0, 0, 0, 0, 1, 0, 1], [0, 0, 0, 0, 0, 0, 0, 1, 0], [0, 0, 1, 0, 0, 0, 0, 0, 1], [1, 0, 1, 0, 0, 0, 1, 0, 1], [0, 1, 0, 0, 0, 0, 0, 1, 0], [0, 0, 0, 0, 0, 1, 0, 0, 0], [0, 0, 0, 1, 0, 1, 0, 0, 0], [0, 0, 0, 0, 1, 0, 0, 0, 0]]}]}