{"train": [{"input": [[0, 0, 0, 0, 0, 0, 0, 0, 0], [0, 0, 0, 0, 0, 0, 0, 0, 0], [0, 0, 0, 0, 0, 0, 0, 0, 0], [0, 0, 0, 0, 0, 7, 0, 0, 0], [0, 0, 0, 0, 7, 7, 0, 0, 0], [0, 0, 0, 7, 0, 0, 0, 0, 0], [0, 0, 0, 0, 0, 0, 0, 0, 0], [0, 0, 0, 0, 0, 0, 0, 0, 0], [0, 0, 0, 0, 0, 0, 0, 0, 0]], "output": [[0, 0, 0, 0, 0, 0, 0, 0, 7], [0, 0, 0, 0, 0, 0, 0, 7, 7], [0, 0, 0, 0, 0, 0, 7, 0, 0], [0, 0, 0, 0, 0, 7, 0, 0, 7], [0, 0, 0, 0, 7, 7, 0, 7, 7], [0, 0, 0, 7, 0, 0, 7, 0, 0], [0, 0, 7, 0, 0, 0, 0, 0, 0], [0, 7, 7, 0, 0, 0, 0, 0, 0], [7, 0, 0, 0, 0, 0, 0, 0, 0]]}, {"input": [[8, 8, 0, 0, 0, 0, 0, 0, 0], [0, 0, 8, 0, 0, 0, 0, 0, 0], [8, 0, 0, 0, 0, 0, 0, 0, 0], [0, 0, 0, 0, 0, 0, 0, 0, 0], [0, 0, 0, 0, 0, 0, 0, 0, 0], [0, 0, 0, 0, 0, 0, 0, 0, 0], [0, 0, 0, 0, 0, 0, 0, 0, 0], [0, 0, 0, 0, 0, 0, 0, 0, 0], [0, 0, 0, 0, 0, 0, 0, 0, 0]], "output": [[8, 8, 0, 8, 8, 0, 0, 0, 0], [0, 0, 8, 0, 0, 8, 0, 0, 0], [8, 0, 0, 8, 0, 0, 0, 0, 0], [0, 0, 0, 0, 0, 0, 8, 8, 0], [0, 0, 0, 0, 0, 0, 0, 0, 8], [0, 0, 0, 0, 0, 0, 8, 0, 0], [8, 8, 0, 0, 0, 0, 0, 0, 0], [0, 0, 8, 0, 0, 0, 0, 0, 0], [8, 0, 0, 0, 0, 0, 0, 0, 0]]}, {"input": [[0, 0, 0, 0, 6, 0, 0, 0, 0], [0, 0, 0, 6, 0, 6, 0, 0, 0], [0, 0, 0, 6, 6, 0, 0, 0, 0], [0, 0, 0, 0, 0, 0, 0, 0, 0], [0, 0, 0, 0, 0, 0, 0, 0, 0], [0, 0, 0, 0, 0, 0, 0, 0, 0], [0, 0, 0, 0, 0, 0, 0, 0, 0], [0, 0, 0, 0, 0, 0, 0, 0, 0], [0, 0, 0, 0, 0, 0, 0, 0, 0]], "output": [[0, 0, 0, 0, 6, 0, 0, 0, 0], [0, 0, 0, 6, 0, 6, 0, 0, 0], [0, 0, 0, 6, 6, 0, 0, 0, 0], [0, 6, 0, 0, 0, 0, 0, 6, 0], [6, 0, 6, 0, 0, 0, 6, 0, 6], [6, 6, 0, 0, 0, 0, 6, 6, 0], [0, 6, 0, 0, 6, 0, 0, 0, 0], [6, 0, 6, 6, 0, 6, 0, 0, 0], [6, 6, 0, 6, 6, 0, 0, 0, 0]]}], "test": [{"input": [[0, 0, 0, 0, 0, 0, 0, 0, 0], [0, 0, 0, 0, 0, 0, 0, 0, 0], [0, 0, 0, 0, 0, 0, 0, 0, 0], [2, 0, 0, 0, 0, 0, 0, 0, 0], [2, 2, 0, 0, 0, 0, 0, 0, 0], [0, 2, 2, 0, 0, 0, 0, 0, 0], [0, 0, 0, 0, 0, 0, 0, 0, 0], [0, 0, 0, 0, 0, 0, 0, 0, 0], [0, 0, 0, 0, 0, 0, 0, 0, 0]], "output": [[2, 0, 0, 0, 0, 0, 0, 0, 0], [2, 2, 0, 0, 0, 0, 0, 0, 0], [0, 2, 2, 0, 0, 0, 0, 0, 0], [2, 0, 0, 2, 0, 0, 0, 0, 0], [2, 2, 0, 2, 2, 0, 0, 0, 0], [0, 2, 2, 0, 2, 2, 0, 0, 0], [0, 0, 0, 2, 0, 0, 2, 0, 0], [0, 0, 0, 2, 2, 0, 2, 2, 0], [0, 0, 0, 0, 2, 2, 0, 2, 2]]}]}