{"train": [{"input": [[0, 0, 7, 0, 0, 6, 0, 6, 0, 0, 0, 7, 3, 0, 0, 0], [0, 0, 3, 0, 0, 1, 0, 0, 8, 0, 0, 2, 0, 0, 0, 0], [0, 0, 0, 0, 3, 9, 0, 0, 0, 0, 0, 0, 0, 8, 0, 8], [2, 2, 0, 2, 9, 0, 0, 0, 0, 1, 0, 2, 0, 0, 0, 0], [0, 5, 2, 0, 0, 7, 0, 6, 0, 0, 0, 3, 0, 0, 1, 0], [4, 4, 0, 3, 9, 0, 0, 0, 0, 7, 0, 2, 0, 0, 0, 0], [8, 0, 0, 0, 0, 6, 0, 0, 0, 8, 0, 0, 3, 0, 0, 0], [0, 9, 0, 0, 0, 4, 8, 0, 0, 0, 7, 0, 0, 0, 0, 0], [0, 0, 9, 5, 0, 0, 0, 0, 4, 6, 0, 1, 4, 0, 0, 0], [0, 0, 0, 0, 0, 0, 0, 0, 3, 1, 0, 8, 0, 5, 9, 4], [0, 9, 3, 9, 0, 3, 0, 0, 5, 6, 7, 0, 5, 0, 0, 0], [0, 0, 6, 6, 6, 6, 6, 6, 6, 0, 0, 0, 0, 7, 0, 0], [0, 4, 6, 6, 6, 6, 6, 6, 6, 0, 0, 4, 4, 6, 0, 2], [0, 5, 0, 0, 0, 0, 4, 5, 3, 0, 8, 0, 0, 0, 6, 9], [0, 0, 9, 7, 5, 0, 0, 0, 0, 0, 0, 0, 1, 0, 7, 1], [0, 8, 0, 0, 0, 0, 0, 1, 0, 3, 0, 0, 3, 8, 7, 0]], "output": [[0, 0, 0, 0, 0, 0, 0, 0, 0, 0, 0, 0, 0, 0, 0, 0], [0, 0, 0, 0, 0, 0, 0, 0, 0, 0, 0, 0, 0, 0, 0, 0], [0, 0, 0, 0, 0, 0, 0, 0, 0, 0, 0, 0, 0, 0, 0, 0], [0, 0, 0, 0, 0, 0, 0, 0, 0, 0, 0, 0, 0, 0, 0, 0], [0, 0, 0, 0, 0, 0, 0, 0, 0, 0, 0, 0, 0, 0, 0, 0], [0, 0, 0, 0, 0, 0, 0, 0, 0, 0, 0, 0, 0, 0, 0, 0], [0, 0, 0, 0, 0, 0, 0, 0, 0, 0, 0, 0, 0, 0, 0, 0], [0, 0, 0, 0, 0, 0, 0, 0, 0, 0, 0, 0, 0, 0, 0, 0], [0, 0, 0, 0, 0, 0, 0, 0, 0, 0, 0, 0, 0, 0, 0, 0], [0, 0, 0, 0, 0, 0, 0, 0, 0, 0, 0, 0, 0, 0, 0, 0], [0, 0, 0, 0, 0, 0, 0, 0, 0, 0, 0, 0, 0, 0, 0, 0], [0, 0, 6, 6, 6, 6, 6, 6, 6, 0, 0, 0, 0, 0, 0, 0], [0, 0, 6, 6, 6, 6, 6, 6, 6, 0, 0, 0, 0, 0, 0, 0], [0, 0, 0, 0, 0, 0, 0, 0, 0, 0, 0, 0, 0, 0, 0, 0], [0, 0, 0, 0, 0, 0, 0, 0, 0, 0, 0, 0, 0, 0, 0, 0], [0, 0, 0, 0, 0, 0, 0, 0, 0, 0, 0, 0, 0, 0, 0, 0]]}, {"input": [[0, 0, 0, 0, 1, 1, 4, 0, 2, 0, 0, 0, 0, 2, 0, 5], [0, 0, 0, 3, 5, 0, 0, 0, 9, 9, 8, 0, 4, 0, 5, 8], [1, 0, 8, 2, 8, 0, 0, 6, 0, 8, 5, 0, 0, 0, 8, 0], [0, 0, 0, 2, 2, 2, 0, 0, 0, 0, 0, 6, 0, 0, 0, 0], [0, 0, 1, 2, 2, 2, 0, 0, 1, 9, 5, 0, 0, 2, 0, 4], [0, 4, 0, 2, 2, 2, 0, 2, 0, 0, 7, 0, 0, 0, 0, 0], [3, 0, 6, 2, 2, 2, 0, 0, 0, 3, 5, 0, 7, 0, 0, 0], [7, 0, 4, 6, 0, 0, 4, 7, 7, 3, 0, 2, 0, 0, 7, 1], [0, 7, 0, 0, 0, 0, 0, 9, 7, 7, 0, 0, 0, 8, 5, 2], [1, 5, 6, 4, 9, 3, 0, 3, 0, 0, 0, 0, 0, 9, 4, 6], [0, 2, 4, 0, 0, 0, 0, 0, 0, 0, 2, 0, 1, 6, 0, 0], [0, 0, 0, 5, 0, 0, 0, 0, 0, 0, 0, 0, 0, 0, 2, 4], [0, 0, 6, 0, 0, 0, 0, 0, 6, 0, 0, 2, 0, 0, 0, 0], [0, 3, 0, 0, 7, 0, 2, 0, 7, 9, 0, 0, 0, 0, 0, 0], [0, 0, 5, 0, 7, 0, 0, 0, 0, 0, 0, 0, 6, 5, 3, 0], [1, 0, 0, 9, 0, 0, 0, 2, 0, 0, 0, 1, 0, 0, 9, 0]], "output": [[0, 0, 0, 0, 0, 0, 0, 0, 0, 0, 0, 0, 0, 0, 0, 0], [0, 0, 0, 0, 0, 0, 0, 0, 0, 0, 0, 0, 0, 0, 0, 0], [0, 0, 0, 0, 0, 0, 0, 0, 0, 0, 0, 0, 0, 0, 0, 0], [0, 0, 0, 2, 2, 2, 0, 0, 0, 0, 0, 0, 0, 0, 0, 0], [0, 0, 0, 2, 2, 2, 0, 0, 0, 0, 0, 0, 0, 0, 0, 0], [0, 0, 0, 2, 2, 2, 0, 0, 0, 0, 0, 0, 0, 0, 0, 0], [0, 0, 0, 2, 2, 2, 0, 0, 0, 0, 0, 0, 0, 0, 0, 0], [0, 0, 0, 0, 0, 0, 0, 0, 0, 0, 0, 0, 0, 0, 0, 0], [0, 0, 0, 0, 0, 0, 0, 0, 0, 0, 0, 0, 0, 0, 0, 0], [0, 0, 0, 0, 0, 0, 0, 0, 0, 0, 0, 0, 0, 0, 0, 0], [0, 0, 0, 0, 0, 0, 0, 0, 0, 0, 0, 0, 0, 0, 0, 0], [0, 0, 0, 0, 0, 0, 0, 0, 0, 0, 0, 0, 0, 0, 0, 0], [0, 0, 0, 0, 0, 0, 0, 0, 0, 0, 0, 0, 0, 0, 0, 0], [0, 0, 0, 0, 0, 0, 0, 0, 0, 0, 0, 0, 0, 0, 0, 0], [0, 0, 0, 0, 0, 0, 0, 0, 0, 0, 0, 0, 0, 0, 0, 0], [0, 0, 0, 0, 0, 0, 0, 0, 0, 0, 0, 0, 0, 0, 0, 0]]}, {"input": [[3, 0, 0, 0, 0, 0, 6, 2, 0, 0, 0, 5, 0, 0, 0, 3], [0, 7, 0, 0, 0, 0, 9, 0, 0, 0, 0, 0, 0, 0, 5, 0], [0, 0, 0, 0, 0, 8, 8, 0, 7, 7, 7, 0, 0, 0, 0, 4], [0, 2, 0, 0, 0, 0, 0, 0, 7, 7, 7, 0, 2, 0, 5, 0], [0, 8, 0, 0, 9, 6, 1, 7, 7, 7, 7, 0, 0, 0, 0, 0], [5, 0, 0, 0, 0, 3, 6, 0, 6, 0, 0, 3, 3, 0, 0, 0], [0, 4, 0, 2, 0, 0, 0, 0, 0, 0, 0, 0, 0, 0, 4, 0], [9, 0, 0, 0, 0, 0, 0, 0, 0, 3, 0, 8, 0, 0, 0, 0], [0, 0, 3, 0, 0, 0, 0, 6, 0, 9, 0, 0, 0, 0, 0, 0], [9, 0, 0, 0, 1, 0, 0, 3, 0, 8, 0, 0, 0, 0, 0, 0], [0, 0, 0, 0, 0, 0, 0, 0, 0, 0, 3, 3, 0, 0, 7, 0], [0, 0, 0, 0, 0, 0, 0, 4, 0, 0, 0, 0, 0, 5, 0, 0], [4, 0, 0, 1, 7, 0, 3, 0, 0, 7, 5, 0, 0, 0, 0, 0], [0, 0, 0, 0, 0, 1, 7, 2, 0, 0, 5, 0, 0, 1, 0, 4], [0, 0, 0, 0, 0, 0, 0, 3, 0, 0, 2, 0, 0, 0, 0, 0], [0, 2, 0, 0, 0, 7, 9, 0, 0, 0, 5, 0, 2, 0, 3, 0]], "output": [[0, 0, 0, 0, 0, 0, 0, 0, 0, 0, 0, 0, 0, 0, 0, 0], [0, 0, 0, 0, 0, 0, 0, 0, 0, 0, 0, 0, 0, 0, 0, 0], [0, 0, 0, 0, 0, 0, 0, 0, 7, 7, 7, 0, 0, 0, 0, 0], [0, 0, 0, 0, 0, 0, 0, 0, 7, 7, 7, 0, 0, 0, 0, 0], [0, 0, 0, 0, 0, 0, 0, 0, 7, 7, 7, 0, 0, 0, 0, 0], [0, 0, 0, 0, 0, 0, 0, 0, 0, 0, 0, 0, 0, 0, 0, 0], [0, 0, 0, 0, 0, 0, 0, 0, 0, 0, 0, 0, 0, 0, 0, 0], [0, 0, 0, 0, 0, 0, 0, 0, 0, 0, 0, 0, 0, 0, 0, 0], [0, 0, 0, 0, 0, 0, 0, 0, 0, 0, 0, 0, 0, 0, 0, 0], [0, 0, 0, 0, 0, 0, 0, 0, 0, 0, 0, 0, 0, 0, 0, 0], [0, 0, 0, 0, 0, 0, 0, 0, 0, 0, 0, 0, 0, 0, 0, 0], [0, 0, 0, 0, 0, 0, 0, 0, 0, 0, 0, 0, 0, 0, 0, 0], [0, 0, 0, 0, 0, 0, 0, 0, 0, 0, 0, 0, 0, 0, 0, 0], [0, 0, 0, 0, 0, 0, 0, 0, 0, 0, 0, 0, 0, 0, 0, 0], [0, 0, 0, 0, 0, 0, 0, 0, 0, 0, 0, 0, 0, 0, 0, 0], [0, 0, 0, 0, 0, 0, 0, 0, 0, 0, 0, 0, 0, 0, 0, 0]]}], "test": [{"input": [[0, 0, 1, 7, 3, 0, 0, 0, 0, 0, 1, 2, 0, 4, 7, 0], [0, 0, 0, 3, 0, 0, 6, 8, 0, 0, 0, 0, 0, 0, 0, 0], [6, 0, 0, 8, 0, 1, 0, 0, 1, 0, 0, 0, 7, 0, 4, 8], [0, 3, 8, 0, 0, 0, 3, 0, 8, 0, 0, 0, 0, 0, 0, 0], [5, 0, 0, 0, 1, 0, 0, 8, 0, 0, 3, 8, 0, 0, 5, 0], [0, 8, 0, 0, 0, 0, 0, 0, 0, 0, 3, 7, 0, 0, 0, 0], [0, 1, 1, 0, 0, 0, 0, 0, 0, 0, 0, 8, 0, 5, 0, 7], [0, 0, 0, 0, 0, 0, 0, 9, 0, 0, 2, 7, 0, 7, 0, 0], [9, 4, 0, 2, 1, 0, 0, 0, 0, 0, 7, 0, 0, 0, 9, 0], [0, 0, 0, 0, 0, 1, 0, 0, 0, 0, 0, 0, 0, 0, 1, 5], [0, 8, 9, 4, 0, 5, 5, 5, 5, 5, 5, 3, 0, 0, 0, 0], [0, 0, 3, 0, 6, 5, 5, 5, 5, 5, 5, 0, 1, 4, 0, 0], [9, 5, 2, 0, 0, 5, 1, 3, 0, 0, 6, 2, 0, 0, 1, 5], [0, 7, 0, 0, 0, 0, 1, 6, 0, 7, 0, 3, 0, 6, 0, 0], [0, 0, 9, 0, 0, 3, 7, 7, 0, 6, 0, 0, 8, 0, 0, 0], [5, 0, 0, 0, 0, 0, 8, 0, 0, 0, 0, 0, 0, 0, 0, 9]], "output": [[0, 0, 0, 0, 0, 0, 0, 0, 0, 0, 0, 0, 0, 0, 0, 0], [0, 0, 0, 0, 0, 0, 0, 0, 0, 0, 0, 0, 0, 0, 0, 0], [0, 0, 0, 0, 0, 0, 0, 0, 0, 0, 0, 0, 0, 0, 0, 0], [0, 0, 0, 0, 0, 0, 0, 0, 0, 0, 0, 0, 0, 0, 0, 0], [0, 0, 0, 0, 0, 0, 0, 0, 0, 0, 0, 0, 0, 0, 0, 0], [0, 0, 0, 0, 0, 0, 0, 0, 0, 0, 0, 0, 0, 0, 0, 0], [0, 0, 0, 0, 0, 0, 0, 0, 0, 0, 0, 0, 0, 0, 0, 0], [0, 0, 0, 0, 0, 0, 0, 0, 0, 0, 0, 0, 0, 0, 0, 0], [0, 0, 0, 0, 0, 0, 0, 0, 0, 0, 0, 0, 0, 0, 0, 0], [0, 0, 0, 0, 0, 0, 0, 0, 0, 0, 0, 0, 0, 0, 0, 0], [0, 0, 0, 0, 0, 5, 5, 5, 5, 5, 5, 0, 0, 0, 0, 0], [0, 0, 0, 0, 0, 5, 5, 5, 5, 5, 5, 0, 0, 0, 0, 0], [0, 0, 0, 0, 0, 0, 0, 0, 0, 0, 0, 0, 0, 0, 0, 0], [0, 0, 0, 0, 0, 0, 0, 0, 0, 0, 0, 0, 0, 0, 0, 0], [0, 0, 0, 0, 0, 0, 0, 0, 0, 0, 0, 0, 0, 0, 0, 0], [0, 0, 0, 0, 0, 0, 0, 0, 0, 0, 0, 0, 0, 0, 0, 0]]}]}