{"train": [{"input": [[0, 0, 0, 0, 0, 0, 0, 0, 0, 0, 0, 0, 0], [0, 0, 0, 0, 0, 5, 0, 0, 0, 0, 0, 0, 0], [0, 0, 0, 0, 0, 0, 0, 0, 0, 0, 0, 0, 0], [0, 0, 0, 0, 0, 0, 0, 0, 0, 0, 0, 0, 0], [0, 0, 0, 0, 0, 0, 0, 0, 0, 0, 0, 0, 0], [0, 5, 0, 0, 3, 3, 3, 0, 0, 0, 0, 0, 0], [0, 0, 0, 0, 3, 0, 3, 0, 0, 0, 0, 0, 0], [0, 0, 0, 0, 3, 3, 3, 0, 0, 0, 0, 0, 0], [0, 0, 0, 0, 0, 0, 0, 0, 0, 0, 5, 0, 0], [0, 0, 0, 0, 0, 0, 0, 0, 0, 0, 0, 0, 0], [0, 0, 0, 0, 0, 0, 0, 0, 0, 0, 0, 0, 0], [0, 0, 0, 0, 0, 0, 0, 0, 0, 0, 0, 0, 0], [0, 0, 0, 0, 0, 5, 0, 0, 0, 0, 0, 0, 0], [0, 0, 0, 0, 0, 0, 0, 0, 0, 0, 0, 0, 0], [0, 0, 0, 0, 0, 0, 0, 0, 0, 0, 0, 0, 0]], "output": [[0, 0, 0, 0, 0, 0, 0, 0, 0, 0, 0, 0, 0], [0, 0, 0, 0, 0, 5, 0, 0, 0, 0, 0, 0, 0], [0, 0, 3, 3, 3, 3, 3, 3, 3, 3, 0, 0, 0], [0, 0, 3, 0, 0, 0, 0, 0, 0, 3, 0, 0, 0], [0, 0, 3, 0, 0, 0, 0, 0, 0, 3, 0, 0, 0], [0, 5, 3, 0, 3, 3, 3, 0, 0, 3, 0, 0, 0], [0, 0, 3, 0, 3, 0, 3, 0, 0, 3, 0, 0, 0], [0, 0, 3, 0, 3, 3, 3, 0, 0, 3, 0, 0, 0], [0, 0, 3, 0, 0, 0, 0, 0, 0, 3, 5, 0, 0], [0, 0, 3, 0, 0, 0, 0, 0, 0, 3, 0, 0, 0], [0, 0, 3, 0, 0, 0, 0, 0, 0, 3, 0, 0, 0], [0, 0, 3, 3, 3, 3, 3, 3, 3, 3, 0, 0, 0], [0, 0, 0, 0, 0, 5, 0, 0, 0, 0, 0, 0, 0], [0, 0, 0, 0, 0, 0, 0, 0, 0, 0, 0, 0, 0], [0, 0, 0, 0, 0, 0, 0, 0, 0, 0, 0, 0, 0]]}, {"input": [[0, 0, 0, 0, 0, 0, 0, 0, 0, 0, 0, 0, 0], [0, 0, 0, 0, 5, 0, 0, 0, 0, 0, 0, 0, 0], [0, 0, 0, 0, 0, 0, 0, 0, 0, 0, 0, 0, 0], [0, 0, 0, 0, 0, 0, 0, 0, 0, 0, 0, 0, 0], [0, 0, 0, 0, 0, 1, 1, 1, 0, 0, 0, 0, 0], [0, 0, 0, 0, 0, 1, 0, 1, 0, 0, 0, 0, 0], [0, 5, 0, 0, 0, 1, 0, 1, 0, 0, 0, 5, 0], [0, 0, 0, 0, 0, 1, 1, 1, 0, 0, 0, 0, 0], [0, 0, 0, 0, 0, 0, 0, 0, 0, 0, 0, 0, 0], [0, 0, 0, 0, 0, 0, 0, 0, 0, 0, 0, 0, 0], [0, 0, 0, 0, 0, 0, 0, 0, 0, 0, 0, 0, 0], [0, 0, 0, 0, 5, 0, 0, 0, 0, 0, 0, 0, 0]], "output": [[0, 0, 0, 0, 0, 0, 0, 0, 0, 0, 0, 0, 0], [0, 0, 0, 0, 5, 0, 0, 0, 0, 0, 0, 0, 0], [0, 0, 1, 1, 1, 1, 1, 1, 1, 1, 1, 0, 0], [0, 0, 1, 0, 0, 0, 0, 0, 0, 0, 1, 0, 0], [0, 0, 1, 0, 0, 1, 1, 1, 0, 0, 1, 0, 0], [0, 0, 1, 0, 0, 1, 0, 1, 0, 0, 1, 0, 0], [0, 5, 1, 0, 0, 1, 0, 1, 0, 0, 1, 5, 0], [0, 0, 1, 0, 0, 1, 1, 1, 0, 0, 1, 0, 0], [0, 0, 1, 0, 0, 0, 0, 0, 0, 0, 1, 0, 0], [0, 0, 1, 0, 0, 0, 0, 0, 0, 0, 1, 0, 0], [0, 0, 1, 1, 1, 1, 1, 1, 1, 1, 1, 0, 0], [0, 0, 0, 0, 5, 0, 0, 0, 0, 0, 0, 0, 0]]}, {"input": [[0, 0, 0, 0, 0, 0, 0, 0, 0, 0, 0, 0, 0, 0], [0, 0, 0, 0, 0, 0, 0, 0, 0, 0, 0, 0, 0, 0], [0, 0, 0, 0, 0, 0, 5, 0, 0, 0, 0, 0, 0, 0], [0, 0, 0, 0, 0, 0, 0, 0, 0, 0, 0, 0, 0, 0], [0, 0, 0, 0, 0, 0, 0, 0, 0, 0, 0, 0, 0, 0], [0, 0, 0, 0, 4, 4, 4, 4, 0, 0, 0, 0, 0, 0], [0, 0, 0, 0, 4, 0, 0, 4, 0, 0, 0, 0, 5, 0], [0, 0, 0, 0, 4, 0, 0, 4, 0, 0, 0, 0, 0, 0], [0, 5, 0, 0, 4, 4, 4, 4, 0, 0, 0, 0, 0, 0], [0, 0, 0, 0, 0, 0, 0, 0, 0, 0, 0, 0, 0, 0], [0, 0, 0, 0, 0, 0, 0, 0, 0, 0, 0, 0, 0, 0], [0, 0, 0, 0, 0, 0, 0, 0, 0, 0, 0, 0, 0, 0], [0, 0, 0, 0, 0, 0, 0, 0, 0, 0, 0, 0, 0, 0], [0, 0, 0, 0, 0, 0, 0, 5, 0, 0, 0, 0, 0, 0], [0, 0, 0, 0, 0, 0, 0, 0, 0, 0, 0, 0, 0, 0]], "output": [[0, 0, 0, 0, 0, 0, 0, 0, 0, 0, 0, 0, 0, 0], [0, 0, 0, 0, 0, 0, 0, 0, 0, 0, 0, 0, 0, 0], [0, 0, 0, 0, 0, 0, 5, 0, 0, 0, 0, 0, 0, 0], [0, 0, 4, 4, 4, 4, 4, 4, 4, 4, 4, 4, 0, 0], [0, 0, 4, 0, 0, 0, 0, 0, 0, 0, 0, 4, 0, 0], [0, 0, 4, 0, 4, 4, 4, 4, 0, 0, 0, 4, 0, 0], [0, 0, 4, 0, 4, 0, 0, 4, 0, 0, 0, 4, 5, 0], [0, 0, 4, 0, 4, 0, 0, 4, 0, 0, 0, 4, 0, 0], [0, 5, 4, 0, 4, 4, 4, 4, 0, 0, 0, 4, 0, 0], [0, 0, 4, 0, 0, 0, 0, 0, 0, 0, 0, 4, 0, 0], [0, 0, 4, 0, 0, 0, 0, 0, 0, 0, 0, 4, 0, 0], [0, 0, 4, 0, 0, 0, 0, 0, 0, 0, 0, 4, 0, 0], [0, 0, 4, 4, 4, 4, 4, 4, 4, 4, 4, 4, 0, 0], [0, 0, 0, 0, 0, 0, 0, 5, 0, 0, 0, 0, 0, 0], [0, 0, 0, 0, 0, 0, 0, 0, 0, 0, 0, 0, 0, 0]]}], "test": [{"input": [[0, 0, 0, 0, 0, 0, 0, 0, 0, 0, 0, 0, 0, 0, 0], [0, 0, 0, 0, 0, 0, 0, 5, 0, 0, 0, 0, 0, 0, 0], [0, 0, 0, 0, 0, 0, 0, 0, 0, 0, 0, 0, 0, 0, 0], [0, 0, 0, 0, 0, 0, 0, 0, 0, 0, 0, 0, 0, 0, 0], [0, 0, 0, 0, 0, 0, 0, 0, 0, 0, 0, 0, 0, 0, 0], [0, 0, 0, 0, 0, 8, 8, 8, 8, 0, 0, 0, 0, 0, 0], [0, 0, 5, 0, 0, 8, 0, 0, 8, 0, 0, 0, 0, 0, 0], [0, 0, 0, 0, 0, 8, 8, 8, 8, 0, 0, 0, 0, 0, 0], [0, 0, 0, 0, 0, 0, 0, 0, 0, 0, 0, 0, 0, 0, 0], [0, 0, 0, 0, 0, 0, 0, 0, 0, 0, 0, 0, 5, 0, 0], [0, 0, 0, 0, 0, 0, 0, 0, 0, 0, 0, 0, 0, 0, 0], [0, 0, 0, 0, 0, 0, 0, 0, 0, 0, 0, 0, 0, 0, 0], [0, 0, 0, 0, 0, 0, 0, 0, 0, 0, 0, 0, 0, 0, 0], [0, 0, 0, 0, 0, 5, 0, 0, 0, 0, 0, 0, 0, 0, 0], [0, 0, 0, 0, 0, 0, 0, 0, 0, 0, 0, 0, 0, 0, 0]], "output": [[0, 0, 0, 0, 0, 0, 0, 0, 0, 0, 0, 0, 0, 0, 0], [0, 0, 0, 0, 0, 0, 0, 5, 0, 0, 0, 0, 0, 0, 0], [0, 0, 0, 8, 8, 8, 8, 8, 8, 8, 8, 8, 0, 0, 0], [0, 0, 0, 8, 0, 0, 0, 0, 0, 0, 0, 8, 0, 0, 0], [0, 0, 0, 8, 0, 0, 0, 0, 0, 0, 0, 8, 0, 0, 0], [0, 0, 0, 8, 0, 8, 8, 8, 8, 0, 0, 8, 0, 0, 0], [0, 0, 5, 8, 0, 8, 0, 0, 8, 0, 0, 8, 0, 0, 0], [0, 0, 0, 8, 0, 8, 8, 8, 8, 0, 0, 8, 0, 0, 0], [0, 0, 0, 8, 0, 0, 0, 0, 0, 0, 0, 8, 0, 0, 0], [0, 0, 0, 8, 0, 0, 0, 0, 0, 0, 0, 8, 5, 0, 0], [0, 0, 0, 8, 0, 0, 0, 0, 0, 0, 0, 8, 0, 0, 0], [0, 0, 0, 8, 0, 0, 0, 0, 0, 0, 0, 8, 0, 0, 0], [0, 0, 0, 8, 8, 8, 8, 8, 8, 8, 8, 8, 0, 0, 0], [0, 0, 0, 0, 0, 5, 0, 0, 0, 0, 0, 0, 0, 0, 0], [0, 0, 0, 0, 0, 0, 0, 0, 0, 0, 0, 0, 0, 0, 0]]}]}