{"train": [{"input": [[0, 0, 0, 0, 0, 0], [0, 4, 6, 0, 0, 0], [0, 2, 1, 0, 0, 0], [0, 0, 0, 0, 0, 0], [0, 0, 0, 0, 0, 0], [0, 0, 0, 0, 0, 0]], "output": [[1, 0, 0, 2, 2, 0], [0, 4, 6, 0, 0, 0], [0, 2, 1, 0, 0, 0], [6, 0, 0, 4, 4, 0], [6, 0, 0, 4, 4, 0], [0, 0, 0, 0, 0, 0]]}, {"input": [[0, 0, 0, 0, 0, 0], [0, 0, 0, 0, 0, 0], [0, 0, 9, 3, 0, 0], [0, 0, 7, 8, 0, 0], [0, 0, 0, 0, 0, 0], [0, 0, 0, 0, 0, 0]], "output": [[8, 8, 0, 0, 7, 7], [8, 8, 0, 0, 7, 7], [0, 0, 9, 3, 0, 0], [0, 0, 7, 8, 0, 0], [3, 3, 0, 0, 9, 9], [3, 3, 0, 0, 9, 9]]}, {"input": [[0, 0, 0, 0, 0, 0], [0, 0, 0, 0, 0, 0], [0, 0, 3, 6, 0, 0], [0, 0, 5, 2, 0, 0], [0, 0, 0, 0, 0, 0], [0, 0, 0, 0, 0, 0]], "output": [[2, 2, 0, 0, 5, 5], [2, 2, 0, 0, 5, 5], [0, 0, 3, 6, 0, 0], [0, 0, 5, 2, 0, 0], [6, 6, 0, 0, 3, 3], [6, 6, 0, 0, 3, 3]]}], "test": [{"input": [[0, 0, 0, 0, 0, 0], [0, 0, 0, 0, 0, 0], [0, 0, 0, 0, 0, 0], [0, 0, 3, 1, 0, 0], [0, 0, 2, 5, 0, 0], [0, 0, 0, 0, 0, 0]], "output": [[0, 0, 0, 0, 0, 0], [5, 5, 0, 0, 2, 2], [5, 5, 0, 0, 2, 2], [0, 0, 3, 1, 0, 0], [0, 0, 2, 5, 0, 0], [1, 1, 0, 0, 3, 3]]}]}