{"train": [{"input": [[7, 7, 9, 7, 7, 7, 7, 7, 7, 7], [7, 7, 7, 7, 6, 7, 7, 7, 7, 7], [7, 7, 7, 7, 7, 7, 7, 4, 7, 7], [7, 7, 9, 7, 7, 7, 7, 7, 7, 7], [7, 7, 7, 7, 6, 7, 7, 7, 7, 7], [7, 7, 9, 7, 7, 7, 7, 7, 7, 7]], "output": [[7, 7, 2, 7, 7, 7, 7, 7, 7, 7], [7, 7, 7, 7, 8, 7, 7, 7, 7, 7], [7, 7, 7, 7, 7, 7, 7, 5, 7, 7], [7, 7, 2, 7, 7, 7, 7, 7, 7, 7], [7, 7, 7, 7, 8, 7, 7, 7, 7, 7], [7, 7, 5, 7, 7, 7, 7, 7, 7, 7]]}, {"input": [[6, 7, 7, 7, 7, 7, 7, 7], [7, 7, 7, 7, 7, 9, 7, 7], [7, 7, 7, 7, 7, 7, 7, 7], [7, 7, 6, 7, 7, 7, 7, 7], [7, 7, 7, 7, 9, 7, 7, 7], [7, 7, 7, 7, 7, 7, 1, 7], [7, 7, 7, 7, 6, 7, 7, 7], [7, 7, 1, 7, 7, 7, 7, 7]], "output": [[2, 7, 7, 7, 7, 7, 7, 7], [7, 7, 7, 7, 7, 8, 7, 7], [7, 7, 7, 7, 7, 7, 7, 7], [7, 7, 5, 7, 7, 7, 7, 7], [7, 7, 7, 7, 2, 7, 7, 7], [7, 7, 7, 7, 7, 7, 8, 7], [7, 7, 7, 7, 5, 7, 7, 7], [7, 7, 2, 7, 7, 7, 7, 7]]}, {"input": [[7, 7, 7, 7, 7, 7, 7, 7, 7, 7], [9, 7, 7, 7, 7, 7, 7, 7, 7, 7], [7, 7, 6, 7, 7, 9, 7, 1, 7, 1], [7, 7, 7, 7, 7, 7, 7, 7, 7, 7], [7, 1, 7, 7, 9, 7, 9, 7, 6, 7], [7, 7, 7, 7, 7, 7, 7, 7, 7, 7]], "output": [[7, 7, 7, 7, 7, 7, 7, 7, 7, 7], [2, 7, 7, 7, 7, 7, 7, 7, 7, 7], [7, 7, 5, 7, 7, 8, 7, 2, 7, 5], [7, 7, 7, 7, 7, 7, 7, 7, 7, 7], [7, 8, 7, 7, 2, 7, 5, 7, 8, 7], [7, 7, 7, 7, 7, 7, 7, 7, 7, 7]]}], "test": [{"input": [[7, 7, 7, 7, 7, 7, 7, 7, 7, 7, 7, 7], [6, 7, 7, 7, 7, 7, 7, 7, 4, 7, 7, 7], [7, 7, 2, 7, 7, 7, 7, 7, 7, 7, 7, 7], [7, 7, 7, 7, 7, 7, 7, 7, 7, 2, 7, 7], [7, 7, 7, 7, 7, 7, 7, 7, 7, 7, 7, 7], [7, 7, 7, 7, 7, 2, 7, 7, 7, 7, 0, 7], [7, 4, 7, 7, 7, 7, 7, 7, 7, 7, 7, 7], [7, 7, 7, 7, 7, 7, 7, 7, 7, 7, 7, 7], [7, 7, 7, 6, 7, 7, 7, 0, 7, 7, 7, 6]], "output": [[7, 7, 7, 7, 7, 7, 7, 7, 7, 7, 7, 7], [2, 7, 7, 7, 7, 7, 7, 7, 2, 7, 7, 7], [7, 7, 5, 7, 7, 7, 7, 7, 7, 7, 7, 7], [7, 7, 7, 7, 7, 7, 7, 7, 7, 8, 7, 7], [7, 7, 7, 7, 7, 7, 7, 7, 7, 7, 7, 7], [7, 7, 7, 7, 7, 8, 7, 7, 7, 7, 5, 7], [7, 8, 7, 7, 7, 7, 7, 7, 7, 7, 7, 7], [7, 7, 7, 7, 7, 7, 7, 7, 7, 7, 7, 7], [7, 7, 7, 2, 7, 7, 7, 5, 7, 7, 7, 2]]}]}