{"train": [{"input": [[0, 0, 0, 0, 0, 2, 4, 5, 6, 8, 9], [0, 0, 0, 0, 2, 0, 2, 0, 0, 0, 0], [0, 0, 0, 2, 0, 0, 0, 2, 0, 0, 0], [0, 0, 2, 0, 0, 0, 0, 0, 2, 0, 0], [0, 2, 0, 0, 0, 0, 3, 3, 0, 2, 0], [2, 0, 0, 0, 0, 0, 0, 0, 0, 0, 2], [0, 2, 0, 3, 0, 0, 0, 0, 0, 2, 0], [0, 0, 2, 0, 0, 0, 0, 0, 2, 0, 0], [0, 0, 0, 2, 0, 0, 0, 2, 0, 0, 0], [0, 0, 0, 0, 2, 0, 2, 0, 0, 0, 0], [4, 7, 9, 1, 4, 2, 0, 0, 0, 0, 0]], "output": [[0, 0, 0, 0, 0, 2, 4, 5, 6, 8, 9], [0, 0, 0, 0, 2, 0, 2, 0, 0, 0, 0], [0, 0, 0, 2, 4, 0, 4, 2, 0, 0, 0], [0, 0, 2, 0, 4, 0, 4, 5, 2, 0, 0], [0, 2, 9, 0, 4, 0, 3, 3, 6, 2, 0], [2, 7, 9, 0, 4, 0, 0, 0, 6, 8, 2], [0, 2, 9, 3, 4, 0, 0, 0, 6, 2, 0], [0, 0, 2, 1, 4, 0, 0, 0, 2, 0, 0], [0, 0, 0, 2, 4, 0, 0, 2, 0, 0, 0], [0, 0, 0, 0, 2, 0, 2, 0, 0, 0, 0], [4, 7, 9, 1, 4, 2, 0, 0, 0, 0, 0]]}, {"input": [[0, 0, 0, 0, 0, 2, 4, 5, 6, 8, 9], [0, 0, 0, 0, 2, 0, 2, 0, 0, 0, 0], [0, 0, 0, 2, 0, 0, 0, 2, 0, 0, 0], [0, 0, 2, 0, 0, 0, 0, 0, 2, 0, 0], [0, 2, 0, 0, 0, 0, 0, 0, 0, 2, 0], [2, 0, 0, 0, 0, 0, 0, 0, 0, 0, 2], [0, 2, 0, 0, 0, 0, 0, 0, 0, 2, 0], [0, 0, 2, 0, 0, 0, 0, 0, 2, 0, 0], [0, 0, 0, 2, 0, 0, 0, 2, 0, 0, 0], [0, 0, 0, 0, 2, 0, 2, 0, 0, 0, 0], [4, 0, 9, 1, 4, 2, 0, 0, 0, 0, 0]], "output": [[0, 0, 0, 0, 0, 2, 4, 5, 6, 8, 9], [0, 0, 0, 0, 2, 0, 2, 0, 0, 0, 0], [0, 0, 0, 2, 4, 0, 4, 2, 0, 0, 0], [0, 0, 2, 1, 4, 0, 4, 5, 2, 0, 0], [0, 2, 9, 1, 4, 0, 4, 5, 6, 2, 0], [2, 0, 9, 1, 4, 0, 4, 5, 6, 8, 2], [0, 2, 9, 1, 4, 0, 4, 5, 6, 2, 0], [0, 0, 2, 1, 4, 0, 4, 5, 2, 0, 0], [0, 0, 0, 2, 4, 0, 4, 2, 0, 0, 0], [0, 0, 0, 0, 2, 0, 2, 0, 0, 0, 0], [4, 0, 9, 1, 4, 2, 0, 0, 0, 0, 0]]}, {"input": [[0, 0, 0, 0, 0, 2, 0, 0, 0, 0, 0], [0, 0, 0, 0, 2, 0, 2, 0, 0, 0, 0], [1, 0, 0, 2, 0, 0, 0, 2, 0, 0, 0], [1, 0, 2, 0, 0, 0, 0, 0, 2, 0, 0], [0, 2, 0, 0, 0, 0, 0, 0, 0, 2, 0], [2, 0, 0, 0, 0, 0, 0, 0, 0, 0, 2], [0, 2, 0, 0, 0, 0, 0, 0, 0, 2, 0], [0, 0, 2, 0, 0, 0, 0, 0, 2, 0, 0], [0, 0, 0, 2, 0, 0, 0, 2, 0, 0, 1], [0, 0, 0, 0, 2, 0, 2, 0, 0, 0, 9], [0, 0, 0, 0, 0, 2, 0, 0, 0, 0, 0]], "output": [[0, 0, 0, 0, 0, 2, 0, 0, 0, 0, 0], [0, 0, 0, 0, 2, 0, 2, 0, 0, 0, 0], [1, 0, 0, 2, 1, 1, 1, 2, 0, 0, 0], [1, 0, 2, 1, 1, 1, 1, 1, 2, 0, 0], [0, 2, 0, 0, 0, 0, 0, 0, 0, 2, 0], [2, 0, 0, 0, 0, 0, 0, 0, 0, 0, 2], [0, 2, 0, 0, 0, 0, 0, 0, 0, 2, 0], [0, 0, 2, 0, 0, 0, 0, 0, 2, 0, 0], [0, 0, 0, 2, 1, 1, 1, 2, 0, 0, 1], [0, 0, 0, 0, 2, 9, 2, 0, 0, 0, 9], [0, 0, 0, 0, 0, 2, 0, 0, 0, 0, 0]]}], "test": [{"input": [[6, 8, 8, 1, 7, 2, 0, 0, 0, 0, 0], [0, 0, 0, 0, 2, 0, 2, 0, 0, 0, 0], [0, 0, 0, 2, 0, 0, 0, 2, 0, 0, 0], [0, 0, 2, 0, 0, 0, 0, 4, 2, 0, 0], [0, 2, 0, 0, 0, 0, 0, 0, 0, 2, 0], [2, 0, 0, 0, 0, 0, 0, 4, 0, 0, 2], [0, 2, 0, 0, 4, 0, 0, 0, 4, 2, 0], [0, 0, 2, 0, 0, 0, 0, 0, 2, 0, 0], [0, 0, 0, 2, 0, 0, 0, 2, 0, 0, 0], [0, 0, 0, 0, 2, 0, 2, 0, 0, 0, 0], [0, 0, 0, 0, 0, 2, 0, 6, 7, 8, 9]], "output": [[6, 8, 8, 1, 7, 2, 0, 0, 0, 0, 0], [0, 0, 0, 0, 2, 0, 2, 0, 0, 0, 0], [0, 0, 0, 2, 7, 0, 0, 2, 0, 0, 0], [0, 0, 2, 1, 7, 0, 0, 4, 2, 0, 0], [0, 2, 8, 1, 7, 0, 0, 0, 0, 2, 0], [2, 8, 8, 1, 7, 0, 0, 4, 0, 8, 2], [0, 2, 8, 1, 4, 0, 0, 6, 4, 2, 0], [0, 0, 2, 1, 0, 0, 0, 6, 2, 0, 0], [0, 0, 0, 2, 0, 0, 0, 2, 0, 0, 0], [0, 0, 0, 0, 2, 0, 2, 0, 0, 0, 0], [0, 0, 0, 0, 0, 2, 0, 6, 7, 8, 9]]}]}