{"train": [{"input": [[7, 7, 7, 7, 7, 7], [7, 7, 7, 7, 7, 7], [7, 7, 7, 7, 7, 5], [7, 7, 7, 7, 7, 7], [7, 7, 7, 7, 7, 7], [7, 7, 7, 7, 7, 0], [7, 7, 7, 7, 0, 0], [7, 7, 0, 0, 0, 0], [7, 0, 0, 0, 0, 0], [7, 7, 7, 0, 0, 0]], "output": [[7, 7, 7, 7, 7, 7], [7, 7, 7, 7, 7, 7], [7, 7, 7, 7, 7, 7], [7, 7, 7, 7, 7, 7], [7, 7, 7, 7, 7, 7], [7, 7, 7, 7, 7, 0], [7, 7, 7, 5, 0, 0], [7, 7, 0, 0, 0, 0], [7, 0, 0, 0, 0, 0], [7, 7, 7, 0, 0, 0]]}, {"input": [[7, 7, 7, 7, 7, 7, 7, 7], [7, 7, 7, 7, 7, 7, 7, 7], [7, 7, 7, 7, 7, 7, 7, 7], [7, 7, 7, 7, 7, 7, 0, 7], [7, 7, 7, 7, 7, 0, 0, 7], [7, 5, 7, 7, 0, 0, 0, 7]], "output": [[7, 7, 7, 7, 7, 7, 7, 7], [7, 7, 7, 7, 7, 7, 7, 7], [7, 7, 7, 7, 7, 7, 5, 7], [7, 7, 7, 7, 7, 7, 0, 7], [7, 7, 7, 7, 7, 0, 0, 7], [7, 7, 7, 7, 0, 0, 0, 7]]}, {"input": [[7, 7, 7, 7, 7, 7, 7, 7], [0, 0, 7, 7, 7, 7, 7, 7], [0, 0, 0, 0, 7, 7, 7, 7], [0, 0, 0, 0, 0, 0, 7, 7], [0, 0, 0, 0, 7, 7, 7, 7], [0, 0, 7, 7, 7, 7, 7, 7], [7, 7, 7, 7, 7, 7, 7, 7], [7, 7, 7, 7, 7, 7, 7, 7], [7, 7, 7, 7, 7, 7, 7, 7], [7, 7, 7, 7, 7, 7, 7, 7], [7, 7, 7, 7, 7, 7, 7, 7], [5, 7, 7, 7, 7, 7, 7, 7]], "output": [[7, 7, 7, 7, 7, 7, 7, 7], [0, 0, 7, 7, 7, 7, 7, 7], [0, 0, 0, 0, 7, 7, 7, 7], [0, 0, 0, 0, 0, 0, 7, 7], [0, 0, 0, 0, 7, 7, 7, 7], [0, 0, 7, 7, 7, 7, 7, 7], [5, 7, 7, 7, 7, 7, 7, 7], [7, 7, 7, 7, 7, 7, 7, 7], [7, 7, 7, 7, 7, 7, 7, 7], [7, 7, 7, 7, 7, 7, 7, 7], [7, 7, 7, 7, 7, 7, 7, 7], [7, 7, 7, 7, 7, 7, 7, 7]]}], "test": [{"input": [[7, 7, 7, 7, 7, 7, 7, 7, 7, 7, 7, 7, 7, 7, 7, 7], [7, 7, 7, 7, 7, 7, 7, 7, 7, 7, 7, 7, 7, 7, 7, 7], [7, 7, 7, 0, 7, 7, 7, 7, 7, 7, 7, 7, 7, 7, 7, 7], [7, 7, 7, 0, 0, 7, 7, 7, 7, 7, 7, 7, 7, 7, 7, 7], [7, 7, 7, 0, 0, 0, 7, 7, 7, 7, 7, 7, 7, 7, 7, 7], [7, 7, 7, 0, 0, 0, 7, 7, 7, 7, 7, 7, 7, 7, 7, 7], [7, 7, 7, 0, 0, 0, 0, 7, 7, 7, 7, 7, 7, 7, 7, 7], [7, 7, 7, 0, 0, 0, 0, 0, 7, 7, 7, 7, 7, 7, 7, 7], [7, 7, 0, 0, 0, 0, 0, 0, 0, 7, 7, 7, 7, 7, 7, 7], [7, 7, 0, 0, 0, 0, 0, 0, 0, 0, 7, 7, 5, 7, 7, 7]], "output": [[7, 7, 7, 7, 7, 7, 7, 7, 7, 7, 7, 7, 7, 7, 7, 7], [7, 7, 7, 7, 7, 7, 7, 7, 7, 7, 7, 7, 7, 7, 7, 7], [7, 7, 7, 0, 7, 7, 7, 7, 7, 7, 7, 7, 7, 7, 7, 7], [7, 7, 7, 0, 0, 7, 7, 7, 7, 7, 7, 7, 7, 7, 7, 7], [7, 7, 7, 0, 0, 0, 7, 7, 7, 7, 7, 7, 7, 7, 7, 7], [7, 7, 7, 0, 0, 0, 5, 7, 7, 7, 7, 7, 7, 7, 7, 7], [7, 7, 7, 0, 0, 0, 0, 7, 7, 7, 7, 7, 7, 7, 7, 7], [7, 7, 7, 0, 0, 0, 0, 0, 7, 7, 7, 7, 7, 7, 7, 7], [7, 7, 0, 0, 0, 0, 0, 0, 0, 7, 7, 7, 7, 7, 7, 7], [7, 7, 0, 0, 0, 0, 0, 0, 0, 0, 7, 7, 7, 7, 7, 7]]}]}