{"train": [{"input": [[8, 8, 8, 8, 8, 2, 8, 8, 8, 4, 8, 8, 8, 8, 8, 8, 8, 8, 8, 8], [8, 8, 8, 8, 8, 8, 8, 8, 8, 8, 8, 8, 8, 8, 8, 8, 8, 8, 8, 8], [8, 8, 8, 8, 8, 8, 8, 8, 8, 8, 8, 8, 8, 8, 8, 8, 8, 8, 8, 8], [8, 8, 8, 8, 8, 8, 8, 8, 8, 8, 8, 8, 8, 8, 8, 8, 8, 8, 8, 8], [8, 8, 8, 8, 8, 8, 8, 8, 8, 8, 8, 8, 8, 8, 8, 8, 8, 8, 8, 8], [8, 8, 8, 8, 8, 8, 8, 8, 8, 8, 8, 8, 8, 8, 8, 8, 8, 8, 8, 8], [8, 8, 2, 2, 2, 2, 2, 2, 2, 2, 2, 8, 8, 8, 8, 8, 8, 8, 8, 8], [8, 8, 2, 2, 2, 2, 2, 2, 2, 2, 2, 8, 8, 8, 8, 8, 8, 8, 8, 8], [8, 8, 2, 2, 2, 2, 2, 2, 2, 2, 2, 8, 8, 8, 8, 8, 8, 8, 8, 8], [8, 8, 2, 2, 2, 2, 2, 2, 2, 2, 2, 8, 8, 8, 8, 8, 8, 8, 8, 8], [8, 8, 2, 2, 2, 2, 2, 2, 2, 2, 2, 8, 8, 8, 8, 8, 8, 8, 8, 8], [8, 8, 2, 2, 2, 2, 2, 2, 2, 2, 2, 8, 8, 8, 8, 8, 8, 8, 8, 8], [8, 8, 8, 8, 8, 8, 8, 8, 8, 8, 8, 8, 8, 8, 8, 8, 8, 8, 8, 8], [8, 8, 8, 8, 8, 8, 8, 8, 8, 8, 8, 8, 8, 8, 8, 8, 8, 8, 8, 8], [8, 8, 8, 8, 8, 8, 8, 8, 8, 8, 8, 8, 8, 8, 8, 8, 8, 8, 8, 8], [8, 8, 8, 8, 8, 8, 8, 8, 8, 8, 8, 8, 8, 8, 8, 8, 8, 8, 8, 8], [8, 8, 8, 8, 8, 8, 8, 8, 8, 8, 8, 8, 8, 8, 8, 8, 8, 8, 8, 8], [8, 8, 8, 8, 8, 8, 8, 8, 8, 8, 8, 8, 8, 8, 8, 8, 8, 8, 8, 8], [8, 8, 8, 8, 8, 8, 8, 8, 8, 8, 8, 8, 8, 8, 8, 8, 8, 8, 8, 8], [8, 8, 8, 8, 8, 8, 8, 8, 8, 8, 8, 8, 8, 8, 8, 8, 8, 8, 8, 8]], "output": [[8, 8, 8, 8, 8, 2, 8, 8, 8, 4, 8, 8, 8, 8, 8, 8, 8, 8, 8, 8], [8, 8, 8, 8, 8, 2, 8, 8, 8, 4, 8, 8, 8, 8, 8, 8, 8, 8, 8, 8], [8, 8, 8, 8, 8, 2, 8, 8, 8, 4, 8, 8, 8, 8, 8, 8, 8, 8, 8, 8], [8, 8, 8, 8, 8, 2, 8, 8, 8, 4, 8, 8, 8, 8, 8, 8, 8, 8, 8, 8], [8, 8, 8, 8, 8, 2, 8, 8, 8, 4, 8, 8, 8, 8, 8, 8, 8, 8, 8, 8], [8, 8, 8, 8, 8, 2, 8, 8, 8, 4, 8, 8, 8, 8, 8, 8, 8, 8, 8, 8], [8, 8, 2, 2, 2, 8, 2, 2, 2, 4, 2, 8, 8, 8, 8, 8, 8, 8, 8, 8], [8, 8, 2, 2, 2, 8, 2, 2, 2, 4, 2, 8, 8, 8, 8, 8, 8, 8, 8, 8], [8, 8, 2, 2, 2, 8, 2, 2, 2, 4, 2, 8, 8, 8, 8, 8, 8, 8, 8, 8], [8, 8, 2, 2, 2, 8, 2, 2, 2, 4, 2, 8, 8, 8, 8, 8, 8, 8, 8, 8], [8, 8, 2, 2, 2, 8, 2, 2, 2, 4, 2, 8, 8, 8, 8, 8, 8, 8, 8, 8], [8, 8, 2, 2, 2, 8, 2, 2, 2, 4, 2, 8, 8, 8, 8, 8, 8, 8, 8, 8], [8, 8, 8, 8, 8, 2, 8, 8, 8, 4, 8, 8, 8, 8, 8, 8, 8, 8, 8, 8], [8, 8, 8, 8, 8, 2, 8, 8, 8, 4, 8, 8, 8, 8, 8, 8, 8, 8, 8, 8], [8, 8, 8, 8, 8, 2, 8, 8, 8, 4, 8, 8, 8, 8, 8, 8, 8, 8, 8, 8], [8, 8, 8, 8, 8, 2, 8, 8, 8, 4, 8, 8, 8, 8, 8, 8, 8, 8, 8, 8], [8, 8, 8, 8, 8, 2, 8, 8, 8, 4, 8, 8, 8, 8, 8, 8, 8, 8, 8, 8], [8, 8, 8, 8, 8, 2, 8, 8, 8, 4, 8, 8, 8, 8, 8, 8, 8, 8, 8, 8], [8, 8, 8, 8, 8, 2, 8, 8, 8, 4, 8, 8, 8, 8, 8, 8, 8, 8, 8, 8], [8, 8, 8, 8, 8, 2, 8, 8, 8, 4, 8, 8, 8, 8, 8, 8, 8, 8, 8, 8]]}, {"input": [[7, 7, 8, 7, 7, 3, 7, 7, 7, 2, 7, 7, 7, 7, 7, 7, 7, 7, 7, 7, 4, 7, 7, 7, 7, 7, 7, 7, 8, 7], [7, 1, 1, 1, 1, 1, 1, 1, 1, 1, 1, 1, 1, 7, 7, 7, 7, 7, 7, 7, 7, 7, 7, 7, 7, 7, 7, 7, 7, 7], [7, 1, 1, 1, 1, 1, 1, 1, 1, 1, 1, 1, 1, 7, 7, 7, 7, 7, 7, 7, 7, 7, 7, 7, 7, 7, 7, 7, 7, 7], [7, 1, 1, 1, 1, 1, 1, 1, 1, 1, 1, 1, 1, 7, 7, 3, 3, 3, 3, 3, 3, 3, 3, 3, 3, 3, 7, 7, 7, 7], [7, 1, 1, 1, 1, 1, 1, 1, 1, 1, 1, 1, 1, 7, 7, 3, 3, 3, 3, 3, 3, 3, 3, 3, 3, 3, 7, 7, 7, 7], [7, 1, 1, 1, 1, 1, 1, 1, 1, 1, 1, 1, 1, 7, 7, 3, 3, 3, 3, 3, 3, 3, 3, 3, 3, 3, 7, 7, 7, 7], [7, 1, 1, 1, 1, 1, 1, 1, 1, 1, 1, 1, 1, 7, 7, 3, 3, 3, 3, 3, 3, 3, 3, 3, 3, 3, 7, 7, 7, 7], [7, 1, 1, 1, 1, 1, 1, 1, 1, 1, 1, 1, 1, 7, 7, 3, 3, 3, 3, 3, 3, 3, 3, 3, 9, 9, 9, 9, 9, 9], [7, 1, 1, 1, 1, 1, 1, 1, 1, 1, 1, 1, 1, 7, 7, 3, 3, 3, 3, 3, 3, 3, 3, 3, 9, 9, 9, 9, 9, 9], [7, 1, 1, 1, 1, 1, 1, 1, 1, 1, 1, 1, 1, 7, 7, 3, 3, 3, 3, 3, 3, 3, 3, 3, 9, 9, 9, 9, 9, 9], [7, 7, 7, 7, 7, 7, 7, 7, 7, 7, 7, 7, 7, 7, 7, 3, 3, 3, 3, 3, 3, 3, 3, 3, 9, 9, 9, 9, 9, 9], [7, 7, 7, 7, 7, 7, 7, 7, 7, 7, 7, 7, 7, 7, 7, 3, 3, 3, 3, 3, 3, 3, 3, 3, 9, 9, 9, 9, 9, 9], [7, 7, 7, 7, 7, 7, 7, 7, 7, 7, 7, 7, 7, 7, 7, 3, 3, 3, 3, 3, 3, 3, 3, 3, 9, 9, 9, 9, 9, 9], [7, 7, 7, 7, 7, 7, 2, 2, 2, 2, 2, 2, 2, 2, 2, 3, 3, 3, 3, 3, 3, 3, 3, 3, 9, 9, 9, 9, 9, 9], [7, 7, 7, 7, 7, 7, 2, 2, 2, 2, 2, 2, 2, 2, 2, 2, 2, 7, 7, 7, 7, 7, 7, 7, 9, 9, 9, 9, 9, 9], [7, 7, 7, 7, 7, 7, 2, 2, 2, 2, 2, 2, 2, 2, 2, 2, 2, 7, 7, 7, 7, 7, 7, 7, 9, 9, 9, 9, 9, 9], [7, 7, 7, 7, 7, 7, 2, 2, 2, 2, 2, 2, 2, 2, 2, 2, 2, 7, 7, 7, 7, 7, 7, 7, 9, 9, 9, 9, 9, 9], [7, 7, 7, 7, 7, 7, 2, 2, 2, 2, 2, 2, 2, 2, 2, 2, 2, 7, 7, 7, 7, 7, 7, 7, 7, 7, 7, 7, 7, 7], [7, 7, 7, 7, 7, 7, 2, 2, 2, 2, 2, 2, 2, 2, 2, 2, 2, 7, 7, 7, 7, 7, 7, 7, 7, 7, 7, 7, 7, 7], [7, 8, 8, 8, 8, 8, 8, 8, 8, 8, 8, 8, 8, 2, 2, 2, 2, 7, 7, 4, 4, 4, 4, 4, 4, 4, 4, 7, 7, 7], [7, 8, 8, 8, 8, 8, 8, 8, 8, 8, 8, 8, 8, 2, 2, 2, 2, 7, 7, 4, 4, 4, 4, 4, 4, 4, 4, 7, 7, 7], [7, 8, 8, 8, 8, 8, 8, 8, 8, 8, 8, 8, 8, 2, 2, 2, 2, 7, 7, 4, 4, 4, 4, 4, 4, 4, 4, 7, 7, 7], [7, 8, 8, 8, 8, 8, 8, 8, 8, 8, 8, 8, 8, 2, 2, 2, 2, 7, 7, 4, 4, 4, 4, 4, 4, 4, 4, 7, 7, 7], [7, 8, 8, 8, 8, 8, 8, 8, 8, 8, 8, 8, 8, 7, 7, 7, 7, 7, 7, 4, 4, 4, 4, 4, 4, 4, 4, 7, 7, 7], [7, 8, 8, 8, 8, 8, 8, 8, 8, 8, 8, 8, 8, 7, 7, 7, 7, 7, 7, 4, 4, 4, 4, 4, 4, 4, 4, 7, 7, 7], [7, 8, 8, 8, 8, 8, 8, 8, 8, 8, 8, 8, 8, 7, 7, 7, 7, 7, 7, 4, 4, 4, 4, 4, 4, 4, 4, 7, 7, 7], [7, 8, 8, 8, 8, 8, 8, 8, 8, 8, 8, 8, 8, 7, 7, 7, 7, 7, 7, 4, 4, 4, 4, 4, 4, 4, 4, 7, 7, 7], [7, 8, 8, 8, 8, 8, 8, 8, 8, 8, 8, 8, 8, 7, 7, 7, 7, 7, 7, 7, 7, 7, 7, 7, 7, 7, 7, 7, 7, 7], [7, 7, 7, 7, 7, 7, 7, 7, 7, 7, 7, 7, 7, 7, 7, 7, 7, 7, 7, 7, 7, 7, 7, 7, 7, 7, 7, 7, 7, 7], [7, 7, 7, 7, 7, 7, 7, 7, 7, 7, 7, 7, 7, 7, 7, 7, 7, 7, 7, 7, 7, 7, 7, 7, 7, 7, 7, 7, 7, 7]], "output": [[7, 7, 8, 7, 7, 3, 7, 7, 7, 2, 7, 7, 7, 7, 7, 7, 7, 7, 7, 7, 4, 7, 7, 7, 7, 7, 7, 7, 8, 7], [7, 1, 8, 1, 1, 3, 1, 1, 1, 2, 1, 1, 1, 7, 7, 7, 7, 7, 7, 7, 4, 7, 7, 7, 7, 7, 7, 7, 8, 7], [7, 1, 8, 1, 1, 3, 1, 1, 1, 2, 1, 1, 1, 7, 7, 7, 7, 7, 7, 7, 4, 7, 7, 7, 7, 7, 7, 7, 8, 7], [7, 1, 8, 1, 1, 3, 1, 1, 1, 2, 1, 1, 1, 7, 7, 3, 3, 3, 3, 3, 4, 3, 3, 3, 3, 3, 7, 7, 8, 7], [7, 1, 8, 1, 1, 3, 1, 1, 1, 2, 1, 1, 1, 7, 7, 3, 3, 3, 3, 3, 4, 3, 3, 3, 3, 3, 7, 7, 8, 7], [7, 1, 8, 1, 1, 3, 1, 1, 1, 2, 1, 1, 1, 7, 7, 3, 3, 3, 3, 3, 4, 3, 3, 3, 3, 3, 7, 7, 8, 7], [7, 1, 8, 1, 1, 3, 1, 1, 1, 2, 1, 1, 1, 7, 7, 3, 3, 3, 3, 3, 4, 3, 3, 3, 3, 3, 7, 7, 8, 7], [7, 1, 8, 1, 1, 3, 1, 1, 1, 2, 1, 1, 1, 7, 7, 3, 3, 3, 3, 3, 4, 3, 3, 3, 9, 9, 9, 9, 8, 9], [7, 1, 8, 1, 1, 3, 1, 1, 1, 2, 1, 1, 1, 7, 7, 3, 3, 3, 3, 3, 4, 3, 3, 3, 9, 9, 9, 9, 8, 9], [7, 1, 8, 1, 1, 3, 1, 1, 1, 2, 1, 1, 1, 7, 7, 3, 3, 3, 3, 3, 4, 3, 3, 3, 9, 9, 9, 9, 8, 9], [7, 7, 8, 7, 7, 3, 7, 7, 7, 2, 7, 7, 7, 7, 7, 3, 3, 3, 3, 3, 4, 3, 3, 3, 9, 9, 9, 9, 8, 9], [7, 7, 8, 7, 7, 3, 7, 7, 7, 2, 7, 7, 7, 7, 7, 3, 3, 3, 3, 3, 4, 3, 3, 3, 9, 9, 9, 9, 8, 9], [7, 7, 8, 7, 7, 3, 7, 7, 7, 2, 7, 7, 7, 7, 7, 3, 3, 3, 3, 3, 4, 3, 3, 3, 9, 9, 9, 9, 8, 9], [7, 7, 8, 7, 7, 3, 2, 2, 2, 7, 2, 2, 2, 2, 2, 3, 3, 3, 3, 3, 4, 3, 3, 3, 9, 9, 9, 9, 8, 9], [7, 7, 8, 7, 7, 3, 2, 2, 2, 7, 2, 2, 2, 2, 2, 2, 2, 7, 7, 7, 4, 7, 7, 7, 9, 9, 9, 9, 8, 9], [7, 7, 8, 7, 7, 3, 2, 2, 2, 7, 2, 2, 2, 2, 2, 2, 2, 7, 7, 7, 4, 7, 7, 7, 9, 9, 9, 9, 8, 9], [7, 7, 8, 7, 7, 3, 2, 2, 2, 7, 2, 2, 2, 2, 2, 2, 2, 7, 7, 7, 4, 7, 7, 7, 9, 9, 9, 9, 8, 9], [7, 7, 8, 7, 7, 3, 2, 2, 2, 7, 2, 2, 2, 2, 2, 2, 2, 7, 7, 7, 4, 7, 7, 7, 7, 7, 7, 7, 8, 7], [7, 7, 8, 7, 7, 3, 2, 2, 2, 7, 2, 2, 2, 2, 2, 2, 2, 7, 7, 7, 4, 7, 7, 7, 7, 7, 7, 7, 8, 7], [7, 8, 7, 8, 8, 3, 8, 8, 8, 2, 8, 8, 8, 2, 2, 2, 2, 7, 7, 4, 7, 4, 4, 4, 4, 4, 4, 7, 8, 7], [7, 8, 7, 8, 8, 3, 8, 8, 8, 2, 8, 8, 8, 2, 2, 2, 2, 7, 7, 4, 7, 4, 4, 4, 4, 4, 4, 7, 8, 7], [7, 8, 7, 8, 8, 3, 8, 8, 8, 2, 8, 8, 8, 2, 2, 2, 2, 7, 7, 4, 7, 4, 4, 4, 4, 4, 4, 7, 8, 7], [7, 8, 7, 8, 8, 3, 8, 8, 8, 2, 8, 8, 8, 2, 2, 2, 2, 7, 7, 4, 7, 4, 4, 4, 4, 4, 4, 7, 8, 7], [7, 8, 7, 8, 8, 3, 8, 8, 8, 2, 8, 8, 8, 7, 7, 7, 7, 7, 7, 4, 7, 4, 4, 4, 4, 4, 4, 7, 8, 7], [7, 8, 7, 8, 8, 3, 8, 8, 8, 2, 8, 8, 8, 7, 7, 7, 7, 7, 7, 4, 7, 4, 4, 4, 4, 4, 4, 7, 8, 7], [7, 8, 7, 8, 8, 3, 8, 8, 8, 2, 8, 8, 8, 7, 7, 7, 7, 7, 7, 4, 7, 4, 4, 4, 4, 4, 4, 7, 8, 7], [7, 8, 7, 8, 8, 3, 8, 8, 8, 2, 8, 8, 8, 7, 7, 7, 7, 7, 7, 4, 7, 4, 4, 4, 4, 4, 4, 7, 8, 7], [7, 8, 7, 8, 8, 3, 8, 8, 8, 2, 8, 8, 8, 7, 7, 7, 7, 7, 7, 7, 4, 7, 7, 7, 7, 7, 7, 7, 8, 7], [7, 7, 8, 7, 7, 3, 7, 7, 7, 2, 7, 7, 7, 7, 7, 7, 7, 7, 7, 7, 4, 7, 7, 7, 7, 7, 7, 7, 8, 7], [7, 7, 8, 7, 7, 3, 7, 7, 7, 2, 7, 7, 7, 7, 7, 7, 7, 7, 7, 7, 4, 7, 7, 7, 7, 7, 7, 7, 8, 7]]}], "test": [{"input": [[4, 4, 4, 1, 4, 4, 4, 2, 4, 4, 4, 4, 3, 4, 4, 4, 4, 4, 3, 4, 4, 4, 4, 9, 4, 4, 4, 8, 4, 4], [4, 4, 4, 4, 4, 4, 4, 4, 4, 4, 4, 4, 4, 4, 4, 4, 4, 4, 4, 4, 4, 4, 4, 4, 4, 4, 4, 4, 4, 4], [1, 1, 1, 1, 1, 1, 1, 1, 1, 1, 1, 1, 1, 1, 4, 4, 4, 4, 4, 4, 4, 4, 4, 4, 4, 4, 4, 4, 4, 4], [1, 1, 1, 1, 1, 1, 1, 1, 1, 1, 1, 1, 1, 1, 4, 4, 3, 3, 3, 3, 3, 3, 3, 3, 3, 3, 3, 3, 3, 3], [1, 1, 1, 1, 1, 1, 1, 1, 1, 1, 1, 1, 1, 1, 4, 4, 3, 3, 3, 3, 3, 3, 3, 3, 3, 3, 3, 3, 3, 3], [1, 1, 1, 1, 1, 1, 1, 1, 1, 1, 1, 1, 1, 1, 4, 4, 3, 3, 3, 3, 3, 3, 3, 3, 3, 3, 3, 3, 3, 3], [1, 1, 1, 1, 1, 1, 1, 1, 1, 1, 1, 1, 1, 1, 4, 4, 3, 3, 3, 3, 3, 3, 3, 3, 3, 3, 3, 3, 3, 3], [1, 1, 1, 1, 1, 1, 1, 1, 1, 1, 1, 1, 1, 1, 4, 4, 3, 3, 3, 3, 3, 3, 3, 3, 3, 3, 3, 3, 3, 3], [1, 1, 1, 1, 1, 1, 1, 1, 1, 1, 1, 1, 1, 1, 4, 4, 4, 4, 4, 4, 4, 4, 4, 4, 4, 4, 4, 4, 4, 4], [1, 1, 1, 1, 1, 1, 1, 1, 1, 1, 1, 1, 1, 1, 4, 4, 4, 4, 4, 4, 4, 4, 4, 4, 4, 4, 4, 4, 4, 4], [1, 1, 1, 1, 1, 1, 1, 1, 1, 1, 1, 1, 1, 1, 4, 4, 4, 4, 4, 4, 4, 9, 9, 9, 9, 9, 9, 4, 4, 4], [1, 1, 1, 1, 1, 1, 1, 1, 1, 1, 1, 1, 1, 1, 4, 4, 4, 4, 4, 4, 4, 9, 9, 9, 9, 9, 9, 4, 4, 4], [1, 1, 1, 1, 1, 1, 1, 1, 1, 1, 1, 1, 1, 1, 4, 4, 4, 4, 4, 4, 4, 9, 9, 9, 9, 9, 9, 4, 4, 4], [1, 1, 1, 1, 2, 2, 2, 2, 2, 2, 2, 2, 2, 2, 2, 2, 2, 4, 4, 4, 4, 9, 9, 9, 9, 9, 9, 4, 4, 4], [1, 1, 1, 1, 2, 2, 2, 2, 2, 2, 2, 2, 2, 2, 2, 2, 2, 4, 4, 4, 4, 9, 9, 9, 9, 9, 9, 4, 4, 4], [1, 1, 1, 1, 2, 2, 2, 2, 2, 2, 2, 2, 2, 2, 2, 2, 2, 4, 4, 4, 4, 9, 9, 9, 9, 9, 9, 4, 4, 4], [4, 4, 4, 4, 2, 2, 2, 2, 2, 2, 2, 2, 2, 2, 2, 2, 2, 4, 4, 4, 4, 4, 4, 4, 4, 4, 4, 4, 4, 4], [4, 4, 4, 4, 2, 2, 2, 2, 2, 2, 2, 2, 2, 2, 2, 2, 2, 4, 4, 4, 4, 4, 4, 4, 4, 4, 4, 4, 4, 4], [4, 4, 4, 4, 2, 2, 2, 2, 2, 2, 2, 2, 2, 2, 2, 2, 2, 4, 4, 4, 4, 4, 4, 4, 4, 4, 4, 4, 4, 4], [4, 4, 4, 4, 2, 2, 2, 2, 2, 2, 2, 2, 2, 2, 2, 2, 2, 4, 4, 4, 4, 4, 4, 4, 4, 4, 4, 4, 4, 4], [4, 4, 4, 4, 2, 2, 2, 2, 2, 2, 2, 8, 8, 8, 8, 8, 8, 8, 8, 8, 8, 8, 8, 8, 8, 8, 8, 8, 8, 8], [4, 4, 4, 4, 4, 4, 4, 4, 4, 4, 4, 8, 8, 8, 8, 8, 8, 8, 8, 8, 8, 8, 8, 8, 8, 8, 8, 8, 8, 8], [4, 4, 4, 4, 4, 4, 4, 4, 4, 4, 4, 8, 8, 8, 8, 8, 8, 8, 8, 8, 8, 8, 8, 8, 8, 8, 8, 8, 8, 8], [4, 1, 1, 1, 1, 1, 1, 1, 1, 4, 4, 8, 8, 8, 8, 8, 8, 8, 8, 8, 8, 8, 8, 8, 8, 8, 8, 8, 8, 8], [4, 1, 1, 1, 1, 1, 1, 1, 1, 4, 4, 8, 8, 8, 8, 8, 8, 8, 8, 8, 8, 8, 8, 8, 8, 8, 8, 8, 8, 8], [4, 1, 1, 1, 1, 1, 1, 1, 1, 4, 4, 8, 8, 8, 8, 8, 8, 8, 8, 8, 8, 8, 8, 8, 8, 8, 8, 8, 8, 8], [4, 1, 1, 1, 1, 1, 1, 1, 1, 4, 4, 4, 4, 4, 4, 4, 4, 4, 4, 4, 4, 4, 4, 4, 4, 4, 4, 4, 4, 4], [4, 1, 1, 1, 1, 1, 1, 1, 1, 4, 4, 4, 4, 4, 4, 4, 4, 4, 4, 4, 4, 4, 4, 4, 4, 4, 4, 4, 4, 4], [4, 1, 1, 1, 1, 1, 1, 1, 1, 4, 4, 4, 4, 4, 4, 4, 4, 4, 4, 4, 4, 4, 4, 4, 4, 4, 4, 4, 4, 4], [4, 4, 4, 4, 4, 4, 4, 4, 4, 4, 4, 4, 4, 4, 4, 4, 4, 4, 4, 4, 4, 4, 4, 4, 4, 4, 4, 4, 4, 4]], "output": [[4, 4, 4, 1, 4, 4, 4, 2, 4, 4, 4, 4, 3, 4, 4, 4, 4, 4, 3, 4, 4, 4, 4, 9, 4, 4, 4, 8, 4, 4], [4, 4, 4, 1, 4, 4, 4, 2, 4, 4, 4, 4, 3, 4, 4, 4, 4, 4, 3, 4, 4, 4, 4, 9, 4, 4, 4, 8, 4, 4], [1, 1, 1, 4, 1, 1, 1, 2, 1, 1, 1, 1, 3, 1, 4, 4, 4, 4, 3, 4, 4, 4, 4, 9, 4, 4, 4, 8, 4, 4], [1, 1, 1, 4, 1, 1, 1, 2, 1, 1, 1, 1, 3, 1, 4, 4, 3, 3, 4, 3, 3, 3, 3, 9, 3, 3, 3, 8, 3, 3], [1, 1, 1, 4, 1, 1, 1, 2, 1, 1, 1, 1, 3, 1, 4, 4, 3, 3, 4, 3, 3, 3, 3, 9, 3, 3, 3, 8, 3, 3], [1, 1, 1, 4, 1, 1, 1, 2, 1, 1, 1, 1, 3, 1, 4, 4, 3, 3, 4, 3, 3, 3, 3, 9, 3, 3, 3, 8, 3, 3], [1, 1, 1, 4, 1, 1, 1, 2, 1, 1, 1, 1, 3, 1, 4, 4, 3, 3, 4, 3, 3, 3, 3, 9, 3, 3, 3, 8, 3, 3], [1, 1, 1, 4, 1, 1, 1, 2, 1, 1, 1, 1, 3, 1, 4, 4, 3, 3, 4, 3, 3, 3, 3, 9, 3, 3, 3, 8, 3, 3], [1, 1, 1, 4, 1, 1, 1, 2, 1, 1, 1, 1, 3, 1, 4, 4, 4, 4, 3, 4, 4, 4, 4, 9, 4, 4, 4, 8, 4, 4], [1, 1, 1, 4, 1, 1, 1, 2, 1, 1, 1, 1, 3, 1, 4, 4, 4, 4, 3, 4, 4, 4, 4, 9, 4, 4, 4, 8, 4, 4], [1, 1, 1, 4, 1, 1, 1, 2, 1, 1, 1, 1, 3, 1, 4, 4, 4, 4, 3, 4, 4, 9, 9, 4, 9, 9, 9, 8, 4, 4], [1, 1, 1, 4, 1, 1, 1, 2, 1, 1, 1, 1, 3, 1, 4, 4, 4, 4, 3, 4, 4, 9, 9, 4, 9, 9, 9, 8, 4, 4], [1, 1, 1, 4, 1, 1, 1, 2, 1, 1, 1, 1, 3, 1, 4, 4, 4, 4, 3, 4, 4, 9, 9, 4, 9, 9, 9, 8, 4, 4], [1, 1, 1, 4, 2, 2, 2, 4, 2, 2, 2, 2, 3, 2, 2, 2, 2, 4, 3, 4, 4, 9, 9, 4, 9, 9, 9, 8, 4, 4], [1, 1, 1, 4, 2, 2, 2, 4, 2, 2, 2, 2, 3, 2, 2, 2, 2, 4, 3, 4, 4, 9, 9, 4, 9, 9, 9, 8, 4, 4], [1, 1, 1, 4, 2, 2, 2, 4, 2, 2, 2, 2, 3, 2, 2, 2, 2, 4, 3, 4, 4, 9, 9, 4, 9, 9, 9, 8, 4, 4], [4, 4, 4, 1, 2, 2, 2, 4, 2, 2, 2, 2, 3, 2, 2, 2, 2, 4, 3, 4, 4, 4, 4, 9, 4, 4, 4, 8, 4, 4], [4, 4, 4, 1, 2, 2, 2, 4, 2, 2, 2, 2, 3, 2, 2, 2, 2, 4, 3, 4, 4, 4, 4, 9, 4, 4, 4, 8, 4, 4], [4, 4, 4, 1, 2, 2, 2, 4, 2, 2, 2, 2, 3, 2, 2, 2, 2, 4, 3, 4, 4, 4, 4, 9, 4, 4, 4, 8, 4, 4], [4, 4, 4, 1, 2, 2, 2, 4, 2, 2, 2, 2, 3, 2, 2, 2, 2, 4, 3, 4, 4, 4, 4, 9, 4, 4, 4, 8, 4, 4], [4, 4, 4, 1, 2, 2, 2, 4, 2, 2, 2, 8, 3, 8, 8, 8, 8, 8, 3, 8, 8, 8, 8, 9, 8, 8, 8, 4, 8, 8], [4, 4, 4, 1, 4, 4, 4, 2, 4, 4, 4, 8, 3, 8, 8, 8, 8, 8, 3, 8, 8, 8, 8, 9, 8, 8, 8, 4, 8, 8], [4, 4, 4, 1, 4, 4, 4, 2, 4, 4, 4, 8, 3, 8, 8, 8, 8, 8, 3, 8, 8, 8, 8, 9, 8, 8, 8, 4, 8, 8], [4, 1, 1, 4, 1, 1, 1, 2, 1, 4, 4, 8, 3, 8, 8, 8, 8, 8, 3, 8, 8, 8, 8, 9, 8, 8, 8, 4, 8, 8], [4, 1, 1, 4, 1, 1, 1, 2, 1, 4, 4, 8, 3, 8, 8, 8, 8, 8, 3, 8, 8, 8, 8, 9, 8, 8, 8, 4, 8, 8], [4, 1, 1, 4, 1, 1, 1, 2, 1, 4, 4, 8, 3, 8, 8, 8, 8, 8, 3, 8, 8, 8, 8, 9, 8, 8, 8, 4, 8, 8], [4, 1, 1, 4, 1, 1, 1, 2, 1, 4, 4, 4, 3, 4, 4, 4, 4, 4, 3, 4, 4, 4, 4, 9, 4, 4, 4, 8, 4, 4], [4, 1, 1, 4, 1, 1, 1, 2, 1, 4, 4, 4, 3, 4, 4, 4, 4, 4, 3, 4, 4, 4, 4, 9, 4, 4, 4, 8, 4, 4], [4, 1, 1, 4, 1, 1, 1, 2, 1, 4, 4, 4, 3, 4, 4, 4, 4, 4, 3, 4, 4, 4, 4, 9, 4, 4, 4, 8, 4, 4], [4, 4, 4, 1, 4, 4, 4, 2, 4, 4, 4, 4, 3, 4, 4, 4, 4, 4, 3, 4, 4, 4, 4, 9, 4, 4, 4, 8, 4, 4]]}]}