{"train": [{"input": [[2, 2, 2, 2, 2, 2, 2, 2, 2, 2, 2, 2, 2, 2, 2, 2, 2, 2, 2, 2, 2, 2, 2, 2, 2], [2, 1, 1, 1, 1, 1, 1, 1, 2, 4, 4, 4, 4, 4, 4, 4, 4, 4, 4, 4, 4, 4, 4, 4, 2], [2, 1, 3, 3, 3, 3, 3, 1, 2, 4, 4, 4, 4, 4, 4, 4, 4, 4, 4, 4, 4, 4, 4, 4, 2], [2, 1, 1, 1, 1, 1, 1, 1, 2, 4, 4, 4, 4, 4, 4, 4, 4, 4, 4, 4, 4, 4, 4, 4, 2], [2, 1, 8, 8, 1, 1, 1, 1, 2, 4, 4, 4, 4, 4, 4, 4, 4, 4, 4, 4, 4, 4, 4, 4, 2], [2, 1, 8, 8, 1, 1, 1, 1, 2, 4, 4, 4, 4, 4, 4, 4, 4, 4, 4, 4, 4, 4, 4, 4, 2], [2, 1, 1, 1, 1, 1, 1, 1, 2, 4, 4, 4, 4, 4, 4, 4, 4, 4, 4, 4, 4, 4, 4, 4, 2], [2, 1, 1, 1, 1, 1, 1, 1, 2, 4, 4, 4, 4, 4, 4, 4, 4, 4, 4, 4, 4, 4, 4, 4, 2], [2, 1, 1, 1, 1, 8, 8, 1, 2, 4, 4, 4, 4, 4, 4, 4, 4, 4, 4, 4, 4, 4, 4, 4, 2], [2, 1, 1, 1, 1, 8, 8, 1, 2, 4, 4, 4, 4, 4, 4, 4, 4, 4, 4, 4, 4, 4, 4, 4, 2], [2, 1, 1, 1, 1, 1, 1, 1, 2, 4, 4, 4, 4, 4, 4, 4, 4, 4, 4, 4, 4, 4, 4, 4, 2], [2, 1, 3, 3, 3, 3, 3, 1, 2, 4, 4, 4, 4, 4, 4, 4, 4, 4, 4, 4, 4, 4, 4, 4, 2], [2, 1, 1, 1, 1, 1, 1, 1, 2, 4, 4, 4, 4, 4, 4, 4, 4, 4, 4, 4, 4, 4, 4, 4, 2], [2, 2, 2, 2, 2, 2, 2, 2, 2, 2, 2, 2, 2, 2, 2, 2, 2, 2, 2, 2, 2, 2, 2, 2, 2]], "output": [[2, 2, 2, 2, 2, 2, 2, 2, 2, 2, 2, 2, 2, 2, 2, 2, 2, 2, 2, 2, 2, 2, 2, 2, 2], [2, 1, 1, 1, 1, 1, 1, 1, 2, 4, 4, 4, 4, 4, 4, 4, 4, 4, 4, 4, 4, 4, 4, 4, 2], [2, 1, 3, 3, 3, 3, 3, 1, 2, 4, 3, 3, 3, 3, 3, 3, 3, 3, 3, 3, 3, 3, 3, 4, 2], [2, 1, 1, 1, 1, 1, 1, 1, 2, 4, 4, 4, 4, 4, 4, 4, 4, 4, 4, 4, 4, 4, 4, 4, 2], [2, 1, 8, 8, 1, 1, 1, 1, 2, 4, 8, 8, 4, 4, 4, 4, 4, 4, 4, 4, 4, 4, 4, 4, 2], [2, 1, 8, 8, 1, 1, 1, 1, 2, 4, 8, 8, 4, 4, 4, 4, 4, 4, 4, 4, 4, 4, 4, 4, 2], [2, 1, 1, 1, 1, 1, 1, 1, 2, 4, 4, 4, 4, 4, 4, 4, 4, 4, 4, 4, 4, 4, 4, 4, 2], [2, 1, 1, 1, 1, 1, 1, 1, 2, 4, 4, 4, 4, 4, 4, 4, 4, 4, 4, 4, 4, 4, 4, 4, 2], [2, 1, 1, 1, 1, 8, 8, 1, 2, 4, 4, 4, 4, 4, 4, 4, 4, 4, 4, 4, 4, 8, 8, 4, 2], [2, 1, 1, 1, 1, 8, 8, 1, 2, 4, 4, 4, 4, 4, 4, 4, 4, 4, 4, 4, 4, 8, 8, 4, 2], [2, 1, 1, 1, 1, 1, 1, 1, 2, 4, 4, 4, 4, 4, 4, 4, 4, 4, 4, 4, 4, 4, 4, 4, 2], [2, 1, 3, 3, 3, 3, 3, 1, 2, 4, 3, 3, 3, 3, 3, 3, 3, 3, 3, 3, 3, 3, 3, 4, 2], [2, 1, 1, 1, 1, 1, 1, 1, 2, 4, 4, 4, 4, 4, 4, 4, 4, 4, 4, 4, 4, 4, 4, 4, 2], [2, 2, 2, 2, 2, 2, 2, 2, 2, 2, 2, 2, 2, 2, 2, 2, 2, 2, 2, 2, 2, 2, 2, 2, 2]]}, {"input": [[4, 4, 4, 4, 4, 4, 4, 4, 4, 4, 4, 4, 4, 4, 4, 4, 4, 4, 4, 4, 4, 4], [4, 1, 1, 1, 1, 1, 1, 4, 2, 2, 2, 2, 2, 2, 2, 2, 2, 2, 2, 2, 2, 4], [4, 1, 8, 8, 1, 1, 1, 4, 2, 2, 2, 2, 2, 2, 2, 2, 2, 2, 2, 2, 2, 4], [4, 1, 8, 8, 1, 1, 1, 4, 2, 2, 2, 2, 2, 2, 2, 2, 2, 2, 2, 2, 2, 4], [4, 1, 1, 1, 1, 1, 1, 4, 2, 2, 2, 2, 2, 2, 2, 2, 2, 2, 2, 2, 2, 4], [4, 1, 8, 8, 8, 8, 1, 4, 2, 2, 2, 2, 2, 2, 2, 2, 2, 2, 2, 2, 2, 4], [4, 1, 1, 1, 1, 1, 1, 4, 2, 2, 2, 2, 2, 2, 2, 2, 2, 2, 2, 2, 2, 4], [4, 1, 1, 1, 8, 8, 1, 4, 2, 2, 2, 2, 2, 2, 2, 2, 2, 2, 2, 2, 2, 4], [4, 1, 1, 1, 8, 8, 1, 4, 2, 2, 2, 2, 2, 2, 2, 2, 2, 2, 2, 2, 2, 4], [4, 1, 1, 1, 1, 1, 1, 4, 2, 2, 2, 2, 2, 2, 2, 2, 2, 2, 2, 2, 2, 4], [4, 4, 4, 4, 4, 4, 4, 4, 4, 4, 4, 4, 4, 4, 4, 4, 4, 4, 4, 4, 4, 4]], "output": [[4, 4, 4, 4, 4, 4, 4, 4, 4, 4, 4, 4, 4, 4, 4, 4, 4, 4, 4, 4, 4, 4], [4, 1, 1, 1, 1, 1, 1, 4, 2, 2, 2, 2, 2, 2, 2, 2, 2, 2, 2, 2, 2, 4], [4, 1, 8, 8, 1, 1, 1, 4, 2, 8, 8, 2, 2, 2, 2, 2, 2, 2, 2, 2, 2, 4], [4, 1, 8, 8, 1, 1, 1, 4, 2, 8, 8, 2, 2, 2, 2, 2, 2, 2, 2, 2, 2, 4], [4, 1, 1, 1, 1, 1, 1, 4, 2, 2, 2, 2, 2, 2, 2, 2, 2, 2, 2, 2, 2, 4], [4, 1, 8, 8, 8, 8, 1, 4, 2, 8, 8, 8, 8, 8, 8, 8, 8, 8, 8, 8, 2, 4], [4, 1, 1, 1, 1, 1, 1, 4, 2, 2, 2, 2, 2, 2, 2, 2, 2, 2, 2, 2, 2, 4], [4, 1, 1, 1, 8, 8, 1, 4, 2, 2, 2, 2, 2, 2, 2, 2, 2, 2, 8, 8, 2, 4], [4, 1, 1, 1, 8, 8, 1, 4, 2, 2, 2, 2, 2, 2, 2, 2, 2, 2, 8, 8, 2, 4], [4, 1, 1, 1, 1, 1, 1, 4, 2, 2, 2, 2, 2, 2, 2, 2, 2, 2, 2, 2, 2, 4], [4, 4, 4, 4, 4, 4, 4, 4, 4, 4, 4, 4, 4, 4, 4, 4, 4, 4, 4, 4, 4, 4]]}], "test": [{"input": [[3, 3, 3, 3, 3, 3, 3, 3, 3, 3, 3, 3, 3, 3, 3, 3, 3, 3, 3, 3, 3, 3, 3, 3, 3, 3], [3, 1, 1, 1, 1, 1, 1, 1, 1, 3, 8, 8, 8, 8, 8, 8, 8, 8, 8, 8, 8, 8, 8, 8, 8, 3], [3, 1, 4, 4, 1, 1, 2, 2, 1, 3, 8, 8, 8, 8, 8, 8, 8, 8, 8, 8, 8, 8, 8, 8, 8, 3], [3, 1, 4, 4, 1, 1, 2, 2, 1, 3, 8, 8, 8, 8, 8, 8, 8, 8, 8, 8, 8, 8, 8, 8, 8, 3], [3, 1, 1, 1, 1, 1, 1, 1, 1, 3, 8, 8, 8, 8, 8, 8, 8, 8, 8, 8, 8, 8, 8, 8, 8, 3], [3, 1, 3, 3, 3, 3, 3, 3, 1, 3, 8, 8, 8, 8, 8, 8, 8, 8, 8, 8, 8, 8, 8, 8, 8, 3], [3, 1, 1, 1, 1, 1, 1, 1, 1, 3, 8, 8, 8, 8, 8, 8, 8, 8, 8, 8, 8, 8, 8, 8, 8, 3], [3, 1, 1, 1, 1, 1, 1, 1, 1, 3, 8, 8, 8, 8, 8, 8, 8, 8, 8, 8, 8, 8, 8, 8, 8, 3], [3, 1, 6, 6, 6, 6, 6, 6, 1, 3, 8, 8, 8, 8, 8, 8, 8, 8, 8, 8, 8, 8, 8, 8, 8, 3], [3, 1, 6, 6, 6, 6, 6, 6, 1, 3, 8, 8, 8, 8, 8, 8, 8, 8, 8, 8, 8, 8, 8, 8, 8, 3], [3, 1, 1, 1, 1, 1, 1, 1, 1, 3, 8, 8, 8, 8, 8, 8, 8, 8, 8, 8, 8, 8, 8, 8, 8, 3], [3, 3, 3, 3, 3, 3, 3, 3, 3, 3, 3, 3, 3, 3, 3, 3, 3, 3, 3, 3, 3, 3, 3, 3, 3, 3]], "output": [[3, 3, 3, 3, 3, 3, 3, 3, 3, 3, 3, 3, 3, 3, 3, 3, 3, 3, 3, 3, 3, 3, 3, 3, 3, 3], [3, 1, 1, 1, 1, 1, 1, 1, 1, 3, 8, 8, 8, 8, 8, 8, 8, 8, 8, 8, 8, 8, 8, 8, 8, 3], [3, 1, 4, 4, 1, 1, 2, 2, 1, 3, 8, 4, 4, 8, 8, 8, 8, 8, 8, 8, 8, 8, 2, 2, 8, 3], [3, 1, 4, 4, 1, 1, 2, 2, 1, 3, 8, 4, 4, 8, 8, 8, 8, 8, 8, 8, 8, 8, 2, 2, 8, 3], [3, 1, 1, 1, 1, 1, 1, 1, 1, 3, 8, 8, 8, 8, 8, 8, 8, 8, 8, 8, 8, 8, 8, 8, 8, 3], [3, 1, 3, 3, 3, 3, 3, 3, 1, 3, 8, 3, 3, 3, 3, 3, 3, 3, 3, 3, 3, 3, 3, 3, 8, 3], [3, 1, 1, 1, 1, 1, 1, 1, 1, 3, 8, 8, 8, 8, 8, 8, 8, 8, 8, 8, 8, 8, 8, 8, 8, 3], [3, 1, 1, 1, 1, 1, 1, 1, 1, 3, 8, 8, 8, 8, 8, 8, 8, 8, 8, 8, 8, 8, 8, 8, 8, 3], [3, 1, 6, 6, 6, 6, 6, 6, 1, 3, 8, 6, 6, 6, 6, 6, 6, 6, 6, 6, 6, 6, 6, 6, 8, 3], [3, 1, 6, 6, 6, 6, 6, 6, 1, 3, 8, 6, 6, 6, 6, 6, 6, 6, 6, 6, 6, 6, 6, 6, 8, 3], [3, 1, 1, 1, 1, 1, 1, 1, 1, 3, 8, 8, 8, 8, 8, 8, 8, 8, 8, 8, 8, 8, 8, 8, 8, 3], [3, 3, 3, 3, 3, 3, 3, 3, 3, 3, 3, 3, 3, 3, 3, 3, 3, 3, 3, 3, 3, 3, 3, 3, 3, 3]]}]}