{"train": [{"input": [[7, 7, 6, 9, 6, 4, 5, 9, 3, 9, 7, 4, 6, 6, 8, 6, 9, 9, 9], [1, 1, 1, 1, 1, 1, 1, 1, 3, 1, 9, 9, 9, 9, 9, 9, 9, 9, 4], [4, 1, 1, 1, 1, 1, 1, 7, 3, 4, 9, 9, 9, 9, 9, 9, 9, 9, 3], [6, 1, 1, 1, 1, 1, 1, 1, 3, 5, 9, 9, 9, 9, 9, 9, 9, 9, 4], [3, 1, 1, 1, 1, 1, 1, 7, 3, 8, 9, 9, 9, 9, 9, 9, 9, 9, 8], [4, 1, 1, 1, 1, 1, 1, 4, 3, 3, 9, 9, 9, 9, 9, 9, 9, 9, 6], [1, 1, 1, 1, 1, 1, 1, 8, 3, 7, 9, 9, 9, 9, 9, 9, 9, 9, 9], [9, 1, 1, 1, 1, 1, 1, 4, 3, 2, 9, 9, 9, 9, 9, 9, 9, 9, 9], [5, 1, 1, 1, 1, 1, 1, 2, 3, 2, 9, 9, 9, 9, 9, 9, 9, 9, 2], [4, 1, 1, 1, 1, 1, 1, 3, 3, 7, 9, 9, 9, 9, 9, 9, 9, 9, 4], [4, 5, 6, 5, 3, 9, 9, 8, 3, 8, 8, 1, 1, 1, 3, 1, 4, 9, 6], [3, 3, 3, 3, 3, 3, 3, 3, 3, 3, 3, 3, 3, 3, 3, 3, 3, 3, 3], [7, 4, 2, 1, 7, 4, 3, 2, 3, 7, 1, 1, 3, 1, 2, 3, 4, 9, 5], [1, 8, 8, 8, 8, 8, 8, 1, 3, 9, 2, 2, 2, 2, 2, 2, 2, 2, 9], [8, 8, 8, 8, 8, 8, 8, 1, 3, 2, 2, 2, 2, 2, 2, 2, 2, 2, 4], [8, 8, 8, 8, 8, 8, 8, 9, 3, 2, 2, 2, 2, 2, 2, 2, 2, 2, 2], [7, 8, 8, 8, 8, 8, 8, 5, 3, 7, 2, 2, 2, 2, 2, 2, 2, 2, 4], [2, 8, 8, 8, 8, 8, 8, 3, 3, 9, 2, 2, 2, 2, 2, 2, 2, 2, 2], [4, 3, 4, 3, 7, 9, 1, 9, 3, 1, 9, 4, 4, 1, 9, 5, 8, 5, 7]], "output": [[1, 3, 9], [3, 3, 3], [8, 3, 2]]}, {"input": [[6, 7, 6, 8, 2, 3, 8, 1, 1, 8, 3, 3, 6, 5, 1, 9, 4, 7, 7], [8, 3, 3, 3, 3, 2, 8, 3, 4, 4, 4, 4, 4, 4, 4, 4, 4, 4, 1], [1, 3, 3, 3, 3, 2, 8, 8, 4, 4, 4, 4, 4, 4, 4, 4, 4, 4, 4], [5, 3, 3, 3, 3, 3, 8, 4, 4, 4, 4, 4, 4, 4, 4, 4, 4, 4, 5], [2, 3, 3, 3, 3, 4, 8, 3, 4, 4, 4, 4, 4, 4, 4, 4, 4, 4, 2], [1, 6, 9, 4, 8, 2, 8, 4, 5, 8, 9, 3, 3, 7, 1, 4, 6, 8, 8], [8, 8, 8, 8, 8, 8, 8, 8, 8, 8, 8, 8, 8, 8, 8, 8, 8, 8, 8], [9, 8, 8, 8, 5, 6, 8, 7, 5, 8, 4, 2, 9, 2, 2, 4, 5, 7, 1], [3, 2, 2, 2, 2, 4, 8, 9, 1, 1, 1, 1, 1, 1, 1, 1, 1, 1, 9], [1, 2, 2, 2, 2, 4, 8, 4, 1, 1, 1, 1, 1, 1, 1, 1, 1, 1, 7], [3, 2, 2, 2, 2, 3, 8, 6, 1, 1, 1, 1, 1, 1, 1, 1, 1, 1, 3], [5, 2, 2, 2, 2, 2, 8, 1, 1, 1, 1, 1, 1, 1, 1, 1, 1, 1, 6], [3, 2, 2, 2, 2, 6, 8, 6, 1, 1, 1, 1, 1, 1, 1, 1, 1, 1, 6], [6, 2, 2, 2, 2, 3, 8, 5, 1, 1, 1, 1, 1, 1, 1, 1, 1, 1, 4], [2, 2, 2, 2, 2, 3, 8, 8, 1, 1, 1, 1, 1, 1, 1, 1, 1, 1, 8], [7, 2, 2, 2, 2, 6, 8, 6, 1, 1, 1, 1, 1, 1, 1, 1, 1, 1, 8], [7, 2, 2, 2, 2, 9, 8, 8, 1, 1, 1, 1, 1, 1, 1, 1, 1, 1, 6], [6, 2, 2, 2, 2, 3, 8, 8, 1, 1, 1, 1, 1, 1, 1, 1, 1, 1, 7], [6, 3, 1, 6, 1, 2, 8, 9, 9, 1, 8, 7, 2, 5, 1, 8, 7, 3, 1]], "output": [[3, 8, 4], [8, 8, 8], [2, 8, 1]]}, {"input": [[3, 9, 4, 4, 6, 3, 8, 6, 1, 2, 0, 8, 9, 4, 6, 1, 9, 1, 7], [4, 1, 1, 1, 1, 1, 1, 1, 1, 1, 0, 1, 8, 8, 8, 8, 8, 8, 2], [8, 1, 1, 1, 1, 1, 1, 1, 1, 3, 0, 8, 8, 8, 8, 8, 8, 8, 4], [9, 1, 1, 1, 1, 1, 1, 1, 1, 5, 0, 2, 8, 8, 8, 8, 8, 8, 1], [3, 1, 1, 1, 1, 1, 1, 1, 1, 1, 0, 5, 8, 8, 8, 8, 8, 8, 5], [8, 1, 1, 1, 1, 1, 1, 1, 1, 5, 0, 5, 8, 8, 8, 8, 8, 8, 3], [4, 1, 1, 1, 1, 1, 1, 1, 1, 8, 0, 8, 8, 8, 8, 8, 8, 8, 2], [2, 1, 1, 1, 1, 1, 1, 1, 1, 9, 0, 1, 8, 8, 8, 8, 8, 8, 4], [9, 1, 1, 1, 1, 1, 1, 1, 1, 1, 0, 9, 8, 8, 8, 8, 8, 8, 1], [6, 7, 3, 9, 1, 3, 5, 2, 8, 7, 0, 4, 3, 2, 8, 3, 9, 1, 4], [0, 0, 0, 0, 0, 0, 0, 0, 0, 0, 0, 0, 0, 0, 0, 0, 0, 0, 0], [3, 1, 9, 9, 7, 5, 8, 9, 2, 6, 0, 2, 7, 8, 6, 6, 9, 8, 4], [9, 2, 2, 2, 2, 2, 2, 2, 2, 4, 0, 9, 4, 4, 4, 4, 4, 4, 3], [7, 2, 2, 2, 2, 2, 2, 2, 2, 4, 0, 9, 4, 4, 4, 4, 4, 4, 5], [3, 2, 2, 2, 2, 2, 2, 2, 2, 3, 0, 1, 4, 4, 4, 4, 4, 4, 6], [9, 2, 2, 2, 2, 2, 2, 2, 2, 9, 0, 1, 4, 4, 4, 4, 4, 4, 6], [9, 2, 2, 2, 2, 2, 2, 2, 2, 1, 0, 2, 4, 4, 4, 4, 4, 4, 5], [8, 2, 2, 2, 2, 2, 2, 2, 2, 4, 0, 1, 4, 4, 4, 4, 4, 4, 2], [1, 2, 3, 4, 5, 2, 3, 4, 5, 1, 0, 9, 5, 8, 9, 1, 7, 9, 8]], "output": [[1, 0, 8], [0, 0, 0], [2, 0, 4]]}], "test": [{"input": [[4, 9, 8, 5, 4, 7, 7, 7, 8, 7, 1, 6, 4, 2, 2, 9, 9, 3, 7], [7, 2, 2, 2, 2, 2, 2, 2, 2, 1, 1, 4, 4, 4, 4, 4, 4, 4, 5], [4, 2, 2, 2, 2, 2, 2, 2, 2, 1, 1, 2, 4, 4, 4, 4, 4, 4, 7], [1, 2, 2, 2, 2, 2, 2, 2, 2, 1, 1, 7, 4, 4, 4, 4, 4, 4, 8], [3, 2, 2, 2, 2, 2, 2, 2, 2, 1, 1, 4, 4, 4, 4, 4, 4, 4, 8], [2, 2, 2, 2, 2, 2, 2, 2, 2, 6, 1, 5, 4, 4, 4, 4, 4, 4, 9], [5, 7, 1, 2, 9, 5, 7, 6, 4, 4, 1, 6, 4, 5, 5, 6, 1, 4, 1], [1, 1, 1, 1, 1, 1, 1, 1, 1, 1, 1, 1, 1, 1, 1, 1, 1, 1, 1], [1, 9, 5, 7, 4, 4, 9, 4, 6, 7, 1, 5, 6, 9, 7, 9, 9, 9, 5], [5, 0, 0, 0, 0, 0, 0, 0, 0, 1, 1, 5, 8, 8, 8, 8, 8, 8, 9], [9, 0, 0, 0, 0, 0, 0, 0, 0, 7, 1, 6, 8, 8, 8, 8, 8, 8, 8], [4, 0, 0, 0, 0, 0, 0, 0, 0, 7, 1, 6, 8, 8, 8, 8, 8, 8, 9], [9, 0, 0, 0, 0, 0, 0, 0, 0, 9, 1, 4, 8, 8, 8, 8, 8, 8, 7], [9, 0, 0, 0, 0, 0, 0, 0, 0, 6, 1, 6, 8, 8, 8, 8, 8, 8, 8], [9, 0, 0, 0, 0, 0, 0, 0, 0, 5, 1, 9, 8, 8, 8, 8, 8, 8, 5], [7, 0, 0, 0, 0, 0, 0, 0, 0, 6, 1, 2, 8, 8, 8, 8, 8, 8, 8], [7, 0, 0, 0, 0, 0, 0, 0, 0, 1, 1, 7, 8, 8, 8, 8, 8, 8, 9], [1, 0, 0, 0, 0, 0, 0, 0, 0, 1, 1, 9, 8, 8, 8, 8, 8, 8, 6], [7, 4, 2, 3, 2, 2, 1, 5, 4, 1, 1, 4, 4, 8, 8, 7, 8, 8, 8]], "output": [[2, 1, 4], [1, 1, 1], [0, 1, 8]]}]}