{"train": [{"input": [[1, 1, 1, 1, 1, 1, 1, 1, 1, 1, 1, 1, 1, 1, 1, 1, 1, 1, 1, 1, 1, 1, 1], [1, 8, 8, 8, 8, 8, 8, 8, 8, 8, 8, 8, 8, 8, 8, 1, 1, 1, 1, 1, 1, 1, 1], [1, 8, 8, 8, 2, 2, 2, 2, 2, 2, 2, 2, 2, 8, 8, 1, 1, 1, 1, 1, 1, 1, 1], [1, 8, 8, 8, 2, 2, 2, 2, 2, 2, 2, 2, 2, 8, 8, 1, 1, 1, 1, 1, 1, 1, 1], [1, 8, 8, 8, 8, 2, 2, 2, 2, 2, 2, 2, 8, 8, 8, 1, 1, 1, 1, 1, 1, 1, 1], [1, 8, 8, 8, 2, 2, 2, 2, 2, 2, 2, 2, 2, 8, 8, 1, 1, 1, 1, 1, 1, 1, 1], [1, 8, 8, 8, 2, 2, 2, 2, 2, 2, 2, 2, 2, 8, 8, 1, 1, 1, 1, 1, 1, 1, 1], [1, 8, 8, 8, 8, 8, 8, 2, 8, 8, 8, 8, 8, 8, 8, 1, 1, 1, 1, 1, 1, 1, 1], [1, 8, 8, 8, 8, 8, 8, 8, 8, 8, 8, 8, 8, 8, 8, 1, 1, 1, 1, 1, 1, 1, 1], [1, 8, 8, 8, 8, 8, 8, 8, 8, 8, 8, 8, 8, 8, 8, 1, 1, 1, 1, 1, 1, 1, 1], [1, 8, 8, 8, 4, 4, 4, 4, 4, 4, 4, 4, 4, 4, 4, 4, 4, 4, 4, 4, 4, 4, 1], [1, 8, 8, 8, 4, 4, 4, 4, 4, 4, 4, 4, 4, 4, 4, 4, 4, 4, 2, 2, 2, 4, 1], [1, 8, 8, 8, 4, 4, 4, 4, 4, 4, 4, 4, 4, 4, 4, 4, 4, 4, 2, 2, 2, 4, 1], [1, 8, 8, 8, 4, 4, 4, 4, 2, 2, 2, 2, 4, 2, 2, 2, 4, 4, 2, 2, 2, 4, 1], [1, 8, 8, 8, 4, 4, 4, 4, 2, 2, 2, 2, 2, 2, 2, 2, 4, 4, 4, 2, 2, 4, 1], [1, 8, 8, 8, 4, 4, 4, 2, 2, 2, 2, 2, 2, 2, 2, 2, 4, 4, 2, 2, 2, 4, 1], [1, 1, 1, 1, 4, 4, 4, 4, 2, 2, 2, 2, 2, 2, 2, 2, 4, 4, 4, 4, 4, 4, 1], [1, 1, 1, 1, 4, 4, 4, 4, 2, 2, 2, 2, 2, 2, 2, 2, 4, 4, 4, 4, 4, 4, 1], [1, 1, 1, 1, 4, 4, 4, 4, 2, 2, 2, 2, 2, 2, 2, 2, 4, 4, 4, 4, 4, 4, 1], [1, 1, 1, 1, 4, 4, 4, 4, 4, 4, 4, 2, 4, 4, 4, 4, 4, 4, 4, 4, 4, 4, 1], [1, 1, 1, 1, 4, 4, 4, 4, 4, 4, 4, 4, 4, 4, 4, 4, 4, 4, 4, 4, 4, 4, 1], [1, 1, 1, 1, 4, 4, 4, 4, 4, 4, 4, 4, 4, 4, 4, 4, 4, 4, 4, 4, 4, 4, 1], [1, 1, 1, 1, 1, 1, 1, 1, 1, 1, 1, 1, 1, 1, 1, 1, 1, 1, 1, 1, 1, 1, 1]], "output": [[1, 1, 1, 1, 1, 1, 1, 1, 1, 1, 1, 1, 1, 1, 1, 1, 1, 1, 1, 1, 1, 1, 1], [1, 8, 8, 8, 8, 8, 8, 8, 8, 8, 8, 8, 8, 8, 8, 1, 1, 1, 1, 1, 1, 1, 1], [1, 8, 8, 8, 2, 2, 2, 2, 2, 2, 2, 2, 2, 8, 8, 1, 1, 1, 1, 1, 1, 1, 1], [1, 8, 8, 8, 2, 2, 2, 2, 2, 2, 2, 2, 2, 8, 8, 1, 1, 1, 1, 1, 1, 1, 1], [1, 8, 8, 4, 4, 2, 2, 2, 2, 2, 2, 2, 4, 4, 8, 1, 1, 1, 1, 1, 1, 1, 1], [1, 8, 8, 8, 2, 2, 2, 2, 2, 2, 2, 2, 2, 8, 8, 1, 1, 1, 1, 1, 1, 1, 1], [1, 8, 8, 8, 2, 2, 2, 4, 2, 2, 2, 2, 2, 8, 8, 1, 1, 1, 1, 1, 1, 1, 1], [1, 8, 8, 8, 8, 8, 8, 4, 8, 8, 8, 8, 8, 8, 8, 1, 1, 1, 1, 1, 1, 1, 1], [1, 8, 8, 8, 8, 8, 8, 8, 8, 8, 8, 8, 8, 8, 8, 1, 1, 1, 1, 1, 1, 1, 1], [1, 8, 8, 8, 8, 8, 8, 8, 8, 8, 8, 8, 8, 8, 8, 1, 1, 1, 1, 1, 1, 1, 1], [1, 8, 8, 8, 4, 4, 4, 4, 4, 4, 4, 4, 4, 4, 4, 4, 4, 4, 4, 4, 4, 4, 1], [1, 8, 8, 8, 4, 4, 4, 4, 4, 4, 4, 4, 4, 4, 4, 4, 4, 4, 2, 2, 2, 4, 1], [1, 8, 8, 8, 4, 4, 4, 4, 4, 4, 4, 4, 8, 4, 4, 4, 4, 4, 2, 2, 2, 4, 1], [1, 8, 8, 8, 4, 4, 4, 4, 2, 2, 2, 2, 8, 2, 2, 2, 4, 4, 2, 2, 2, 4, 1], [1, 8, 8, 8, 4, 4, 4, 4, 2, 2, 2, 2, 2, 2, 2, 2, 4, 8, 8, 2, 2, 4, 1], [1, 8, 8, 8, 4, 4, 4, 8, 8, 2, 2, 2, 2, 2, 2, 2, 4, 4, 2, 2, 2, 4, 1], [1, 1, 1, 1, 4, 4, 4, 4, 2, 2, 2, 2, 2, 2, 2, 2, 4, 4, 4, 4, 4, 4, 1], [1, 1, 1, 1, 4, 4, 4, 4, 2, 2, 2, 2, 2, 2, 2, 2, 4, 4, 4, 4, 4, 4, 1], [1, 1, 1, 1, 4, 4, 4, 4, 2, 2, 2, 8, 2, 2, 2, 2, 4, 4, 4, 4, 4, 4, 1], [1, 1, 1, 1, 4, 4, 4, 4, 4, 4, 4, 8, 4, 4, 4, 4, 4, 4, 4, 4, 4, 4, 1], [1, 1, 1, 1, 4, 4, 4, 4, 4, 4, 4, 4, 4, 4, 4, 4, 4, 4, 4, 4, 4, 4, 1], [1, 1, 1, 1, 4, 4, 4, 4, 4, 4, 4, 4, 4, 4, 4, 4, 4, 4, 4, 4, 4, 4, 1], [1, 1, 1, 1, 1, 1, 1, 1, 1, 1, 1, 1, 1, 1, 1, 1, 1, 1, 1, 1, 1, 1, 1]]}, {"input": [[8, 8, 8, 8, 8, 8, 8, 8, 8, 8, 8, 8, 8, 8, 8, 8, 8, 8, 8, 8, 8, 8, 8], [8, 4, 4, 4, 4, 4, 4, 4, 4, 4, 4, 4, 4, 4, 4, 8, 8, 8, 8, 8, 8, 8, 8], [8, 4, 4, 4, 4, 4, 4, 4, 4, 4, 4, 4, 4, 4, 4, 8, 8, 8, 8, 8, 8, 8, 8], [8, 4, 4, 1, 1, 1, 4, 1, 4, 4, 4, 4, 4, 4, 4, 8, 8, 8, 8, 8, 8, 8, 8], [8, 4, 4, 1, 1, 1, 1, 1, 4, 4, 4, 4, 4, 4, 4, 8, 8, 8, 8, 8, 8, 8, 8], [8, 4, 4, 1, 1, 1, 1, 1, 4, 4, 4, 4, 4, 4, 4, 8, 8, 8, 8, 8, 8, 8, 8], [8, 4, 4, 4, 4, 1, 4, 4, 4, 4, 4, 4, 4, 4, 4, 8, 8, 8, 8, 8, 8, 8, 8], [8, 4, 4, 4, 4, 4, 4, 4, 4, 4, 4, 4, 4, 4, 4, 8, 8, 8, 8, 8, 8, 8, 8], [8, 4, 4, 4, 4, 4, 4, 4, 4, 4, 4, 4, 4, 4, 4, 8, 8, 8, 8, 8, 8, 8, 8], [8, 4, 4, 4, 4, 4, 4, 4, 4, 2, 2, 2, 2, 2, 2, 2, 2, 2, 2, 2, 2, 2, 2], [8, 4, 4, 4, 4, 4, 4, 4, 4, 2, 2, 2, 2, 2, 2, 2, 2, 2, 2, 2, 2, 2, 2], [8, 4, 4, 4, 4, 4, 4, 4, 4, 2, 2, 2, 2, 2, 2, 2, 2, 2, 2, 2, 2, 2, 2], [8, 4, 4, 4, 4, 4, 4, 4, 4, 2, 2, 2, 2, 2, 2, 2, 1, 2, 2, 2, 2, 2, 2], [8, 4, 4, 4, 4, 4, 4, 4, 4, 2, 2, 2, 2, 2, 1, 1, 1, 1, 1, 1, 2, 2, 2], [8, 8, 8, 8, 8, 8, 8, 8, 8, 2, 2, 2, 2, 2, 1, 1, 1, 1, 1, 1, 2, 2, 2], [8, 8, 8, 8, 8, 8, 8, 8, 8, 2, 2, 2, 2, 2, 1, 1, 1, 1, 1, 1, 2, 2, 2], [8, 8, 8, 8, 8, 8, 8, 8, 8, 2, 2, 2, 2, 2, 2, 1, 1, 1, 1, 1, 2, 2, 2], [8, 8, 8, 8, 8, 8, 8, 8, 8, 2, 2, 2, 2, 2, 1, 1, 1, 1, 1, 1, 2, 2, 2], [8, 8, 8, 8, 8, 8, 8, 8, 8, 2, 2, 2, 2, 2, 1, 1, 1, 1, 1, 1, 2, 2, 2], [8, 8, 8, 8, 8, 8, 8, 8, 8, 2, 2, 2, 2, 2, 2, 2, 2, 2, 1, 2, 2, 2, 2], [8, 8, 8, 8, 8, 8, 8, 8, 8, 2, 2, 2, 2, 2, 2, 2, 2, 2, 2, 2, 2, 2, 2], [8, 8, 8, 8, 8, 8, 8, 8, 8, 2, 2, 2, 2, 2, 2, 2, 2, 2, 2, 2, 2, 2, 2], [8, 8, 8, 8, 8, 8, 8, 8, 8, 2, 2, 2, 2, 2, 2, 2, 2, 2, 2, 2, 2, 2, 2]], "output": [[8, 8, 8, 8, 8, 8, 8, 8, 8, 8, 8, 8, 8, 8, 8, 8, 8, 8, 8, 8, 8, 8, 8], [8, 4, 4, 4, 4, 4, 4, 4, 4, 4, 4, 4, 4, 4, 4, 8, 8, 8, 8, 8, 8, 8, 8], [8, 4, 4, 4, 4, 4, 2, 4, 4, 4, 4, 4, 4, 4, 4, 8, 8, 8, 8, 8, 8, 8, 8], [8, 4, 4, 1, 1, 1, 2, 1, 4, 4, 4, 4, 4, 4, 4, 8, 8, 8, 8, 8, 8, 8, 8], [8, 4, 4, 1, 1, 1, 1, 1, 4, 4, 4, 4, 4, 4, 4, 8, 8, 8, 8, 8, 8, 8, 8], [8, 4, 4, 1, 1, 2, 1, 1, 4, 4, 4, 4, 4, 4, 4, 8, 8, 8, 8, 8, 8, 8, 8], [8, 4, 4, 4, 4, 2, 4, 4, 4, 4, 4, 4, 4, 4, 4, 8, 8, 8, 8, 8, 8, 8, 8], [8, 4, 4, 4, 4, 4, 4, 4, 4, 4, 4, 4, 4, 4, 4, 8, 8, 8, 8, 8, 8, 8, 8], [8, 4, 4, 4, 4, 4, 4, 4, 4, 4, 4, 4, 4, 4, 4, 8, 8, 8, 8, 8, 8, 8, 8], [8, 4, 4, 4, 4, 4, 4, 4, 4, 2, 2, 2, 2, 2, 2, 2, 2, 2, 2, 2, 2, 2, 2], [8, 4, 4, 4, 4, 4, 4, 4, 4, 2, 2, 2, 2, 2, 2, 2, 2, 2, 2, 2, 2, 2, 2], [8, 4, 4, 4, 4, 4, 4, 4, 4, 2, 2, 2, 2, 2, 2, 2, 2, 2, 2, 2, 2, 2, 2], [8, 4, 4, 4, 4, 4, 4, 4, 4, 2, 2, 2, 2, 2, 2, 2, 4, 2, 2, 2, 2, 2, 2], [8, 4, 4, 4, 4, 4, 4, 4, 4, 2, 2, 2, 2, 2, 1, 1, 4, 1, 1, 1, 2, 2, 2], [8, 8, 8, 8, 8, 8, 8, 8, 8, 2, 2, 2, 2, 2, 1, 1, 1, 1, 1, 1, 2, 2, 2], [8, 8, 8, 8, 8, 8, 8, 8, 8, 2, 2, 2, 2, 2, 1, 1, 1, 1, 1, 1, 2, 2, 2], [8, 8, 8, 8, 8, 8, 8, 8, 8, 2, 2, 2, 2, 4, 4, 1, 1, 1, 1, 1, 2, 2, 2], [8, 8, 8, 8, 8, 8, 8, 8, 8, 2, 2, 2, 2, 2, 1, 1, 1, 1, 1, 1, 2, 2, 2], [8, 8, 8, 8, 8, 8, 8, 8, 8, 2, 2, 2, 2, 2, 1, 1, 1, 1, 4, 1, 2, 2, 2], [8, 8, 8, 8, 8, 8, 8, 8, 8, 2, 2, 2, 2, 2, 2, 2, 2, 2, 4, 2, 2, 2, 2], [8, 8, 8, 8, 8, 8, 8, 8, 8, 2, 2, 2, 2, 2, 2, 2, 2, 2, 2, 2, 2, 2, 2], [8, 8, 8, 8, 8, 8, 8, 8, 8, 2, 2, 2, 2, 2, 2, 2, 2, 2, 2, 2, 2, 2, 2], [8, 8, 8, 8, 8, 8, 8, 8, 8, 2, 2, 2, 2, 2, 2, 2, 2, 2, 2, 2, 2, 2, 2]]}, {"input": [[3, 3, 3, 3, 3, 3, 3, 3, 3, 3, 8, 8, 8, 8, 8, 8, 8, 8, 8, 8], [3, 3, 1, 1, 1, 1, 1, 1, 3, 3, 8, 8, 8, 8, 8, 8, 8, 8, 8, 8], [3, 3, 1, 1, 1, 1, 1, 1, 3, 3, 8, 8, 8, 8, 8, 8, 8, 8, 8, 8], [3, 3, 3, 1, 1, 1, 1, 1, 3, 3, 8, 8, 8, 8, 8, 8, 8, 8, 8, 8], [3, 3, 1, 1, 1, 1, 1, 1, 3, 3, 8, 8, 8, 8, 8, 8, 8, 8, 8, 8], [3, 3, 1, 1, 1, 1, 3, 1, 3, 3, 8, 8, 8, 8, 8, 8, 8, 8, 8, 8], [3, 3, 3, 3, 3, 3, 3, 3, 3, 3, 8, 8, 8, 8, 8, 8, 8, 8, 8, 8], [3, 3, 3, 3, 3, 3, 3, 3, 3, 3, 8, 8, 8, 8, 8, 8, 8, 8, 8, 8], [3, 3, 3, 3, 3, 3, 3, 3, 3, 3, 8, 8, 8, 8, 8, 8, 8, 8, 8, 8], [8, 2, 2, 2, 2, 2, 2, 2, 2, 2, 2, 2, 2, 2, 2, 2, 2, 2, 2, 2], [8, 2, 2, 2, 2, 2, 2, 2, 2, 2, 2, 2, 2, 2, 2, 2, 2, 2, 2, 2], [8, 2, 2, 1, 1, 1, 1, 1, 2, 1, 1, 1, 2, 2, 2, 2, 2, 2, 2, 2], [8, 2, 2, 1, 1, 1, 1, 1, 1, 1, 1, 1, 2, 2, 2, 2, 2, 2, 2, 2], [8, 2, 2, 1, 1, 1, 1, 1, 1, 1, 1, 1, 2, 2, 2, 2, 2, 2, 2, 2], [8, 2, 2, 1, 1, 1, 1, 1, 1, 1, 1, 1, 1, 2, 2, 2, 2, 2, 2, 2], [8, 2, 2, 1, 1, 1, 1, 1, 1, 1, 1, 1, 2, 2, 2, 2, 2, 2, 2, 2], [8, 2, 2, 1, 1, 1, 1, 1, 1, 1, 1, 1, 2, 2, 2, 2, 2, 2, 2, 2], [8, 2, 2, 2, 2, 2, 1, 2, 2, 2, 2, 2, 2, 2, 2, 2, 2, 2, 2, 2], [8, 2, 2, 2, 2, 2, 2, 2, 2, 2, 2, 2, 2, 2, 2, 2, 2, 2, 2, 2], [8, 8, 8, 8, 8, 8, 8, 8, 8, 8, 8, 8, 8, 8, 8, 8, 8, 8, 8, 8]], "output": [[3, 3, 3, 3, 3, 3, 3, 3, 3, 3, 8, 8, 8, 8, 8, 8, 8, 8, 8, 8], [3, 3, 1, 1, 1, 1, 1, 1, 3, 3, 8, 8, 8, 8, 8, 8, 8, 8, 8, 8], [3, 3, 1, 1, 1, 1, 1, 1, 3, 3, 8, 8, 8, 8, 8, 8, 8, 8, 8, 8], [3, 2, 2, 1, 1, 1, 1, 1, 3, 3, 8, 8, 8, 8, 8, 8, 8, 8, 8, 8], [3, 3, 1, 1, 1, 1, 1, 1, 3, 3, 8, 8, 8, 8, 8, 8, 8, 8, 8, 8], [3, 3, 1, 1, 1, 1, 2, 1, 3, 3, 8, 8, 8, 8, 8, 8, 8, 8, 8, 8], [3, 3, 3, 3, 3, 3, 2, 3, 3, 3, 8, 8, 8, 8, 8, 8, 8, 8, 8, 8], [3, 3, 3, 3, 3, 3, 3, 3, 3, 3, 8, 8, 8, 8, 8, 8, 8, 8, 8, 8], [3, 3, 3, 3, 3, 3, 3, 3, 3, 3, 8, 8, 8, 8, 8, 8, 8, 8, 8, 8], [8, 2, 2, 2, 2, 2, 2, 2, 2, 2, 2, 2, 2, 2, 2, 2, 2, 2, 2, 2], [8, 2, 2, 2, 2, 2, 2, 2, 3, 2, 2, 2, 2, 2, 2, 2, 2, 2, 2, 2], [8, 2, 2, 1, 1, 1, 1, 1, 3, 1, 1, 1, 2, 2, 2, 2, 2, 2, 2, 2], [8, 2, 2, 1, 1, 1, 1, 1, 1, 1, 1, 1, 2, 2, 2, 2, 2, 2, 2, 2], [8, 2, 2, 1, 1, 1, 1, 1, 1, 1, 1, 1, 2, 2, 2, 2, 2, 2, 2, 2], [8, 2, 2, 1, 1, 1, 1, 1, 1, 1, 1, 3, 3, 2, 2, 2, 2, 2, 2, 2], [8, 2, 2, 1, 1, 1, 1, 1, 1, 1, 1, 1, 2, 2, 2, 2, 2, 2, 2, 2], [8, 2, 2, 1, 1, 1, 3, 1, 1, 1, 1, 1, 2, 2, 2, 2, 2, 2, 2, 2], [8, 2, 2, 2, 2, 2, 3, 2, 2, 2, 2, 2, 2, 2, 2, 2, 2, 2, 2, 2], [8, 2, 2, 2, 2, 2, 2, 2, 2, 2, 2, 2, 2, 2, 2, 2, 2, 2, 2, 2], [8, 8, 8, 8, 8, 8, 8, 8, 8, 8, 8, 8, 8, 8, 8, 8, 8, 8, 8, 8]]}], "test": [{"input": [[4, 1, 1, 1, 1, 1, 1, 1, 1, 1, 1, 1, 1, 1, 1, 1, 1, 1, 1, 1, 1, 1, 1, 4, 4, 4, 4], [4, 1, 1, 1, 1, 1, 1, 1, 1, 1, 1, 1, 1, 1, 1, 1, 1, 1, 8, 8, 8, 1, 1, 4, 4, 4, 4], [4, 1, 1, 1, 1, 1, 1, 1, 1, 8, 1, 1, 1, 1, 1, 1, 1, 1, 8, 8, 8, 1, 1, 4, 4, 4, 4], [4, 1, 1, 1, 1, 8, 8, 8, 8, 8, 8, 8, 8, 8, 8, 8, 1, 1, 8, 8, 8, 1, 1, 4, 4, 4, 4], [4, 1, 1, 1, 1, 8, 8, 8, 8, 8, 8, 8, 8, 8, 8, 8, 1, 1, 8, 8, 8, 1, 1, 4, 4, 4, 4], [4, 1, 1, 1, 1, 8, 8, 8, 8, 8, 8, 8, 8, 8, 8, 8, 1, 1, 1, 8, 1, 1, 1, 4, 4, 4, 4], [4, 1, 1, 1, 1, 8, 8, 8, 8, 8, 8, 8, 8, 8, 8, 8, 1, 1, 1, 1, 1, 1, 1, 4, 4, 4, 4], [4, 1, 1, 1, 1, 8, 8, 1, 8, 8, 8, 8, 8, 8, 8, 8, 1, 1, 1, 1, 1, 1, 1, 4, 4, 4, 4], [4, 1, 1, 1, 1, 1, 1, 1, 1, 1, 1, 1, 8, 1, 1, 1, 1, 1, 1, 1, 1, 1, 1, 4, 4, 4, 4], [4, 1, 1, 1, 1, 1, 1, 1, 1, 1, 1, 1, 1, 1, 1, 1, 1, 1, 1, 1, 1, 1, 1, 3, 3, 3, 3], [4, 1, 1, 1, 1, 1, 1, 1, 1, 1, 1, 1, 1, 1, 1, 1, 1, 1, 1, 1, 1, 1, 1, 3, 3, 3, 3], [4, 1, 1, 1, 1, 1, 1, 1, 1, 1, 1, 1, 1, 1, 1, 1, 1, 1, 1, 1, 1, 1, 1, 3, 3, 3, 3], [4, 4, 4, 4, 3, 3, 3, 3, 3, 3, 3, 3, 3, 3, 3, 3, 3, 3, 3, 3, 3, 3, 3, 3, 3, 3, 3], [4, 4, 4, 4, 3, 3, 3, 3, 3, 3, 3, 3, 3, 3, 3, 3, 3, 3, 3, 3, 3, 3, 3, 3, 3, 3, 3], [4, 4, 4, 4, 3, 3, 3, 3, 3, 3, 3, 3, 3, 3, 3, 3, 3, 3, 3, 8, 8, 8, 8, 8, 8, 3, 3], [4, 4, 4, 4, 3, 3, 3, 3, 3, 3, 3, 8, 3, 3, 3, 3, 3, 3, 3, 8, 8, 8, 8, 8, 8, 3, 3], [4, 4, 4, 4, 3, 3, 3, 3, 8, 8, 8, 8, 8, 8, 8, 8, 8, 3, 3, 3, 8, 8, 8, 8, 8, 3, 3], [4, 4, 4, 4, 3, 3, 3, 3, 8, 8, 8, 8, 8, 8, 8, 8, 8, 3, 3, 8, 8, 8, 8, 8, 8, 3, 3], [4, 4, 4, 4, 3, 3, 3, 3, 8, 8, 8, 8, 8, 8, 8, 8, 8, 3, 3, 8, 8, 8, 8, 8, 8, 3, 3], [4, 4, 4, 4, 3, 3, 3, 3, 3, 8, 8, 8, 8, 8, 8, 8, 8, 3, 3, 8, 8, 8, 8, 8, 8, 8, 3], [4, 4, 4, 4, 3, 3, 3, 3, 8, 8, 8, 8, 8, 8, 8, 8, 8, 3, 3, 8, 8, 8, 8, 8, 8, 3, 3], [4, 4, 4, 4, 3, 3, 3, 3, 8, 8, 8, 8, 8, 8, 8, 8, 8, 3, 3, 8, 8, 8, 8, 8, 8, 3, 3], [4, 4, 4, 4, 3, 3, 3, 3, 8, 8, 8, 3, 8, 8, 8, 8, 8, 3, 3, 8, 8, 8, 8, 8, 8, 3, 3], [4, 4, 4, 4, 3, 3, 3, 3, 3, 3, 3, 3, 3, 3, 3, 3, 3, 3, 3, 3, 3, 3, 3, 3, 3, 3, 3], [4, 4, 4, 4, 3, 3, 3, 3, 3, 3, 3, 3, 3, 3, 3, 3, 3, 3, 3, 3, 3, 3, 3, 3, 3, 3, 3], [4, 4, 4, 4, 3, 3, 3, 3, 3, 3, 3, 3, 3, 3, 3, 3, 3, 3, 3, 3, 3, 3, 3, 3, 3, 3, 3], [4, 4, 4, 4, 4, 4, 4, 4, 4, 4, 4, 4, 4, 4, 4, 4, 4, 4, 4, 4, 4, 4, 4, 4, 4, 4, 4]], "output": [[4, 1, 1, 1, 1, 1, 1, 1, 1, 1, 1, 1, 1, 1, 1, 1, 1, 1, 1, 1, 1, 1, 1, 4, 4, 4, 4], [4, 1, 1, 1, 1, 1, 1, 1, 1, 1, 1, 1, 1, 1, 1, 1, 1, 1, 8, 8, 8, 1, 1, 4, 4, 4, 4], [4, 1, 1, 1, 1, 1, 1, 1, 1, 3, 1, 1, 1, 1, 1, 1, 1, 1, 8, 8, 8, 1, 1, 4, 4, 4, 4], [4, 1, 1, 1, 1, 8, 8, 8, 8, 3, 8, 8, 8, 8, 8, 8, 1, 1, 8, 8, 8, 1, 1, 4, 4, 4, 4], [4, 1, 1, 1, 1, 8, 8, 8, 8, 8, 8, 8, 8, 8, 8, 8, 1, 1, 8, 3, 8, 1, 1, 4, 4, 4, 4], [4, 1, 1, 1, 1, 8, 8, 8, 8, 8, 8, 8, 8, 8, 8, 8, 1, 1, 1, 3, 1, 1, 1, 4, 4, 4, 4], [4, 1, 1, 1, 1, 8, 8, 8, 8, 8, 8, 8, 8, 8, 8, 8, 1, 1, 1, 1, 1, 1, 1, 4, 4, 4, 4], [4, 1, 1, 1, 1, 8, 8, 3, 8, 8, 8, 8, 3, 8, 8, 8, 1, 1, 1, 1, 1, 1, 1, 4, 4, 4, 4], [4, 1, 1, 1, 1, 1, 1, 3, 1, 1, 1, 1, 3, 1, 1, 1, 1, 1, 1, 1, 1, 1, 1, 4, 4, 4, 4], [4, 1, 1, 1, 1, 1, 1, 1, 1, 1, 1, 1, 1, 1, 1, 1, 1, 1, 1, 1, 1, 1, 1, 3, 3, 3, 3], [4, 1, 1, 1, 1, 1, 1, 1, 1, 1, 1, 1, 1, 1, 1, 1, 1, 1, 1, 1, 1, 1, 1, 3, 3, 3, 3], [4, 1, 1, 1, 1, 1, 1, 1, 1, 1, 1, 1, 1, 1, 1, 1, 1, 1, 1, 1, 1, 1, 1, 3, 3, 3, 3], [4, 4, 4, 4, 3, 3, 3, 3, 3, 3, 3, 3, 3, 3, 3, 3, 3, 3, 3, 3, 3, 3, 3, 3, 3, 3, 3], [4, 4, 4, 4, 3, 3, 3, 3, 3, 3, 3, 3, 3, 3, 3, 3, 3, 3, 3, 3, 3, 3, 3, 3, 3, 3, 3], [4, 4, 4, 4, 3, 3, 3, 3, 3, 3, 3, 3, 3, 3, 3, 3, 3, 3, 3, 8, 8, 8, 8, 8, 8, 3, 3], [4, 4, 4, 4, 3, 3, 3, 3, 3, 3, 3, 1, 3, 3, 3, 3, 3, 3, 3, 8, 8, 8, 8, 8, 8, 3, 3], [4, 4, 4, 4, 3, 3, 3, 3, 8, 8, 8, 1, 8, 8, 8, 8, 8, 3, 1, 1, 8, 8, 8, 8, 8, 3, 3], [4, 4, 4, 4, 3, 3, 3, 3, 8, 8, 8, 8, 8, 8, 8, 8, 8, 3, 3, 8, 8, 8, 8, 8, 8, 3, 3], [4, 4, 4, 4, 3, 3, 3, 3, 8, 8, 8, 8, 8, 8, 8, 8, 8, 3, 3, 8, 8, 8, 8, 8, 8, 3, 3], [4, 4, 4, 4, 3, 3, 3, 1, 1, 8, 8, 8, 8, 8, 8, 8, 8, 3, 3, 8, 8, 8, 8, 8, 1, 1, 3], [4, 4, 4, 4, 3, 3, 3, 3, 8, 8, 8, 8, 8, 8, 8, 8, 8, 3, 3, 8, 8, 8, 8, 8, 8, 3, 3], [4, 4, 4, 4, 3, 3, 3, 3, 8, 8, 8, 8, 8, 8, 8, 8, 8, 3, 3, 8, 8, 8, 8, 8, 8, 3, 3], [4, 4, 4, 4, 3, 3, 3, 3, 8, 8, 8, 1, 8, 8, 8, 8, 8, 3, 3, 8, 8, 8, 8, 8, 8, 3, 3], [4, 4, 4, 4, 3, 3, 3, 3, 3, 3, 3, 1, 3, 3, 3, 3, 3, 3, 3, 3, 3, 3, 3, 3, 3, 3, 3], [4, 4, 4, 4, 3, 3, 3, 3, 3, 3, 3, 3, 3, 3, 3, 3, 3, 3, 3, 3, 3, 3, 3, 3, 3, 3, 3], [4, 4, 4, 4, 3, 3, 3, 3, 3, 3, 3, 3, 3, 3, 3, 3, 3, 3, 3, 3, 3, 3, 3, 3, 3, 3, 3], [4, 4, 4, 4, 4, 4, 4, 4, 4, 4, 4, 4, 4, 4, 4, 4, 4, 4, 4, 4, 4, 4, 4, 4, 4, 4, 4]]}]}