{"train": [{"input": [[1, 2, 5, 5, 0, 3], [3, 0, 2, 3, 1, 3], [1, 5, 3, 5, 2, 1], [2, 3, 5, 1, 1, 5], [3, 3, 0, 1, 2, 0], [3, 1, 5, 1, 3, 1]], "output": [[1, 7, 7, 7, 7, 3], [3, 7, 7, 3, 1, 3], [1, 7, 3, 7, 7, 1], [7, 3, 7, 1, 1, 7], [3, 3, 7, 1, 7, 7], [3, 1, 7, 1, 3, 1]]}, {"input": [[0, 9, 5, 9], [9, 2, 5, 2], [0, 2, 5, 1], [1, 2, 9, 2]], "output": [[7, 9, 7, 9], [9, 2, 7, 2], [7, 2, 7, 7], [7, 2, 9, 2]]}, {"input": [[9, 1, 2, 1, 1, 2], [1, 1, 2, 6, 3, 6], [6, 1, 6, 6, 9, 6], [6, 2, 9, 6, 9, 3], [1, 2, 6, 2, 6, 1], [1, 6, 3, 3, 2, 3]], "output": [[7, 1, 7, 1, 1, 7], [1, 1, 7, 6, 7, 6], [6, 1, 6, 6, 7, 6], [6, 7, 7, 6, 7, 7], [1, 7, 6, 7, 6, 1], [1, 6, 7, 7, 7, 7]]}, {"input": [[1, 2, 1, 0, 0, 0], [0, 6, 1, 0, 1, 0], [0, 4, 1, 0, 2, 6], [4, 1, 2, 1, 1, 1]], "output": [[1, 7, 1, 0, 0, 0], [0, 7, 1, 0, 1, 0], [0, 7, 1, 0, 7, 7], [7, 1, 7, 1, 1, 1]]}], "test": [{"input": [[6, 8, 5, 8], [4, 9, 6, 4], [5, 8, 9, 4], [6, 9, 9, 4], [8, 8, 9, 5], [9, 5, 6, 9]], "output": [[7, 8, 7, 8], [7, 9, 7, 7], [7, 8, 9, 7], [7, 9, 9, 7], [8, 8, 9, 7], [9, 7, 7, 9]]}]}