{"train": [{"input": [[9, 9, 9, 9, 9, 9, 9, 9, 9, 9, 9, 9, 5, 5], [5, 5, 7, 7, 7, 7, 7, 7, 7, 7, 7, 7, 5, 5], [5, 5, 7, 7, 7, 7, 7, 7, 7, 6, 7, 7, 5, 5], [9, 9, 7, 7, 7, 7, 7, 7, 7, 6, 7, 7, 5, 5], [9, 9, 7, 7, 7, 7, 7, 7, 7, 6, 7, 7, 5, 5], [5, 5, 7, 7, 7, 7, 7, 7, 7, 6, 7, 7, 5, 5], [5, 5, 7, 7, 7, 7, 7, 7, 7, 2, 7, 7, 5, 5], [5, 5, 7, 7, 7, 7, 7, 7, 7, 7, 7, 7, 5, 5], [5, 5, 7, 7, 7, 7, 7, 7, 7, 7, 7, 7, 5, 5], [5, 5, 7, 7, 7, 7, 7, 7, 7, 7, 7, 7, 5, 5], [5, 5, 7, 7, 7, 7, 7, 7, 7, 7, 7, 7, 5, 5], [5, 5, 7, 7, 7, 7, 7, 7, 7, 7, 7, 7, 5, 5], [5, 5, 7, 7, 7, 7, 7, 7, 7, 7, 7, 7, 5, 5], [5, 5, 8, 5, 5, 8, 8, 8, 8, 8, 8, 8, 8, 8]], "output": [[9, 9, 9, 9, 9, 9, 9, 9, 9, 9, 9, 9, 5, 5], [5, 5, 7, 7, 7, 7, 7, 7, 7, 7, 7, 7, 5, 5], [5, 5, 7, 7, 7, 7, 7, 7, 7, 6, 7, 7, 5, 5], [9, 9, 7, 7, 7, 7, 7, 7, 7, 6, 7, 7, 5, 5], [9, 9, 7, 7, 7, 7, 7, 7, 7, 6, 7, 7, 5, 5], [5, 5, 7, 7, 7, 7, 7, 7, 7, 6, 7, 7, 5, 5], [5, 5, 7, 7, 7, 7, 7, 7, 7, 2, 7, 7, 5, 5], [5, 5, 7, 7, 7, 7, 7, 7, 7, 7, 7, 7, 5, 5], [5, 5, 7, 7, 7, 7, 7, 7, 7, 7, 7, 7, 5, 5], [5, 5, 7, 7, 7, 7, 7, 7, 7, 7, 7, 7, 5, 5], [5, 5, 7, 7, 7, 7, 7, 7, 7, 7, 7, 7, 5, 5], [5, 5, 7, 7, 7, 7, 7, 7, 7, 7, 7, 7, 5, 5], [5, 5, 7, 7, 7, 7, 7, 7, 7, 7, 7, 7, 5, 5], [5, 5, 8, 5, 5, 8, 8, 8, 8, 7, 8, 8, 8, 8]]}, {"input": [[5, 5, 5, 5, 5, 5, 5, 5, 9, 9, 5, 5, 5, 5], [5, 5, 5, 5, 5, 5, 5, 5, 9, 9, 5, 5, 5, 5], [8, 8, 7, 7, 7, 7, 7, 7, 7, 7, 7, 9, 9, 9], [8, 8, 7, 7, 7, 2, 7, 7, 7, 7, 7, 9, 9, 9], [8, 8, 7, 7, 7, 7, 6, 7, 7, 7, 7, 9, 9, 9], [8, 8, 7, 7, 7, 7, 7, 6, 7, 7, 7, 9, 9, 9], [8, 8, 7, 7, 7, 7, 7, 7, 6, 7, 7, 9, 9, 9], [8, 8, 7, 7, 7, 7, 7, 7, 7, 6, 7, 9, 9, 9], [8, 8, 7, 7, 7, 7, 7, 7, 7, 7, 7, 9, 9, 9], [8, 8, 7, 7, 7, 7, 7, 7, 7, 7, 7, 9, 9, 9], [8, 8, 7, 7, 7, 7, 7, 7, 7, 7, 7, 9, 9, 9], [8, 8, 7, 7, 7, 7, 7, 7, 7, 7, 7, 8, 8, 8], [8, 8, 7, 7, 7, 7, 7, 7, 7, 7, 7, 8, 8, 8], [5, 5, 9, 9, 5, 5, 5, 5, 5, 5, 5, 8, 8, 8]], "output": [[5, 5, 5, 5, 5, 5, 5, 5, 9, 9, 5, 5, 5, 5], [5, 5, 5, 7, 5, 5, 5, 5, 9, 9, 5, 5, 5, 5], [8, 8, 7, 7, 7, 7, 7, 7, 7, 7, 7, 9, 9, 9], [8, 8, 7, 7, 7, 2, 7, 7, 7, 7, 7, 9, 9, 9], [8, 8, 7, 7, 7, 7, 6, 7, 7, 7, 7, 9, 9, 9], [8, 8, 7, 7, 7, 7, 7, 6, 7, 7, 7, 9, 9, 9], [8, 8, 7, 7, 7, 7, 7, 7, 6, 7, 7, 9, 9, 9], [8, 8, 7, 7, 7, 7, 7, 7, 7, 6, 7, 9, 9, 9], [8, 8, 7, 7, 7, 7, 7, 7, 7, 7, 7, 9, 9, 9], [8, 8, 7, 7, 7, 7, 7, 7, 7, 7, 7, 9, 9, 9], [8, 8, 7, 7, 7, 7, 7, 7, 7, 7, 7, 9, 9, 9], [8, 8, 7, 7, 7, 7, 7, 7, 7, 7, 7, 8, 8, 8], [8, 8, 7, 7, 7, 7, 7, 7, 7, 7, 7, 8, 8, 8], [5, 5, 9, 9, 5, 5, 5, 5, 5, 5, 5, 8, 8, 8]]}, {"input": [[9, 9, 9, 9, 9, 9, 5, 5, 9, 9, 9, 9, 9, 9], [9, 9, 9, 9, 9, 9, 5, 5, 9, 9, 9, 9, 9, 9], [9, 9, 9, 7, 7, 7, 7, 7, 7, 7, 7, 7, 5, 5], [9, 9, 9, 7, 7, 7, 7, 7, 7, 7, 7, 7, 5, 5], [9, 9, 9, 7, 7, 7, 7, 7, 7, 7, 7, 7, 5, 5], [9, 9, 9, 7, 7, 7, 7, 7, 7, 7, 7, 7, 5, 5], [9, 9, 9, 7, 7, 7, 2, 6, 6, 6, 6, 7, 5, 5], [9, 9, 9, 7, 7, 7, 7, 7, 7, 7, 7, 7, 5, 5], [9, 9, 9, 7, 7, 7, 7, 7, 7, 7, 7, 7, 5, 5], [9, 9, 9, 7, 7, 7, 7, 7, 7, 7, 7, 7, 5, 5], [9, 9, 9, 7, 7, 7, 7, 7, 7, 7, 7, 7, 5, 5], [9, 9, 9, 7, 7, 7, 7, 7, 7, 7, 7, 7, 5, 5], [9, 9, 9, 8, 8, 8, 8, 8, 9, 8, 8, 8, 8, 8], [9, 9, 9, 8, 8, 8, 8, 8, 9, 8, 8, 8, 8, 8]], "output": [[9, 9, 9, 9, 9, 9, 5, 5, 9, 9, 9, 9, 9, 9], [9, 9, 9, 9, 9, 9, 5, 5, 9, 9, 9, 9, 9, 9], [9, 9, 9, 7, 7, 7, 7, 7, 7, 7, 7, 7, 5, 5], [9, 9, 9, 7, 7, 7, 7, 7, 7, 7, 7, 7, 5, 5], [9, 9, 9, 7, 7, 7, 7, 7, 7, 7, 7, 7, 5, 5], [9, 9, 9, 7, 7, 7, 7, 7, 7, 7, 7, 7, 5, 5], [9, 9, 7, 7, 7, 7, 2, 6, 6, 6, 6, 7, 5, 5], [9, 9, 9, 7, 7, 7, 7, 7, 7, 7, 7, 7, 5, 5], [9, 9, 9, 7, 7, 7, 7, 7, 7, 7, 7, 7, 5, 5], [9, 9, 9, 7, 7, 7, 7, 7, 7, 7, 7, 7, 5, 5], [9, 9, 9, 7, 7, 7, 7, 7, 7, 7, 7, 7, 5, 5], [9, 9, 9, 7, 7, 7, 7, 7, 7, 7, 7, 7, 5, 5], [9, 9, 9, 8, 8, 8, 8, 8, 9, 8, 8, 8, 8, 8], [9, 9, 9, 8, 8, 8, 8, 8, 9, 8, 8, 8, 8, 8]]}, {"input": [[8, 8, 8, 8, 8, 8, 8, 8, 8, 8, 8, 8, 8, 8], [9, 7, 7, 7, 7, 7, 7, 7, 7, 7, 7, 8, 8, 8], [9, 7, 7, 7, 7, 7, 7, 7, 7, 7, 7, 8, 8, 8], [9, 7, 7, 7, 7, 7, 7, 7, 7, 7, 7, 8, 8, 8], [9, 7, 7, 7, 7, 7, 7, 7, 7, 7, 7, 8, 8, 8], [9, 7, 7, 6, 6, 6, 6, 2, 7, 7, 7, 8, 8, 8], [9, 7, 7, 7, 7, 7, 7, 7, 7, 7, 7, 8, 8, 8], [9, 7, 7, 7, 7, 7, 7, 7, 7, 7, 7, 8, 8, 8], [9, 7, 7, 7, 7, 7, 7, 7, 7, 7, 7, 9, 9, 9], [9, 7, 7, 7, 7, 7, 7, 7, 7, 7, 7, 8, 8, 8], [9, 7, 7, 7, 7, 7, 7, 7, 7, 7, 7, 8, 8, 8], [9, 7, 7, 7, 7, 7, 7, 7, 7, 7, 7, 8, 8, 8], [5, 5, 5, 5, 5, 5, 5, 5, 5, 5, 5, 8, 8, 8], [5, 5, 5, 5, 5, 5, 5, 5, 5, 5, 5, 8, 8, 8]], "output": [[8, 8, 8, 8, 8, 8, 8, 8, 8, 8, 8, 8, 8, 8], [9, 7, 7, 7, 7, 7, 7, 7, 7, 7, 7, 8, 8, 8], [9, 7, 7, 7, 7, 7, 7, 7, 7, 7, 7, 8, 8, 8], [9, 7, 7, 7, 7, 7, 7, 7, 7, 7, 7, 8, 8, 8], [9, 7, 7, 7, 7, 7, 7, 7, 7, 7, 7, 8, 8, 8], [9, 7, 7, 6, 6, 6, 6, 2, 7, 7, 7, 7, 8, 8], [9, 7, 7, 7, 7, 7, 7, 7, 7, 7, 7, 8, 8, 8], [9, 7, 7, 7, 7, 7, 7, 7, 7, 7, 7, 8, 8, 8], [9, 7, 7, 7, 7, 7, 7, 7, 7, 7, 7, 9, 9, 9], [9, 7, 7, 7, 7, 7, 7, 7, 7, 7, 7, 8, 8, 8], [9, 7, 7, 7, 7, 7, 7, 7, 7, 7, 7, 8, 8, 8], [9, 7, 7, 7, 7, 7, 7, 7, 7, 7, 7, 8, 8, 8], [5, 5, 5, 5, 5, 5, 5, 5, 5, 5, 5, 8, 8, 8], [5, 5, 5, 5, 5, 5, 5, 5, 5, 5, 5, 8, 8, 8]]}], "test": [{"input": [[8, 8, 9, 9, 8, 8, 8, 8, 8, 8, 8, 8, 8, 8], [8, 8, 9, 9, 8, 8, 8, 8, 8, 8, 8, 8, 8, 8], [8, 8, 9, 9, 8, 8, 8, 8, 8, 8, 8, 8, 8, 8], [8, 8, 7, 7, 7, 7, 7, 7, 7, 7, 7, 7, 7, 9], [8, 8, 7, 7, 7, 7, 7, 7, 7, 7, 7, 6, 7, 9], [8, 8, 7, 7, 7, 7, 7, 7, 7, 7, 6, 7, 7, 9], [8, 8, 7, 7, 7, 7, 7, 7, 7, 6, 7, 7, 7, 9], [8, 8, 7, 7, 7, 7, 7, 7, 6, 7, 7, 7, 7, 9], [8, 8, 7, 7, 7, 7, 7, 2, 7, 7, 7, 7, 7, 9], [8, 8, 7, 7, 7, 7, 7, 7, 7, 7, 7, 7, 7, 9], [8, 8, 7, 7, 7, 7, 7, 7, 7, 7, 7, 7, 7, 9], [8, 8, 7, 7, 7, 7, 7, 7, 7, 7, 7, 7, 7, 9], [5, 5, 5, 5, 5, 5, 5, 5, 5, 5, 9, 5, 5, 9], [5, 5, 5, 5, 5, 5, 5, 5, 5, 5, 9, 5, 5, 9]], "output": [[8, 8, 9, 9, 8, 8, 8, 8, 8, 8, 8, 8, 8, 8], [8, 8, 9, 9, 8, 8, 8, 8, 8, 8, 8, 8, 8, 8], [8, 8, 9, 9, 8, 8, 8, 8, 8, 8, 8, 8, 8, 8], [8, 8, 7, 7, 7, 7, 7, 7, 7, 7, 7, 7, 7, 9], [8, 8, 7, 7, 7, 7, 7, 7, 7, 7, 7, 6, 7, 9], [8, 8, 7, 7, 7, 7, 7, 7, 7, 7, 6, 7, 7, 9], [8, 8, 7, 7, 7, 7, 7, 7, 7, 6, 7, 7, 7, 9], [8, 8, 7, 7, 7, 7, 7, 7, 6, 7, 7, 7, 7, 9], [8, 8, 7, 7, 7, 7, 7, 2, 7, 7, 7, 7, 7, 9], [8, 8, 7, 7, 7, 7, 7, 7, 7, 7, 7, 7, 7, 9], [8, 8, 7, 7, 7, 7, 7, 7, 7, 7, 7, 7, 7, 9], [8, 8, 7, 7, 7, 7, 7, 7, 7, 7, 7, 7, 7, 9], [5, 5, 5, 7, 5, 5, 5, 5, 5, 5, 9, 5, 5, 9], [5, 5, 5, 5, 5, 5, 5, 5, 5, 5, 9, 5, 5, 9]]}]}