{"train": [{"input": [[0, 0, 0, 0, 0, 0, 0, 0, 0, 0], [0, 0, 0, 0, 0, 0, 0, 0, 0, 0], [0, 0, 0, 0, 0, 0, 0, 0, 0, 0], [0, 0, 8, 0, 0, 0, 0, 0, 0, 0], [0, 0, 8, 0, 0, 0, 6, 0, 0, 0], [0, 0, 8, 0, 0, 0, 6, 0, 0, 0], [0, 0, 0, 0, 0, 0, 0, 0, 0, 0], [0, 0, 0, 0, 0, 0, 0, 0, 0, 0], [0, 0, 0, 0, 4, 4, 0, 0, 0, 0], [0, 0, 0, 0, 0, 0, 0, 0, 0, 0]], "output": [[8], [8], [8]]}, {"input": [[0, 0, 0, 0, 0, 0, 0, 4, 4, 4], [0, 0, 0, 0, 0, 0, 0, 4, 0, 4], [0, 0, 0, 0, 0, 0, 0, 0, 0, 4], [0, 9, 0, 0, 0, 6, 0, 0, 4, 4], [0, 9, 9, 0, 0, 6, 0, 0, 0, 4], [9, 9, 0, 0, 6, 6, 6, 0, 0, 0], [0, 9, 0, 0, 0, 0, 6, 0, 0, 0], [0, 9, 9, 0, 0, 0, 0, 0, 0, 0], [0, 9, 0, 0, 0, 0, 0, 0, 0, 0], [0, 0, 0, 0, 0, 0, 0, 0, 0, 0]], "output": [[9, 4], [9, 4], [9, 4], [9, 4], [9, 4], [9, 4], [9, 4], [9, 4], [9, 4]]}, {"input": [[0, 0, 0, 0, 0, 0, 0, 0, 0, 1], [7, 7, 7, 0, 0, 2, 2, 0, 0, 1], [0, 0, 7, 0, 0, 0, 2, 2, 0, 1], [0, 0, 0, 0, 0, 0, 2, 0, 0, 1], [0, 0, 0, 0, 0, 0, 0, 0, 0, 0], [0, 0, 0, 3, 0, 0, 0, 0, 0, 0], [0, 0, 0, 3, 3, 0, 0, 0, 0, 0], [0, 0, 0, 0, 0, 0, 0, 0, 0, 0], [0, 0, 0, 0, 0, 0, 0, 0, 0, 0], [0, 0, 0, 0, 0, 0, 0, 0, 0, 0]], "output": [[2], [2], [2], [2], [2]]}, {"input": [[0, 0, 0, 0, 0, 0, 0, 0, 0, 0], [0, 0, 0, 0, 0, 0, 0, 0, 0, 0], [0, 0, 0, 0, 0, 3, 3, 0, 0, 0], [0, 0, 0, 0, 0, 0, 3, 0, 0, 0], [0, 2, 0, 0, 0, 0, 0, 0, 0, 0], [0, 2, 2, 0, 0, 0, 0, 0, 0, 0], [0, 0, 0, 0, 0, 0, 0, 0, 0, 0], [0, 0, 0, 0, 0, 0, 0, 0, 0, 0], [0, 0, 0, 0, 0, 0, 0, 0, 0, 0], [0, 0, 0, 0, 0, 0, 0, 0, 0, 0]], "output": [[2, 3], [2, 3], [2, 3]]}, {"input": [[0, 0, 0, 0, 0, 0, 0, 0, 0, 0], [0, 0, 0, 0, 0, 0, 0, 8, 8, 8], [0, 0, 4, 0, 0, 0, 0, 0, 0, 8], [0, 0, 4, 0, 0, 6, 6, 0, 0, 8], [0, 0, 4, 4, 0, 0, 6, 0, 0, 0], [0, 0, 4, 0, 0, 6, 6, 0, 0, 0], [0, 0, 0, 0, 0, 0, 0, 0, 0, 0], [0, 3, 3, 0, 0, 0, 0, 0, 0, 0], [3, 3, 0, 0, 0, 0, 0, 0, 0, 0], [0, 0, 0, 0, 0, 0, 0, 0, 0, 0]], "output": [[4, 6, 8], [4, 6, 8], [4, 6, 8], [4, 6, 8], [4, 6, 8]]}, {"input": [[0, 0, 0, 0, 0, 0, 0, 0, 0, 0], [0, 0, 0, 0, 0, 0, 0, 0, 0, 0], [0, 1, 0, 0, 0, 0, 0, 0, 0, 0], [0, 1, 0, 0, 0, 0, 0, 8, 8, 8], [0, 1, 0, 0, 0, 0, 0, 0, 0, 0], [0, 0, 0, 4, 4, 0, 0, 0, 0, 0], [0, 0, 0, 4, 0, 0, 0, 0, 0, 0], [0, 0, 0, 0, 0, 0, 0, 0, 0, 0], [0, 0, 0, 0, 0, 0, 0, 0, 0, 0], [0, 0, 0, 0, 0, 0, 0, 0, 0, 0]], "output": [[1, 4, 8], [1, 4, 8], [1, 4, 8]]}], "test": [{"input": [[0, 0, 0, 0, 0, 0, 0, 0, 1, 0], [0, 0, 5, 0, 0, 0, 0, 1, 1, 1], [0, 5, 5, 0, 0, 0, 0, 0, 0, 0], [0, 0, 5, 0, 0, 0, 0, 0, 0, 0], [0, 0, 0, 0, 0, 0, 0, 0, 0, 0], [0, 0, 0, 0, 0, 9, 9, 0, 0, 0], [8, 0, 0, 0, 0, 0, 0, 0, 0, 0], [8, 0, 0, 2, 2, 0, 0, 0, 0, 0], [8, 0, 0, 2, 0, 0, 0, 0, 0, 0], [0, 0, 0, 2, 0, 0, 0, 0, 0, 0]], "output": [[5, 2, 1], [5, 2, 1], [5, 2, 1], [5, 2, 1]]}]}