{"train": [{"input": [[7, 7, 7, 6, 7, 7, 7, 6, 7, 7, 7], [7, 7, 7, 6, 7, 7, 7, 6, 7, 7, 7], [7, 7, 7, 6, 7, 7, 7, 6, 7, 7, 7], [6, 6, 6, 6, 6, 6, 6, 6, 6, 6, 6], [7, 7, 7, 6, 7, 2, 7, 6, 7, 7, 7], [7, 7, 7, 6, 2, 7, 2, 6, 7, 7, 7], [7, 7, 7, 6, 7, 2, 7, 6, 7, 7, 7], [6, 6, 6, 6, 6, 6, 6, 6, 6, 6, 6], [7, 7, 7, 6, 7, 2, 7, 6, 7, 7, 7], [7, 7, 7, 6, 2, 7, 2, 6, 7, 7, 7], [7, 7, 7, 6, 7, 2, 7, 6, 7, 7, 7]], "output": [[7, 5, 7, 6, 7, 7, 7, 6, 7, 8, 7], [5, 7, 5, 6, 7, 7, 7, 6, 8, 7, 8], [7, 5, 7, 6, 7, 7, 7, 6, 7, 8, 7], [6, 6, 6, 6, 6, 6, 6, 6, 6, 6, 6], [7, 7, 7, 6, 7, 2, 7, 6, 7, 7, 7], [7, 7, 7, 6, 2, 7, 2, 6, 7, 7, 7], [7, 7, 7, 6, 7, 2, 7, 6, 7, 7, 7], [6, 6, 6, 6, 6, 6, 6, 6, 6, 6, 6], [7, 7, 7, 6, 7, 2, 7, 6, 7, 7, 7], [7, 7, 7, 6, 2, 7, 2, 6, 7, 7, 7], [7, 7, 7, 6, 7, 2, 7, 6, 7, 7, 7]]}, {"input": [[7, 7, 7, 6, 7, 7, 7, 6, 7, 2, 7], [7, 7, 7, 6, 7, 7, 7, 6, 2, 7, 2], [7, 7, 7, 6, 7, 7, 7, 6, 7, 2, 7], [6, 6, 6, 6, 6, 6, 6, 6, 6, 6, 6], [7, 7, 7, 6, 7, 2, 7, 6, 7, 7, 7], [7, 7, 7, 6, 2, 7, 2, 6, 7, 7, 7], [7, 7, 7, 6, 7, 2, 7, 6, 7, 7, 7], [6, 6, 6, 6, 6, 6, 6, 6, 6, 6, 6], [7, 7, 7, 6, 7, 7, 7, 6, 7, 7, 7], [7, 7, 7, 6, 7, 7, 7, 6, 7, 7, 7], [7, 7, 7, 6, 7, 7, 7, 6, 7, 7, 7]], "output": [[7, 7, 7, 6, 7, 7, 7, 6, 7, 2, 7], [7, 7, 7, 6, 7, 7, 7, 6, 2, 7, 2], [7, 7, 7, 6, 7, 7, 7, 6, 7, 2, 7], [6, 6, 6, 6, 6, 6, 6, 6, 6, 6, 6], [7, 8, 7, 6, 7, 2, 7, 6, 7, 7, 7], [8, 7, 8, 6, 2, 7, 2, 6, 7, 7, 7], [7, 8, 7, 6, 7, 2, 7, 6, 7, 7, 7], [6, 6, 6, 6, 6, 6, 6, 6, 6, 6, 6], [7, 7, 7, 6, 7, 5, 7, 6, 7, 7, 7], [7, 7, 7, 6, 5, 7, 5, 6, 7, 7, 7], [7, 7, 7, 6, 7, 5, 7, 6, 7, 7, 7]]}, {"input": [[7, 2, 7, 6, 7, 7, 7, 6, 7, 7, 7], [2, 7, 2, 6, 7, 7, 7, 6, 7, 7, 7], [7, 2, 7, 6, 7, 7, 7, 6, 7, 7, 7], [6, 6, 6, 6, 6, 6, 6, 6, 6, 6, 6], [7, 7, 7, 6, 7, 2, 7, 6, 7, 5, 7], [7, 7, 7, 6, 2, 7, 2, 6, 5, 7, 5], [7, 7, 7, 6, 7, 2, 7, 6, 7, 5, 7], [6, 6, 6, 6, 6, 6, 6, 6, 6, 6, 6], [7, 7, 7, 6, 7, 8, 7, 6, 7, 7, 7], [7, 7, 7, 6, 8, 7, 8, 6, 7, 7, 7], [7, 7, 7, 6, 7, 8, 7, 6, 7, 7, 7]], "output": [[7, 7, 7, 7, 7, 7, 7, 7, 7, 7, 7, 7, 7, 7, 7, 7], [7, 7, 7, 7, 7, 7, 7, 7, 7, 7, 7, 7, 7, 7, 7, 7], [7, 7, 7, 7, 7, 7, 7, 7, 7, 7, 7, 7, 7, 7, 7, 7], [7, 7, 7, 7, 7, 7, 7, 7, 7, 7, 7, 7, 7, 7, 7, 7], [7, 7, 7, 7, 7, 7, 7, 7, 7, 7, 7, 7, 7, 7, 7, 7], [7, 7, 7, 7, 7, 7, 7, 7, 7, 7, 7, 7, 7, 7, 7, 7], [7, 7, 7, 7, 7, 7, 7, 7, 7, 7, 7, 7, 7, 7, 7, 7], [7, 7, 7, 7, 7, 7, 7, 7, 7, 7, 7, 7, 7, 7, 7, 7], [7, 7, 7, 7, 7, 7, 7, 7, 7, 7, 7, 7, 7, 7, 7, 7], [7, 7, 7, 7, 7, 7, 7, 7, 7, 7, 7, 7, 7, 7, 7, 7], [7, 7, 7, 7, 7, 7, 7, 7, 7, 7, 7, 7, 7, 7, 7, 7], [7, 7, 7, 7, 7, 7, 7, 7, 7, 7, 7, 7, 7, 7, 7, 7], [7, 7, 7, 7, 7, 7, 7, 7, 7, 7, 7, 7, 7, 7, 7, 7], [7, 7, 7, 7, 7, 7, 7, 7, 7, 7, 7, 7, 7, 7, 7, 7], [7, 7, 7, 7, 7, 7, 7, 7, 7, 7, 7, 7, 7, 7, 7, 7], [7, 7, 7, 7, 7, 7, 7, 7, 7, 7, 7, 7, 7, 7, 7, 7]]}], "test": [{"input": [[7, 7, 7, 6, 7, 7, 7, 6, 7, 7, 7], [7, 7, 7, 6, 7, 7, 7, 6, 7, 7, 7], [7, 7, 7, 6, 7, 7, 7, 6, 7, 7, 7], [6, 6, 6, 6, 6, 6, 6, 6, 6, 6, 6], [7, 7, 7, 6, 7, 2, 7, 6, 7, 2, 7], [7, 7, 7, 6, 2, 7, 2, 6, 2, 7, 2], [7, 7, 7, 6, 7, 2, 7, 6, 7, 2, 7], [6, 6, 6, 6, 6, 6, 6, 6, 6, 6, 6], [7, 7, 7, 6, 7, 7, 7, 6, 7, 7, 7], [7, 7, 7, 6, 7, 7, 7, 6, 7, 7, 7], [7, 7, 7, 6, 7, 7, 7, 6, 7, 7, 7]], "output": [[7, 8, 7, 6, 7, 7, 7, 6, 7, 7, 7], [8, 7, 8, 6, 7, 7, 7, 6, 7, 7, 7], [7, 8, 7, 6, 7, 7, 7, 6, 7, 7, 7], [6, 6, 6, 6, 6, 6, 6, 6, 6, 6, 6], [7, 7, 7, 6, 7, 2, 7, 6, 7, 2, 7], [7, 7, 7, 6, 2, 7, 2, 6, 2, 7, 2], [7, 7, 7, 6, 7, 2, 7, 6, 7, 2, 7], [6, 6, 6, 6, 6, 6, 6, 6, 6, 6, 6], [7, 5, 7, 6, 7, 7, 7, 6, 7, 7, 7], [5, 7, 5, 6, 7, 7, 7, 6, 7, 7, 7], [7, 5, 7, 6, 7, 7, 7, 6, 7, 7, 7]]}]}