{"train": [{"input": [[8, 8, 8, 8, 8, 8, 8, 8, 8, 8, 8, 8, 8, 8, 8, 8, 8, 8, 8], [8, 8, 8, 8, 8, 8, 8, 8, 8, 8, 8, 8, 8, 8, 8, 8, 8, 8, 8], [8, 8, 1, 1, 0, 0, 0, 0, 0, 0, 8, 8, 8, 8, 8, 8, 8, 8, 8], [8, 8, 1, 0, 0, 0, 0, 0, 0, 0, 8, 8, 8, 8, 8, 8, 8, 8, 8], [8, 8, 0, 0, 0, 0, 0, 0, 0, 0, 8, 8, 8, 8, 8, 8, 8, 8, 8], [8, 8, 0, 0, 0, 0, 0, 0, 0, 0, 8, 8, 8, 8, 8, 8, 8, 8, 8], [8, 8, 0, 0, 0, 0, 0, 0, 0, 0, 8, 8, 8, 8, 8, 8, 8, 8, 8], [8, 8, 0, 0, 0, 0, 0, 0, 0, 0, 8, 8, 8, 8, 8, 8, 8, 8, 8], [8, 8, 8, 8, 8, 8, 8, 8, 8, 8, 8, 8, 8, 8, 8, 8, 8, 8, 8], [8, 8, 8, 8, 8, 8, 8, 8, 8, 8, 8, 8, 8, 8, 8, 8, 8, 8, 8], [8, 8, 8, 8, 8, 8, 8, 8, 8, 8, 8, 8, 8, 8, 8, 8, 8, 8, 8], [8, 8, 8, 8, 8, 8, 8, 8, 8, 8, 8, 8, 8, 8, 8, 8, 8, 8, 8], [8, 8, 8, 8, 8, 8, 8, 8, 8, 8, 8, 8, 8, 8, 8, 8, 8, 8, 8], [8, 8, 8, 8, 8, 8, 8, 0, 0, 0, 0, 0, 0, 0, 0, 0, 8, 8, 8], [8, 8, 8, 8, 8, 8, 8, 0, 0, 0, 0, 0, 0, 0, 0, 0, 8, 8, 8], [8, 8, 8, 8, 8, 8, 8, 0, 0, 0, 0, 0, 0, 0, 0, 0, 8, 8, 8], [8, 8, 8, 8, 8, 8, 8, 0, 0, 0, 0, 0, 0, 0, 3, 0, 8, 8, 8], [8, 8, 8, 8, 8, 8, 8, 0, 0, 0, 0, 0, 0, 3, 0, 3, 8, 8, 8], [8, 8, 8, 8, 8, 8, 8, 0, 0, 0, 0, 0, 0, 3, 3, 3, 8, 8, 8], [8, 8, 8, 8, 8, 8, 8, 8, 8, 8, 8, 8, 8, 8, 8, 8, 8, 8, 8], [8, 8, 8, 8, 8, 8, 8, 8, 8, 8, 8, 8, 8, 8, 8, 8, 8, 8, 8], [8, 8, 8, 8, 8, 8, 8, 8, 8, 8, 8, 8, 8, 8, 8, 8, 8, 8, 8], [8, 8, 8, 8, 8, 8, 8, 8, 8, 8, 8, 8, 8, 8, 8, 8, 8, 8, 8]], "output": [[8, 8, 8, 8, 8, 8, 8, 8, 8, 8, 8, 8, 8, 8, 8, 8, 8, 8, 8], [8, 8, 8, 8, 8, 8, 8, 8, 8, 8, 8, 8, 8, 8, 8, 8, 8, 8, 8], [8, 8, 1, 1, 1, 1, 1, 1, 1, 1, 8, 8, 8, 8, 8, 8, 8, 8, 8], [8, 8, 1, 0, 1, 0, 1, 0, 1, 0, 8, 8, 8, 8, 8, 8, 8, 8, 8], [8, 8, 1, 1, 1, 1, 1, 1, 1, 1, 8, 8, 8, 8, 8, 8, 8, 8, 8], [8, 8, 1, 0, 1, 0, 1, 0, 1, 0, 8, 8, 8, 8, 8, 8, 8, 8, 8], [8, 8, 1, 1, 1, 1, 1, 1, 1, 1, 8, 8, 8, 8, 8, 8, 8, 8, 8], [8, 8, 1, 0, 1, 0, 1, 0, 1, 0, 8, 8, 8, 8, 8, 8, 8, 8, 8], [8, 8, 8, 8, 8, 8, 8, 8, 8, 8, 8, 8, 8, 8, 8, 8, 8, 8, 8], [8, 8, 8, 8, 8, 8, 8, 8, 8, 8, 8, 8, 8, 8, 8, 8, 8, 8, 8], [8, 8, 8, 8, 8, 8, 8, 8, 8, 8, 8, 8, 8, 8, 8, 8, 8, 8, 8], [8, 8, 8, 8, 8, 8, 8, 8, 8, 8, 8, 8, 8, 8, 8, 8, 8, 8, 8], [8, 8, 8, 8, 8, 8, 8, 8, 8, 8, 8, 8, 8, 8, 8, 8, 8, 8, 8], [8, 8, 8, 8, 8, 8, 8, 0, 3, 0, 0, 3, 0, 0, 3, 0, 8, 8, 8], [8, 8, 8, 8, 8, 8, 8, 3, 0, 3, 3, 0, 3, 3, 0, 3, 8, 8, 8], [8, 8, 8, 8, 8, 8, 8, 3, 3, 3, 3, 3, 3, 3, 3, 3, 8, 8, 8], [8, 8, 8, 8, 8, 8, 8, 0, 3, 0, 0, 3, 0, 0, 3, 0, 8, 8, 8], [8, 8, 8, 8, 8, 8, 8, 3, 0, 3, 3, 0, 3, 3, 0, 3, 8, 8, 8], [8, 8, 8, 8, 8, 8, 8, 3, 3, 3, 3, 3, 3, 3, 3, 3, 8, 8, 8], [8, 8, 8, 8, 8, 8, 8, 8, 8, 8, 8, 8, 8, 8, 8, 8, 8, 8, 8], [8, 8, 8, 8, 8, 8, 8, 8, 8, 8, 8, 8, 8, 8, 8, 8, 8, 8, 8], [8, 8, 8, 8, 8, 8, 8, 8, 8, 8, 8, 8, 8, 8, 8, 8, 8, 8, 8], [8, 8, 8, 8, 8, 8, 8, 8, 8, 8, 8, 8, 8, 8, 8, 8, 8, 8, 8]]}, {"input": [[8, 8, 8, 8, 8, 8, 8, 8, 8, 8, 8, 8, 8], [8, 8, 8, 8, 8, 8, 8, 8, 8, 8, 8, 8, 8], [8, 8, 8, 8, 8, 8, 8, 8, 8, 8, 8, 8, 8], [8, 8, 2, 2, 2, 0, 0, 0, 8, 8, 8, 8, 8], [8, 8, 0, 2, 2, 0, 0, 0, 8, 8, 8, 8, 8], [8, 8, 2, 0, 2, 0, 0, 0, 8, 8, 8, 8, 8], [8, 8, 0, 0, 0, 0, 0, 0, 8, 8, 8, 8, 8], [8, 8, 0, 0, 0, 0, 0, 0, 8, 8, 8, 8, 8], [8, 8, 0, 0, 0, 0, 0, 0, 8, 8, 8, 8, 8], [8, 8, 0, 0, 0, 0, 0, 0, 8, 8, 8, 8, 8], [8, 8, 0, 0, 0, 0, 0, 0, 8, 8, 8, 8, 8], [8, 8, 0, 0, 0, 0, 0, 0, 8, 8, 8, 8, 8], [8, 8, 0, 0, 0, 0, 0, 0, 8, 8, 8, 8, 8], [8, 8, 0, 0, 0, 0, 0, 0, 8, 8, 8, 8, 8], [8, 8, 0, 0, 0, 0, 0, 0, 8, 8, 8, 8, 8], [8, 8, 8, 8, 8, 8, 8, 8, 8, 8, 8, 8, 8], [8, 8, 8, 8, 8, 8, 8, 8, 8, 8, 8, 8, 8], [8, 8, 8, 8, 8, 8, 8, 8, 8, 8, 8, 8, 8], [8, 8, 8, 8, 8, 8, 8, 8, 8, 8, 8, 8, 8]], "output": [[8, 8, 8, 8, 8, 8, 8, 8, 8, 8, 8, 8, 8], [8, 8, 8, 8, 8, 8, 8, 8, 8, 8, 8, 8, 8], [8, 8, 8, 8, 8, 8, 8, 8, 8, 8, 8, 8, 8], [8, 8, 2, 2, 2, 2, 2, 2, 8, 8, 8, 8, 8], [8, 8, 0, 2, 2, 0, 2, 2, 8, 8, 8, 8, 8], [8, 8, 2, 0, 2, 2, 0, 2, 8, 8, 8, 8, 8], [8, 8, 2, 2, 2, 2, 2, 2, 8, 8, 8, 8, 8], [8, 8, 0, 2, 2, 0, 2, 2, 8, 8, 8, 8, 8], [8, 8, 2, 0, 2, 2, 0, 2, 8, 8, 8, 8, 8], [8, 8, 2, 2, 2, 2, 2, 2, 8, 8, 8, 8, 8], [8, 8, 0, 2, 2, 0, 2, 2, 8, 8, 8, 8, 8], [8, 8, 2, 0, 2, 2, 0, 2, 8, 8, 8, 8, 8], [8, 8, 2, 2, 2, 2, 2, 2, 8, 8, 8, 8, 8], [8, 8, 0, 2, 2, 0, 2, 2, 8, 8, 8, 8, 8], [8, 8, 2, 0, 2, 2, 0, 2, 8, 8, 8, 8, 8], [8, 8, 8, 8, 8, 8, 8, 8, 8, 8, 8, 8, 8], [8, 8, 8, 8, 8, 8, 8, 8, 8, 8, 8, 8, 8], [8, 8, 8, 8, 8, 8, 8, 8, 8, 8, 8, 8, 8], [8, 8, 8, 8, 8, 8, 8, 8, 8, 8, 8, 8, 8]]}, {"input": [[8, 8, 8, 8, 8, 8, 8, 8, 8, 8, 8, 8, 8, 8, 8, 8, 8, 8, 8, 8, 8], [8, 8, 8, 8, 8, 8, 8, 8, 8, 8, 8, 8, 8, 8, 8, 8, 8, 8, 8, 8, 8], [8, 8, 8, 8, 8, 8, 8, 8, 8, 8, 8, 8, 8, 8, 8, 8, 8, 8, 8, 8, 8], [8, 8, 8, 8, 8, 8, 0, 0, 0, 0, 0, 0, 2, 0, 2, 0, 8, 8, 8, 8, 8], [8, 8, 8, 8, 8, 8, 0, 0, 0, 0, 0, 2, 2, 0, 2, 2, 8, 8, 8, 8, 8], [8, 8, 8, 8, 8, 8, 0, 0, 0, 0, 0, 0, 2, 2, 2, 0, 8, 8, 8, 8, 8], [8, 8, 8, 8, 8, 8, 0, 0, 0, 0, 0, 0, 0, 0, 0, 0, 8, 8, 8, 8, 8], [8, 8, 8, 8, 8, 8, 0, 0, 0, 0, 0, 0, 0, 0, 0, 0, 8, 8, 8, 8, 8], [8, 8, 8, 8, 8, 8, 0, 0, 0, 0, 0, 0, 0, 0, 0, 0, 8, 8, 8, 8, 8], [8, 8, 8, 8, 8, 8, 0, 0, 0, 0, 0, 0, 0, 0, 0, 0, 8, 8, 8, 8, 8], [8, 8, 8, 8, 8, 8, 0, 0, 0, 0, 0, 0, 0, 0, 0, 0, 8, 8, 8, 8, 8], [8, 8, 8, 8, 8, 8, 0, 0, 0, 0, 0, 0, 0, 0, 0, 0, 8, 8, 8, 8, 8], [8, 8, 8, 8, 8, 8, 8, 8, 8, 8, 8, 8, 8, 8, 8, 8, 8, 8, 8, 8, 8], [8, 8, 8, 8, 8, 8, 8, 8, 8, 8, 8, 8, 8, 8, 8, 8, 8, 8, 8, 8, 8], [8, 8, 8, 0, 0, 0, 0, 0, 0, 0, 0, 0, 0, 0, 0, 0, 0, 0, 8, 8, 8], [8, 8, 8, 0, 0, 0, 0, 0, 0, 0, 0, 0, 0, 0, 0, 0, 0, 0, 8, 8, 8], [8, 8, 8, 0, 0, 0, 0, 0, 0, 0, 0, 0, 0, 0, 0, 0, 0, 0, 8, 8, 8], [8, 8, 8, 4, 4, 4, 0, 0, 0, 0, 0, 0, 0, 0, 0, 0, 0, 0, 8, 8, 8], [8, 8, 8, 0, 4, 0, 0, 0, 0, 0, 0, 0, 0, 0, 0, 0, 0, 0, 8, 8, 8], [8, 8, 8, 4, 0, 4, 0, 0, 0, 0, 0, 0, 0, 0, 0, 0, 0, 0, 8, 8, 8], [8, 8, 8, 8, 8, 8, 8, 8, 8, 8, 8, 8, 8, 8, 8, 8, 8, 8, 8, 8, 8], [8, 8, 8, 8, 8, 8, 8, 8, 8, 8, 8, 8, 8, 8, 8, 8, 8, 8, 8, 8, 8], [8, 8, 8, 8, 8, 8, 8, 8, 8, 8, 8, 8, 8, 8, 8, 8, 8, 8, 8, 8, 8], [8, 8, 8, 8, 8, 8, 8, 8, 8, 8, 8, 8, 8, 8, 8, 8, 8, 8, 8, 8, 8]], "output": [[8, 8, 8, 8, 8, 8, 8, 8, 8, 8, 8, 8, 8, 8, 8, 8, 8, 8, 8, 8, 8], [8, 8, 8, 8, 8, 8, 8, 8, 8, 8, 8, 8, 8, 8, 8, 8, 8, 8, 8, 8, 8], [8, 8, 8, 8, 8, 8, 8, 8, 8, 8, 8, 8, 8, 8, 8, 8, 8, 8, 8, 8, 8], [8, 8, 8, 8, 8, 8, 0, 2, 0, 2, 0, 0, 2, 0, 2, 0, 8, 8, 8, 8, 8], [8, 8, 8, 8, 8, 8, 2, 2, 0, 2, 2, 2, 2, 0, 2, 2, 8, 8, 8, 8, 8], [8, 8, 8, 8, 8, 8, 0, 2, 2, 2, 0, 0, 2, 2, 2, 0, 8, 8, 8, 8, 8], [8, 8, 8, 8, 8, 8, 0, 2, 0, 2, 0, 0, 2, 0, 2, 0, 8, 8, 8, 8, 8], [8, 8, 8, 8, 8, 8, 2, 2, 0, 2, 2, 2, 2, 0, 2, 2, 8, 8, 8, 8, 8], [8, 8, 8, 8, 8, 8, 0, 2, 2, 2, 0, 0, 2, 2, 2, 0, 8, 8, 8, 8, 8], [8, 8, 8, 8, 8, 8, 0, 2, 0, 2, 0, 0, 2, 0, 2, 0, 8, 8, 8, 8, 8], [8, 8, 8, 8, 8, 8, 2, 2, 0, 2, 2, 2, 2, 0, 2, 2, 8, 8, 8, 8, 8], [8, 8, 8, 8, 8, 8, 0, 2, 2, 2, 0, 0, 2, 2, 2, 0, 8, 8, 8, 8, 8], [8, 8, 8, 8, 8, 8, 8, 8, 8, 8, 8, 8, 8, 8, 8, 8, 8, 8, 8, 8, 8], [8, 8, 8, 8, 8, 8, 8, 8, 8, 8, 8, 8, 8, 8, 8, 8, 8, 8, 8, 8, 8], [8, 8, 8, 4, 4, 4, 4, 4, 4, 4, 4, 4, 4, 4, 4, 4, 4, 4, 8, 8, 8], [8, 8, 8, 0, 4, 0, 0, 4, 0, 0, 4, 0, 0, 4, 0, 0, 4, 0, 8, 8, 8], [8, 8, 8, 4, 0, 4, 4, 0, 4, 4, 0, 4, 4, 0, 4, 4, 0, 4, 8, 8, 8], [8, 8, 8, 4, 4, 4, 4, 4, 4, 4, 4, 4, 4, 4, 4, 4, 4, 4, 8, 8, 8], [8, 8, 8, 0, 4, 0, 0, 4, 0, 0, 4, 0, 0, 4, 0, 0, 4, 0, 8, 8, 8], [8, 8, 8, 4, 0, 4, 4, 0, 4, 4, 0, 4, 4, 0, 4, 4, 0, 4, 8, 8, 8], [8, 8, 8, 8, 8, 8, 8, 8, 8, 8, 8, 8, 8, 8, 8, 8, 8, 8, 8, 8, 8], [8, 8, 8, 8, 8, 8, 8, 8, 8, 8, 8, 8, 8, 8, 8, 8, 8, 8, 8, 8, 8], [8, 8, 8, 8, 8, 8, 8, 8, 8, 8, 8, 8, 8, 8, 8, 8, 8, 8, 8, 8, 8], [8, 8, 8, 8, 8, 8, 8, 8, 8, 8, 8, 8, 8, 8, 8, 8, 8, 8, 8, 8, 8]]}], "test": [{"input": [[8, 8, 8, 8, 8, 8, 8, 8, 8, 8, 8, 8, 8, 8, 8, 8, 8, 8, 8, 8, 8, 8], [8, 8, 8, 8, 8, 8, 8, 8, 8, 8, 8, 8, 8, 8, 8, 8, 8, 8, 8, 8, 8, 8], [8, 8, 8, 0, 0, 0, 0, 1, 0, 8, 8, 8, 8, 8, 8, 8, 8, 8, 8, 8, 8, 8], [8, 8, 8, 0, 0, 0, 1, 0, 1, 8, 8, 8, 8, 8, 8, 8, 8, 8, 8, 8, 8, 8], [8, 8, 8, 0, 0, 0, 1, 1, 0, 8, 8, 8, 8, 0, 0, 0, 0, 0, 0, 8, 8, 8], [8, 8, 8, 0, 0, 0, 0, 0, 0, 8, 8, 8, 8, 0, 0, 0, 0, 0, 0, 8, 8, 8], [8, 8, 8, 0, 0, 0, 0, 0, 0, 8, 8, 8, 8, 0, 0, 0, 0, 0, 0, 8, 8, 8], [8, 8, 8, 0, 0, 0, 0, 0, 0, 8, 8, 8, 8, 0, 0, 0, 0, 0, 0, 8, 8, 8], [8, 8, 8, 0, 0, 0, 0, 0, 0, 8, 8, 8, 8, 0, 0, 0, 0, 0, 0, 8, 8, 8], [8, 8, 8, 0, 0, 0, 0, 0, 0, 8, 8, 8, 8, 0, 0, 0, 0, 0, 0, 8, 8, 8], [8, 8, 8, 0, 0, 0, 0, 0, 0, 8, 8, 8, 8, 4, 0, 0, 0, 0, 0, 8, 8, 8], [8, 8, 8, 8, 8, 8, 8, 8, 8, 8, 8, 8, 8, 4, 4, 0, 0, 0, 0, 8, 8, 8], [8, 8, 8, 8, 8, 8, 8, 8, 8, 8, 8, 8, 8, 8, 8, 8, 8, 8, 8, 8, 8, 8], [8, 8, 8, 8, 8, 8, 8, 8, 8, 8, 8, 8, 8, 8, 8, 8, 8, 8, 8, 8, 8, 8], [8, 8, 8, 8, 8, 8, 8, 8, 8, 8, 8, 8, 8, 8, 8, 8, 8, 8, 8, 8, 8, 8], [8, 8, 8, 8, 8, 8, 8, 8, 8, 8, 8, 8, 8, 8, 8, 8, 8, 8, 8, 8, 8, 8], [8, 8, 8, 0, 0, 0, 0, 0, 0, 0, 0, 8, 8, 8, 8, 8, 8, 8, 8, 8, 8, 8], [8, 8, 8, 0, 0, 0, 0, 0, 0, 0, 0, 8, 8, 8, 8, 8, 8, 8, 8, 8, 8, 8], [8, 8, 8, 0, 0, 0, 0, 0, 0, 0, 0, 8, 8, 8, 8, 8, 8, 8, 8, 8, 8, 8], [8, 8, 8, 0, 0, 0, 0, 3, 0, 3, 3, 8, 8, 8, 8, 8, 8, 8, 8, 8, 8, 8], [8, 8, 8, 0, 0, 0, 0, 0, 3, 0, 3, 8, 8, 8, 8, 8, 8, 8, 8, 8, 8, 8], [8, 8, 8, 0, 0, 0, 0, 3, 3, 0, 3, 8, 8, 8, 8, 8, 8, 8, 8, 8, 8, 8], [8, 8, 8, 8, 8, 8, 8, 8, 8, 8, 8, 8, 8, 8, 8, 8, 8, 8, 8, 8, 8, 8], [8, 8, 8, 8, 8, 8, 8, 8, 8, 8, 8, 8, 8, 8, 8, 8, 8, 8, 8, 8, 8, 8], [8, 8, 8, 8, 8, 8, 8, 8, 8, 8, 8, 8, 8, 8, 8, 8, 8, 8, 8, 8, 8, 8], [8, 8, 8, 8, 8, 8, 8, 8, 8, 8, 8, 8, 8, 8, 8, 8, 8, 8, 8, 8, 8, 8]], "output": [[8, 8, 8, 8, 8, 8, 8, 8, 8, 8, 8, 8, 8, 8, 8, 8, 8, 8, 8, 8, 8, 8], [8, 8, 8, 8, 8, 8, 8, 8, 8, 8, 8, 8, 8, 8, 8, 8, 8, 8, 8, 8, 8, 8], [8, 8, 8, 0, 1, 0, 0, 1, 0, 8, 8, 8, 8, 8, 8, 8, 8, 8, 8, 8, 8, 8], [8, 8, 8, 1, 0, 1, 1, 0, 1, 8, 8, 8, 8, 8, 8, 8, 8, 8, 8, 8, 8, 8], [8, 8, 8, 1, 1, 0, 1, 1, 0, 8, 8, 8, 8, 4, 0, 4, 0, 4, 0, 8, 8, 8], [8, 8, 8, 0, 1, 0, 0, 1, 0, 8, 8, 8, 8, 4, 4, 4, 4, 4, 4, 8, 8, 8], [8, 8, 8, 1, 0, 1, 1, 0, 1, 8, 8, 8, 8, 4, 0, 4, 0, 4, 0, 8, 8, 8], [8, 8, 8, 1, 1, 0, 1, 1, 0, 8, 8, 8, 8, 4, 4, 4, 4, 4, 4, 8, 8, 8], [8, 8, 8, 0, 1, 0, 0, 1, 0, 8, 8, 8, 8, 4, 0, 4, 0, 4, 0, 8, 8, 8], [8, 8, 8, 1, 0, 1, 1, 0, 1, 8, 8, 8, 8, 4, 4, 4, 4, 4, 4, 8, 8, 8], [8, 8, 8, 1, 1, 0, 1, 1, 0, 8, 8, 8, 8, 4, 0, 4, 0, 4, 0, 8, 8, 8], [8, 8, 8, 8, 8, 8, 8, 8, 8, 8, 8, 8, 8, 4, 4, 4, 4, 4, 4, 8, 8, 8], [8, 8, 8, 8, 8, 8, 8, 8, 8, 8, 8, 8, 8, 8, 8, 8, 8, 8, 8, 8, 8, 8], [8, 8, 8, 8, 8, 8, 8, 8, 8, 8, 8, 8, 8, 8, 8, 8, 8, 8, 8, 8, 8, 8], [8, 8, 8, 8, 8, 8, 8, 8, 8, 8, 8, 8, 8, 8, 8, 8, 8, 8, 8, 8, 8, 8], [8, 8, 8, 8, 8, 8, 8, 8, 8, 8, 8, 8, 8, 8, 8, 8, 8, 8, 8, 8, 8, 8], [8, 8, 8, 3, 0, 3, 3, 3, 0, 3, 3, 8, 8, 8, 8, 8, 8, 8, 8, 8, 8, 8], [8, 8, 8, 0, 3, 0, 3, 0, 3, 0, 3, 8, 8, 8, 8, 8, 8, 8, 8, 8, 8, 8], [8, 8, 8, 3, 3, 0, 3, 3, 3, 0, 3, 8, 8, 8, 8, 8, 8, 8, 8, 8, 8, 8], [8, 8, 8, 3, 0, 3, 3, 3, 0, 3, 3, 8, 8, 8, 8, 8, 8, 8, 8, 8, 8, 8], [8, 8, 8, 0, 3, 0, 3, 0, 3, 0, 3, 8, 8, 8, 8, 8, 8, 8, 8, 8, 8, 8], [8, 8, 8, 3, 3, 0, 3, 3, 3, 0, 3, 8, 8, 8, 8, 8, 8, 8, 8, 8, 8, 8], [8, 8, 8, 8, 8, 8, 8, 8, 8, 8, 8, 8, 8, 8, 8, 8, 8, 8, 8, 8, 8, 8], [8, 8, 8, 8, 8, 8, 8, 8, 8, 8, 8, 8, 8, 8, 8, 8, 8, 8, 8, 8, 8, 8], [8, 8, 8, 8, 8, 8, 8, 8, 8, 8, 8, 8, 8, 8, 8, 8, 8, 8, 8, 8, 8, 8], [8, 8, 8, 8, 8, 8, 8, 8, 8, 8, 8, 8, 8, 8, 8, 8, 8, 8, 8, 8, 8, 8]]}]}