{"train": [{"input": [[0, 0, 9, 0, 0, 0, 0, 0], [0, 0, 0, 9, 0, 0, 0, 0], [0, 0, 0, 0, 9, 0, 0, 0], [0, 0, 0, 0, 0, 9, 0, 0], [9, 0, 0, 0, 0, 0, 9, 0], [0, 9, 0, 0, 0, 0, 0, 9], [0, 0, 9, 0, 0, 0, 0, 0], [0, 0, 0, 9, 0, 0, 0, 0]], "output": [[0, 0, 9, 0, 0, 0, 0, 0], [0, 0, 0, 4, 0, 0, 0, 0], [0, 0, 0, 0, 9, 0, 0, 0], [0, 0, 0, 0, 0, 4, 0, 0], [9, 0, 0, 0, 0, 0, 9, 0], [0, 4, 0, 0, 0, 0, 0, 4], [0, 0, 9, 0, 0, 0, 0, 0], [0, 0, 0, 4, 0, 0, 0, 0]]}, {"input": [[2, 0, 0], [0, 2, 0], [0, 0, 2]], "output": [[2, 0, 0], [0, 4, 0], [0, 0, 2]]}, {"input": [[0, 0, 3, 0, 0, 0], [0, 0, 0, 3, 0, 0], [0, 0, 0, 0, 3, 0], [3, 0, 0, 0, 0, 3], [0, 3, 0, 0, 0, 0], [0, 0, 3, 0, 0, 0]], "output": [[0, 0, 3, 0, 0, 0], [0, 0, 0, 4, 0, 0], [0, 0, 0, 0, 3, 0], [3, 0, 0, 0, 0, 4], [0, 4, 0, 0, 0, 0], [0, 0, 3, 0, 0, 0]]}], "test": [{"input": [[0, 0, 0, 0, 6, 0, 0, 0, 0, 0, 0, 0], [6, 0, 0, 0, 0, 6, 0, 0, 0, 0, 0, 0], [0, 6, 0, 0, 0, 0, 6, 0, 0, 0, 0, 0], [0, 0, 6, 0, 0, 0, 0, 6, 0, 0, 0, 0], [0, 0, 0, 6, 0, 0, 0, 0, 6, 0, 0, 0], [0, 0, 0, 0, 6, 0, 0, 0, 0, 6, 0, 0], [0, 0, 0, 0, 0, 6, 0, 0, 0, 0, 6, 0], [0, 0, 0, 0, 0, 0, 6, 0, 0, 0, 0, 6], [6, 0, 0, 0, 0, 0, 0, 6, 0, 0, 0, 0], [0, 6, 0, 0, 0, 0, 0, 0, 6, 0, 0, 0], [0, 0, 6, 0, 0, 0, 0, 0, 0, 6, 0, 0], [0, 0, 0, 6, 0, 0, 0, 0, 0, 0, 6, 0]], "output": [[0, 0, 0, 0, 6, 0, 0, 0, 0, 0, 0, 0], [6, 0, 0, 0, 0, 4, 0, 0, 0, 0, 0, 0], [0, 4, 0, 0, 0, 0, 6, 0, 0, 0, 0, 0], [0, 0, 6, 0, 0, 0, 0, 4, 0, 0, 0, 0], [0, 0, 0, 4, 0, 0, 0, 0, 6, 0, 0, 0], [0, 0, 0, 0, 6, 0, 0, 0, 0, 4, 0, 0], [0, 0, 0, 0, 0, 4, 0, 0, 0, 0, 6, 0], [0, 0, 0, 0, 0, 0, 6, 0, 0, 0, 0, 4], [6, 0, 0, 0, 0, 0, 0, 4, 0, 0, 0, 0], [0, 4, 0, 0, 0, 0, 0, 0, 6, 0, 0, 0], [0, 0, 6, 0, 0, 0, 0, 0, 0, 4, 0, 0], [0, 0, 0, 4, 0, 0, 0, 0, 0, 0, 6, 0]]}]}