{"train": [{"input": [[3, 3, 3, 1, 3, 3, 3, 1, 3, 3, 3, 1, 3, 3, 3, 1, 3, 3, 3, 1, 3], [3, 3, 3, 1, 2, 3, 3, 1, 3, 3, 3, 1, 3, 3, 2, 1, 3, 3, 3, 1, 3], [3, 3, 3, 1, 3, 3, 2, 1, 3, 3, 3, 1, 3, 3, 3, 1, 2, 3, 2, 1, 2], [1, 1, 1, 3, 1, 1, 1, 1, 1, 1, 1, 3, 1, 1, 1, 1, 1, 1, 1, 1, 1], [3, 3, 3, 1, 3, 3, 3, 1, 3, 3, 3, 1, 3, 3, 3, 1, 3, 3, 3, 1, 3], [3, 2, 3, 1, 3, 2, 3, 1, 3, 3, 3, 1, 2, 3, 3, 1, 3, 3, 3, 1, 3], [2, 3, 3, 1, 3, 3, 3, 1, 3, 3, 2, 1, 3, 2, 3, 1, 3, 3, 3, 1, 3], [1, 1, 1, 1, 1, 1, 1, 1, 1, 1, 1, 1, 1, 1, 1, 1, 1, 1, 1, 1, 1], [3, 3, 3, 1, 3, 3, 3, 1, 3, 3, 3, 1, 3, 3, 3, 1, 3, 3, 3, 1, 3], [3, 3, 2, 1, 3, 3, 3, 1, 3, 3, 3, 1, 3, 3, 3, 1, 3, 3, 2, 1, 3], [3, 3, 3, 1, 3, 3, 3, 1, 2, 3, 3, 1, 3, 3, 3, 1, 3, 3, 3, 1, 3], [1, 1, 1, 3, 1, 1, 1, 1, 1, 1, 1, 3, 1, 1, 1, 1, 1, 1, 1, 1, 1], [3, 3, 3, 1, 3, 3, 3, 1, 3, 3, 3, 1, 3, 3, 3, 1, 3, 2, 3, 1, 3], [3, 3, 3, 1, 3, 3, 2, 1, 2, 3, 2, 1, 3, 2, 3, 1, 3, 3, 3, 1, 3], [3, 3, 3, 1, 3, 3, 3, 1, 3, 3, 3, 1, 3, 2, 3, 1, 3, 3, 3, 1, 2], [1, 1, 1, 1, 1, 1, 1, 1, 1, 1, 1, 1, 1, 1, 1, 1, 1, 1, 1, 1, 1], [3, 3, 3, 1, 3, 3, 2, 1, 3, 2, 2, 1, 2, 3, 3, 1, 3, 3, 3, 1, 3]], "output": [[3, 1, 1, 1, 1, 1, 1, 1, 3], [1, 3, 3, 3, 1, 3, 3, 3, 1], [1, 3, 2, 3, 1, 3, 3, 3, 1], [1, 3, 3, 3, 1, 3, 3, 2, 1], [1, 1, 1, 1, 1, 1, 1, 1, 1], [1, 3, 3, 3, 1, 3, 3, 3, 1], [1, 3, 3, 3, 1, 3, 3, 3, 1], [1, 3, 3, 3, 1, 2, 3, 3, 1], [3, 1, 1, 1, 1, 1, 1, 1, 3]]}, {"input": [[8, 1, 8, 8, 2, 8, 8, 1, 8, 2, 8, 8, 8, 1, 2, 8, 8, 8, 8, 2, 8, 1], [8, 8, 8, 8, 2, 8, 8, 1, 8, 2, 8, 8, 8, 1, 2, 8, 8, 8, 8, 2, 1, 8], [8, 1, 1, 8, 2, 8, 1, 8, 8, 2, 8, 8, 8, 8, 2, 8, 8, 8, 8, 2, 8, 8], [8, 8, 8, 8, 2, 8, 8, 8, 8, 2, 8, 8, 8, 8, 2, 8, 8, 8, 8, 2, 8, 8], [2, 2, 2, 2, 8, 2, 2, 2, 2, 2, 2, 2, 2, 2, 8, 2, 2, 2, 2, 2, 2, 2], [8, 8, 8, 8, 2, 8, 8, 1, 1, 2, 8, 8, 8, 8, 2, 1, 8, 8, 8, 2, 8, 8], [1, 1, 8, 1, 2, 8, 8, 8, 1, 2, 8, 8, 8, 8, 2, 8, 8, 8, 8, 2, 8, 8], [8, 8, 1, 8, 2, 8, 8, 8, 8, 2, 8, 8, 1, 8, 2, 8, 8, 1, 8, 2, 8, 8], [8, 8, 8, 8, 2, 8, 1, 8, 1, 2, 8, 8, 8, 8, 2, 8, 1, 8, 8, 2, 8, 8], [2, 2, 2, 2, 8, 2, 2, 2, 2, 2, 2, 2, 2, 2, 8, 2, 2, 2, 2, 2, 2, 2], [1, 1, 8, 8, 2, 8, 8, 8, 8, 2, 1, 8, 8, 8, 2, 8, 8, 8, 8, 2, 8, 8], [8, 8, 8, 8, 2, 8, 8, 8, 8, 2, 8, 8, 8, 8, 2, 8, 8, 8, 8, 2, 8, 8], [8, 8, 8, 8, 2, 8, 8, 8, 8, 2, 8, 8, 8, 8, 2, 8, 1, 8, 8, 2, 1, 8], [8, 8, 8, 8, 2, 8, 8, 8, 8, 2, 8, 8, 8, 8, 2, 8, 8, 8, 8, 2, 8, 1], [2, 2, 2, 2, 2, 2, 2, 2, 2, 2, 2, 2, 2, 2, 2, 2, 2, 2, 2, 2, 2, 2], [8, 8, 8, 8, 2, 8, 8, 8, 8, 2, 8, 8, 8, 1, 2, 1, 8, 8, 1, 2, 1, 8], [1, 8, 8, 8, 2, 8, 8, 8, 8, 2, 8, 8, 8, 8, 2, 8, 8, 8, 8, 2, 8, 8], [1, 8, 1, 8, 2, 8, 8, 8, 8, 2, 8, 8, 8, 8, 2, 8, 8, 8, 8, 2, 8, 8]], "output": [[8, 2, 2, 2, 2, 2, 2, 2, 2, 2, 8], [2, 8, 8, 1, 1, 2, 8, 8, 8, 8, 2], [2, 8, 8, 8, 1, 2, 8, 8, 8, 8, 2], [2, 8, 8, 8, 8, 2, 8, 8, 1, 8, 2], [2, 8, 1, 8, 1, 2, 8, 8, 8, 8, 2], [8, 2, 2, 2, 2, 2, 2, 2, 2, 2, 8]]}], "test": [{"input": [[4, 4, 4, 7, 2, 4, 4, 4, 4, 2, 7, 4, 4, 4, 2, 4, 4, 4, 4, 2], [4, 4, 4, 4, 2, 4, 4, 4, 4, 2, 7, 4, 7, 4, 2, 4, 4, 4, 4, 2], [4, 4, 4, 4, 2, 4, 4, 7, 4, 2, 4, 4, 7, 4, 2, 4, 4, 7, 4, 2], [4, 4, 4, 7, 2, 4, 4, 4, 4, 2, 7, 4, 7, 4, 2, 7, 4, 4, 7, 2], [2, 2, 2, 2, 4, 2, 2, 2, 2, 4, 2, 2, 2, 2, 2, 2, 2, 2, 2, 2], [4, 7, 4, 4, 2, 4, 4, 4, 4, 2, 4, 4, 4, 7, 2, 4, 4, 4, 4, 2], [4, 4, 4, 4, 2, 7, 7, 4, 4, 2, 4, 4, 4, 4, 2, 4, 7, 4, 7, 2], [4, 4, 7, 4, 2, 4, 7, 4, 4, 2, 4, 7, 4, 4, 2, 7, 4, 4, 4, 2], [4, 4, 7, 4, 2, 4, 4, 4, 7, 2, 4, 4, 4, 4, 2, 4, 7, 4, 4, 2], [2, 2, 2, 2, 2, 2, 2, 2, 2, 2, 2, 2, 2, 2, 2, 2, 2, 2, 2, 2], [4, 4, 4, 4, 2, 7, 4, 4, 4, 2, 4, 7, 4, 4, 2, 7, 4, 7, 7, 2], [4, 4, 4, 4, 2, 4, 4, 4, 4, 2, 4, 4, 4, 4, 2, 4, 7, 4, 4, 2], [4, 4, 7, 4, 2, 4, 4, 4, 4, 2, 4, 4, 4, 7, 2, 4, 4, 7, 4, 2], [4, 4, 7, 4, 2, 4, 4, 4, 4, 2, 4, 7, 7, 4, 2, 4, 7, 4, 4, 2], [2, 2, 2, 2, 4, 2, 2, 2, 2, 4, 2, 2, 2, 2, 2, 2, 2, 2, 2, 2], [4, 4, 4, 4, 2, 4, 4, 4, 4, 2, 7, 4, 4, 4, 2, 4, 4, 4, 7, 2], [4, 4, 4, 4, 2, 4, 4, 4, 4, 2, 7, 4, 4, 4, 2, 7, 4, 4, 7, 2], [4, 4, 4, 7, 2, 7, 4, 7, 4, 2, 7, 4, 4, 4, 2, 4, 4, 4, 7, 2], [4, 4, 4, 4, 2, 7, 4, 4, 4, 2, 4, 4, 7, 4, 2, 4, 7, 4, 4, 2]], "output": [[4, 2, 2, 2, 2, 4], [2, 4, 4, 4, 4, 2], [2, 7, 7, 4, 4, 2], [2, 4, 7, 4, 4, 2], [2, 4, 4, 4, 7, 2], [2, 2, 2, 2, 2, 2], [2, 7, 4, 4, 4, 2], [2, 4, 4, 4, 4, 2], [2, 4, 4, 4, 4, 2], [2, 4, 4, 4, 4, 2], [4, 2, 2, 2, 2, 4]]}]}