{"train": [{"input": [[7, 7, 0, 0, 1, 4, 4, 0, 4], [7, 0, 7, 0, 1, 4, 0, 0, 0], [7, 0, 0, 7, 1, 4, 4, 4, 0], [7, 0, 7, 7, 1, 4, 0, 4, 4], [1, 1, 1, 1, 1, 1, 1, 1, 1], [0, 0, 8, 0, 1, 0, 0, 0, 0], [0, 0, 8, 0, 1, 6, 6, 0, 0], [0, 0, 8, 0, 1, 0, 6, 6, 6], [0, 8, 0, 8, 1, 0, 6, 6, 0]], "output": [[7, 7, 8, 4], [7, 6, 7, 0], [7, 4, 4, 7], [7, 8, 7, 7]]}, {"input": [[7, 7, 7, 0, 1, 0, 4, 0, 0], [7, 0, 7, 0, 1, 4, 0, 4, 4], [0, 7, 0, 7, 1, 4, 0, 4, 4], [0, 0, 0, 7, 1, 0, 0, 0, 0], [1, 1, 1, 1, 1, 1, 1, 1, 1], [0, 0, 8, 0, 1, 6, 0, 0, 6], [0, 0, 0, 0, 1, 6, 0, 0, 0], [0, 0, 0, 0, 1, 6, 6, 0, 6], [8, 8, 8, 0, 1, 6, 0, 6, 6]], "output": [[7, 7, 7, 6], [7, 0, 7, 4], [4, 7, 4, 7], [8, 8, 8, 7]]}, {"input": [[0, 0, 7, 7, 1, 0, 4, 4, 0], [0, 0, 0, 7, 1, 0, 0, 4, 4], [7, 7, 7, 7, 1, 0, 0, 0, 4], [0, 7, 0, 0, 1, 0, 4, 4, 0], [1, 1, 1, 1, 1, 1, 1, 1, 1], [0, 0, 8, 8, 1, 0, 6, 6, 6], [0, 0, 0, 0, 1, 0, 0, 6, 0], [0, 0, 0, 8, 1, 6, 0, 6, 0], [8, 0, 0, 0, 1, 6, 6, 0, 0]], "output": [[0, 4, 7, 7], [0, 0, 4, 7], [7, 7, 7, 7], [8, 7, 4, 0]]}, {"input": [[7, 7, 0, 0, 1, 0, 0, 0, 4], [7, 0, 0, 0, 1, 4, 4, 4, 4], [7, 0, 7, 0, 1, 4, 0, 0, 0], [0, 7, 7, 0, 1, 4, 4, 4, 0], [1, 1, 1, 1, 1, 1, 1, 1, 1], [8, 0, 8, 0, 1, 6, 6, 6, 6], [0, 0, 8, 8, 1, 0, 0, 6, 0], [0, 0, 0, 0, 1, 0, 6, 0, 6], [8, 8, 8, 8, 1, 0, 0, 0, 6]], "output": [[7, 7, 8, 4], [7, 4, 4, 4], [7, 6, 7, 6], [4, 7, 7, 8]]}, {"input": [[0, 7, 7, 7, 1, 0, 4, 0, 4], [7, 7, 7, 0, 1, 4, 4, 0, 0], [0, 0, 0, 0, 1, 0, 0, 0, 4], [7, 0, 0, 0, 1, 0, 0, 0, 0], [1, 1, 1, 1, 1, 1, 1, 1, 1], [0, 0, 0, 0, 1, 6, 6, 6, 0], [0, 0, 8, 8, 1, 0, 0, 0, 0], [8, 0, 8, 0, 1, 6, 0, 0, 6], [0, 0, 0, 8, 1, 0, 0, 0, 0]], "output": [[6, 7, 7, 7], [7, 7, 7, 8], [8, 0, 8, 4], [7, 0, 0, 8]]}, {"input": [[7, 0, 0, 7, 1, 4, 4, 4, 0], [0, 7, 7, 7, 1, 4, 4, 0, 4], [7, 7, 7, 0, 1, 4, 4, 0, 4], [7, 7, 7, 0, 1, 0, 4, 0, 0], [1, 1, 1, 1, 1, 1, 1, 1, 1], [8, 8, 0, 8, 1, 6, 6, 6, 6], [0, 8, 8, 8, 1, 0, 0, 0, 6], [0, 8, 0, 8, 1, 0, 0, 6, 0], [8, 8, 0, 8, 1, 0, 6, 0, 0]], "output": [[7, 4, 4, 7], [4, 7, 7, 7], [7, 7, 7, 4], [7, 7, 7, 8]]}], "test": [{"input": [[7, 7, 7, 0, 1, 0, 0, 4, 0], [0, 7, 7, 0, 1, 4, 4, 0, 4], [7, 7, 7, 7, 1, 0, 4, 0, 4], [7, 0, 0, 0, 1, 4, 0, 4, 0], [1, 1, 1, 1, 1, 1, 1, 1, 1], [0, 0, 0, 8, 1, 0, 6, 0, 6], [8, 0, 0, 8, 1, 6, 0, 0, 6], [8, 0, 8, 0, 1, 6, 6, 6, 6], [0, 8, 0, 8, 1, 0, 6, 0, 0]], "output": [[7, 7, 7, 8], [4, 7, 7, 4], [7, 7, 7, 7], [7, 8, 4, 8]]}]}