{"train": [{"input": [[0, 8, 0, 8, 8, 8], [8, 8, 8, 8, 8, 0], [8, 0, 8, 0, 8, 0], [0, 8, 8, 8, 0, 8], [8, 8, 0, 8, 8, 0], [8, 8, 0, 0, 0, 8]], "output": [[0, 2, 0, 5, 5, 2], [2, 2, 5, 2, 2, 0], [5, 0, 2, 0, 5, 0], [0, 5, 2, 5, 0, 5], [2, 2, 0, 2, 2, 0], [5, 2, 0, 0, 0, 2]]}, {"input": [[8, 8, 0, 8, 8, 0], [8, 0, 8, 8, 8, 0], [0, 0, 8, 8, 8, 8], [0, 8, 0, 0, 8, 8], [8, 8, 0, 8, 0, 8], [8, 0, 0, 8, 0, 8]], "output": [[2, 5, 0, 2, 5, 0], [2, 0, 5, 2, 5, 0], [0, 0, 5, 5, 2, 2], [0, 5, 0, 0, 2, 2], [2, 5, 0, 2, 0, 5], [2, 0, 0, 2, 0, 5]]}, {"input": [[0, 8, 8, 0, 0, 8], [8, 8, 8, 0, 0, 0], [8, 8, 8, 0, 8, 0], [8, 0, 8, 8, 0, 8], [8, 8, 0, 0, 0, 0], [8, 8, 8, 8, 8, 0]], "output": [[0, 2, 2, 0, 0, 5], [2, 2, 5, 0, 0, 0], [2, 5, 2, 0, 5, 0], [2, 0, 2, 5, 0, 5], [2, 2, 0, 0, 0, 0], [5, 2, 2, 5, 5, 0]]}, {"input": [[8, 8, 8, 0, 0, 0], [0, 0, 8, 8, 0, 8], [0, 8, 0, 0, 0, 0], [8, 8, 0, 0, 8, 8], [8, 0, 8, 8, 8, 8], [0, 0, 0, 0, 8, 8]], "output": [[5, 5, 5, 0, 0, 0], [0, 0, 2, 2, 0, 2], [0, 2, 0, 0, 0, 0], [5, 2, 0, 0, 5, 5], [5, 0, 2, 2, 5, 2], [0, 0, 0, 0, 5, 5]]}], "test": [{"input": [[0, 0, 0, 8, 0, 8], [8, 8, 8, 0, 8, 8], [8, 8, 8, 8, 0, 8], [8, 0, 0, 0, 8, 8], [0, 8, 0, 0, 0, 8], [8, 8, 8, 0, 8, 8]], "output": [[0, 0, 0, 5, 0, 2], [5, 2, 5, 0, 5, 2], [2, 5, 5, 5, 0, 2], [2, 0, 0, 0, 5, 2], [0, 2, 0, 0, 0, 2], [5, 5, 5, 0, 5, 2]]}]}