{"train": [{"input": [[3, 0, 0, 4, 0, 4, 2, 0, 0, 8, 0, 0, 1, 0, 0], [0, 3, 3, 4, 4, 4, 0, 2, 2, 0, 8, 8, 0, 1, 1], [0, 3, 0, 4, 0, 4, 0, 2, 0, 0, 8, 0, 0, 1, 0]], "output": [[4, 0, 4], [4, 4, 4], [4, 0, 4]]}, {"input": [[2, 0, 0, 3, 0, 0, 7, 0, 7, 1, 0, 0], [2, 0, 0, 3, 0, 0, 0, 7, 0, 1, 0, 0], [0, 2, 2, 0, 3, 3, 7, 0, 7, 0, 1, 1]], "output": [[7, 0, 7], [0, 7, 0], [7, 0, 7]]}, {"input": [[0, 7, 7], [7, 7, 0], [7, 0, 7], [3, 0, 0], [0, 3, 3], [3, 0, 0], [2, 0, 0], [0, 2, 2], [2, 0, 0], [8, 0, 0], [0, 8, 8], [8, 0, 0]], "output": [[0, 7, 7], [7, 7, 0], [7, 0, 7]]}, {"input": [[6, 0, 6], [0, 6, 6], [6, 0, 6], [4, 0, 4], [0, 4, 4], [4, 0, 4], [8, 8, 8], [8, 0, 8], [8, 8, 8]], "output": [[8, 8, 8], [8, 0, 8], [8, 8, 8]]}], "test": [{"input": [[0, 5, 0], [5, 0, 5], [0, 5, 0], [0, 3, 0], [3, 0, 3], [0, 3, 0], [6, 0, 6], [6, 6, 0], [6, 0, 6], [0, 4, 0], [4, 0, 4], [0, 4, 0], [0, 8, 0], [8, 0, 8], [0, 8, 0]], "output": [[6, 0, 6], [6, 6, 0], [6, 0, 6]]}]}