{"train": [{"input": [[0, 8, 0, 0, 0, 0, 0, 0, 0, 8, 0, 0], [8, 0, 8, 0, 0, 0, 0, 0, 8, 0, 8, 0], [0, 0, 0, 8, 0, 0, 0, 8, 0, 0, 0, 8], [0, 0, 0, 0, 8, 0, 8, 0, 0, 0, 0, 0], [0, 0, 0, 0, 0, 8, 0, 0, 0, 0, 0, 0]], "output": [[0, 8, 2, 2, 2, 2, 2, 2, 2, 8, 0, 0], [8, 2, 8, 2, 2, 2, 2, 2, 8, 2, 8, 0], [0, 0, 0, 8, 2, 2, 2, 8, 2, 2, 2, 8], [0, 0, 0, 0, 8, 2, 8, 0, 0, 0, 0, 0], [0, 0, 0, 0, 0, 8, 0, 0, 0, 0, 0, 0]]}, {"input": [[0, 4, 0, 0, 0, 4, 0, 0], [0, 0, 4, 0, 4, 0, 0, 0], [0, 0, 0, 4, 0, 0, 0, 0]], "output": [[0, 4, 2, 2, 2, 4, 0, 0], [0, 0, 4, 2, 4, 0, 0, 0], [0, 0, 0, 4, 0, 0, 0, 0]]}, {"input": [[1, 0, 0, 0, 0, 0, 0, 0], [0, 1, 0, 0, 0, 0, 0, 1], [0, 0, 1, 0, 0, 0, 1, 0], [0, 0, 0, 1, 0, 1, 0, 0], [0, 0, 0, 0, 1, 0, 0, 0]], "output": [[1, 0, 0, 0, 0, 0, 0, 0], [0, 1, 2, 2, 2, 2, 2, 1], [0, 0, 1, 2, 2, 2, 1, 0], [0, 0, 0, 1, 2, 1, 0, 0], [0, 0, 0, 0, 1, 0, 0, 0]]}, {"input": [[0, 0, 0, 3, 0, 0, 0, 0], [0, 0, 3, 0, 3, 0, 0, 0], [0, 3, 0, 0, 0, 3, 0, 0], [3, 0, 0, 0, 0, 0, 3, 0]], "output": [[0, 0, 0, 3, 0, 0, 0, 0], [0, 0, 3, 2, 3, 0, 0, 0], [0, 3, 2, 2, 2, 3, 0, 0], [3, 2, 2, 2, 2, 2, 3, 0]]}], "test": [{"input": [[0, 0, 6, 0, 0, 0, 0, 0, 6], [0, 6, 0, 6, 0, 0, 0, 6, 0], [6, 0, 0, 0, 6, 0, 6, 0, 0], [0, 0, 0, 0, 0, 6, 0, 0, 0]], "output": [[0, 0, 6, 2, 2, 2, 2, 2, 6], [0, 6, 2, 6, 2, 2, 2, 6, 0], [6, 2, 2, 2, 6, 2, 6, 0, 0], [0, 0, 0, 0, 0, 6, 0, 0, 0]]}]}