{"train": [{"input": [[6, 6, 7, 7, 6, 6, 7, 7, 7], [7, 6, 7, 7, 7, 6, 6, 7, 7], [7, 7, 7, 6, 7, 7, 7, 7, 6], [7, 7, 6, 6, 6, 7, 6, 7, 6], [7, 6, 7, 6, 7, 7, 6, 7, 6], [7, 6, 7, 7, 7, 7, 7, 7, 7], [7, 6, 7, 7, 7, 7, 7, 6, 6], [7, 7, 7, 7, 6, 6, 6, 7, 6], [7, 7, 7, 7, 6, 6, 6, 7, 7]], "output": [[4, 4, 7, 7, 8, 8, 7, 7, 7], [7, 4, 7, 7, 7, 8, 8, 7, 7], [7, 7, 7, 3, 7, 7, 7, 7, 2], [7, 7, 3, 3, 3, 7, 9, 7, 2], [7, 2, 7, 3, 7, 7, 9, 7, 2], [7, 2, 7, 7, 7, 7, 7, 7, 7], [7, 2, 7, 7, 7, 7, 7, 4, 4], [7, 7, 7, 7, 5, 5, 5, 7, 4], [7, 7, 7, 7, 5, 5, 5, 7, 7]]}, {"input": [[7, 7, 7, 7, 7, 7, 7, 7, 7], [7, 6, 7, 7, 6, 7, 7, 7, 7], [6, 6, 6, 7, 6, 7, 6, 6, 7], [7, 6, 7, 7, 7, 7, 7, 6, 7], [7, 7, 7, 7, 7, 7, 7, 7, 7], [7, 7, 7, 7, 6, 6, 7, 7, 7], [7, 7, 7, 7, 7, 6, 6, 7, 6], [7, 6, 6, 6, 7, 7, 7, 7, 6], [7, 6, 6, 6, 7, 7, 7, 7, 6]], "output": [[7, 7, 7, 7, 7, 7, 7, 7, 7], [7, 3, 7, 7, 9, 7, 7, 7, 7], [3, 3, 3, 7, 9, 7, 4, 4, 7], [7, 3, 7, 7, 7, 7, 7, 4, 7], [7, 7, 7, 7, 7, 7, 7, 7, 7], [7, 7, 7, 7, 8, 8, 7, 7, 7], [7, 7, 7, 7, 7, 8, 8, 7, 2], [7, 5, 5, 5, 7, 7, 7, 7, 2], [7, 5, 5, 5, 7, 7, 7, 7, 2]]}], "test": [{"input": [[7, 6, 7, 7, 6, 6, 7, 7, 7], [6, 6, 6, 7, 7, 6, 6, 7, 7], [7, 6, 7, 7, 7, 7, 7, 7, 6], [7, 7, 7, 6, 6, 6, 7, 7, 6], [7, 7, 7, 6, 6, 6, 7, 7, 6], [7, 7, 7, 7, 7, 7, 7, 7, 7], [6, 6, 7, 7, 7, 7, 7, 6, 6], [7, 6, 7, 7, 7, 6, 7, 7, 6], [7, 7, 7, 7, 7, 6, 7, 7, 7]], "output": [[7, 3, 7, 7, 8, 8, 7, 7, 7], [3, 3, 3, 7, 7, 8, 8, 7, 7], [7, 3, 7, 7, 7, 7, 7, 7, 2], [7, 7, 7, 5, 5, 5, 7, 7, 2], [7, 7, 7, 5, 5, 5, 7, 7, 2], [7, 7, 7, 7, 7, 7, 7, 7, 7], [4, 4, 7, 7, 7, 7, 7, 4, 4], [7, 4, 7, 7, 7, 9, 7, 7, 4], [7, 7, 7, 7, 7, 9, 7, 7, 7]]}]}