{"train": [{"input": [[0, 0, 0, 0, 8, 8, 8, 0, 0], [8, 8, 8, 0, 8, 8, 8, 0, 0], [8, 8, 8, 0, 1, 8, 8, 0, 0], [8, 8, 8, 0, 0, 0, 0, 0, 0], [0, 0, 0, 0, 0, 0, 8, 1, 8], [8, 1, 8, 0, 0, 0, 1, 1, 8], [8, 8, 1, 0, 0, 0, 1, 8, 1], [1, 8, 8, 0, 0, 0, 0, 0, 0], [0, 0, 0, 0, 0, 0, 0, 0, 0]], "output": [[8, 1, 8], [1, 1, 8], [1, 8, 1]]}, {"input": [[0, 8, 8, 1, 0, 0, 0, 0, 0], [0, 8, 1, 8, 0, 8, 1, 8, 0], [0, 8, 8, 8, 0, 1, 8, 8, 0], [0, 0, 0, 0, 0, 8, 8, 1, 0], [0, 0, 8, 1, 8, 0, 0, 0, 0], [0, 0, 1, 1, 8, 0, 0, 0, 0], [0, 0, 8, 8, 1, 0, 8, 8, 8], [0, 0, 0, 0, 0, 0, 8, 8, 8], [0, 0, 0, 0, 0, 0, 1, 8, 8]], "output": [[8, 1, 8], [1, 1, 8], [8, 8, 1]]}, {"input": [[0, 0, 1, 1, 8, 0, 0, 0, 0], [0, 0, 8, 8, 1, 0, 8, 1, 1], [0, 0, 1, 1, 8, 0, 1, 1, 1], [0, 0, 0, 0, 0, 0, 8, 1, 8], [8, 8, 8, 0, 0, 0, 0, 0, 0], [8, 8, 1, 0, 8, 1, 8, 0, 0], [1, 8, 8, 0, 1, 8, 8, 0, 0], [0, 0, 0, 0, 8, 8, 1, 0, 0], [0, 0, 0, 0, 0, 0, 0, 0, 0]], "output": [[8, 1, 1], [1, 1, 1], [8, 1, 8]]}, {"input": [[8, 8, 8, 0, 0, 0, 0, 0, 0], [1, 8, 8, 0, 8, 1, 8, 0, 0], [8, 8, 8, 0, 1, 1, 8, 0, 0], [0, 0, 0, 0, 8, 8, 8, 0, 0], [0, 8, 8, 1, 0, 0, 0, 0, 0], [0, 8, 8, 8, 0, 0, 8, 1, 8], [0, 8, 1, 8, 0, 0, 1, 8, 1], [0, 0, 0, 0, 0, 0, 1, 8, 1], [0, 0, 0, 0, 0, 0, 0, 0, 0]], "output": [[8, 1, 8], [1, 8, 1], [1, 8, 1]]}], "test": [{"input": [[8, 8, 8, 0, 0, 0, 8, 1, 8], [8, 8, 8, 0, 0, 0, 1, 8, 1], [1, 8, 8, 0, 0, 0, 8, 1, 8], [0, 0, 0, 8, 1, 8, 0, 0, 0], [0, 0, 0, 8, 8, 1, 0, 0, 0], [0, 0, 0, 1, 8, 8, 0, 0, 0], [0, 0, 0, 0, 0, 0, 1, 1, 8], [0, 0, 0, 0, 0, 0, 8, 1, 1], [0, 0, 0, 0, 0, 0, 1, 1, 8]], "output": [[1, 1, 8], [8, 1, 1], [1, 1, 8]]}]}