{"train": [{"input": [[2, 2, 0, 0], [0, 2, 0, 0], [2, 2, 0, 2], [0, 0, 0, 0], [0, 2, 2, 2]], "output": [[2, 2, 0, 0], [0, 2, 0, 0], [2, 2, 0, 1], [0, 0, 0, 0], [0, 2, 2, 2]]}, {"input": [[2, 2, 2, 0], [0, 2, 0, 0], [0, 0, 0, 2], [0, 2, 0, 0]], "output": [[2, 2, 2, 0], [0, 2, 0, 0], [0, 0, 0, 1], [0, 1, 0, 0]]}, {"input": [[2, 2, 0], [2, 0, 2], [0, 2, 0]], "output": [[2, 2, 0], [2, 0, 1], [0, 1, 0]]}, {"input": [[0, 2, 2], [0, 2, 2], [2, 0, 0]], "output": [[0, 2, 2], [0, 2, 2], [1, 0, 0]]}], "test": [{"input": [[2, 2, 0, 2], [0, 2, 0, 0], [0, 0, 2, 0], [2, 0, 0, 0], [0, 0, 2, 2]], "output": [[2, 2, 0, 1], [0, 2, 0, 0], [0, 0, 1, 0], [1, 0, 0, 0], [0, 0, 2, 2]]}]}