{"train": [{"input": [[7, 5, 7, 2, 7], [7, 7, 7, 7, 7], [7, 7, 7, 7, 7]], "output": [[7, 5, 7, 2, 7], [7, 7, 2, 7, 7], [7, 7, 7, 7, 7]]}, {"input": [[7, 2, 7, 2, 7], [7, 7, 7, 7, 7], [7, 7, 7, 7, 7]], "output": [[7, 2, 7, 2, 7], [7, 7, 5, 7, 7], [7, 7, 7, 7, 7]]}, {"input": [[2, 5, 2, 5, 2], [7, 7, 7, 7, 7], [7, 7, 7, 7, 7]], "output": [[2, 5, 2, 5, 2], [7, 5, 2, 5, 7], [7, 7, 2, 7, 7]]}, {"input": [[7, 2, 7, 5, 7], [7, 7, 7, 7, 7], [7, 7, 7, 7, 7]], "output": [[7, 2, 7, 5, 7], [7, 7, 5, 7, 7], [7, 7, 7, 7, 7]]}, {"input": [[5, 5, 2, 2, 5, 5, 5, 2, 2], [7, 7, 7, 7, 7, 7, 7, 7, 7], [7, 7, 7, 7, 7, 7, 7, 7, 7], [7, 7, 7, 7, 7, 7, 7, 7, 7], [7, 7, 7, 7, 7, 7, 7, 7, 7]], "output": [[5, 5, 2, 2, 5, 5, 5, 2, 2], [7, 2, 2, 5, 5, 2, 2, 2, 7], [7, 7, 5, 5, 2, 2, 5, 7, 7], [7, 7, 7, 2, 2, 5, 7, 7, 7], [7, 7, 7, 7, 5, 7, 7, 7, 7]]}, {"input": [[7, 5, 7, 5, 7], [7, 7, 7, 7, 7], [7, 7, 7, 7, 7]], "output": [[7, 5, 7, 5, 7], [7, 7, 2, 7, 7], [7, 7, 7, 7, 7]]}, {"input": [[5, 2, 5, 5, 5, 5, 2], [7, 7, 7, 7, 7, 7, 7], [7, 7, 7, 7, 7, 7, 7], [7, 7, 7, 7, 7, 7, 7]], "output": [[5, 2, 5, 5, 5, 5, 2], [7, 2, 5, 2, 2, 2, 7], [7, 7, 5, 2, 5, 7, 7], [7, 7, 7, 2, 7, 7, 7]]}], "test": [{"input": [[5, 5, 5, 5, 5, 5, 5, 5, 5, 5, 5, 7], [7, 7, 7, 7, 7, 7, 7, 7, 7, 7, 7, 7], [7, 7, 7, 7, 7, 7, 7, 7, 7, 7, 7, 7], [7, 7, 7, 7, 7, 7, 7, 7, 7, 7, 7, 7], [7, 7, 7, 7, 7, 7, 7, 7, 7, 7, 7, 7], [7, 7, 7, 7, 7, 7, 7, 7, 7, 7, 7, 7]], "output": [[5, 5, 5, 5, 5, 5, 5, 5, 5, 5, 5, 7], [7, 2, 2, 2, 2, 2, 2, 2, 2, 2, 7, 7], [7, 7, 5, 5, 5, 5, 5, 5, 5, 7, 7, 7], [7, 7, 7, 2, 2, 2, 2, 2, 7, 7, 7, 7], [7, 7, 7, 7, 5, 5, 5, 7, 7, 7, 7, 7], [7, 7, 7, 7, 7, 2, 7, 7, 7, 7, 7, 7]]}]}