{"train": [{"input": [[9, 9, 9, 9, 9, 9, 9, 9, 9, 9, 9, 9, 9, 9], [9, 0, 0, 0, 0, 0, 0, 0, 0, 0, 9, 9, 9, 9], [9, 0, 0, 0, 7, 7, 7, 7, 7, 7, 7, 7, 7, 9], [9, 0, 4, 4, 8, 7, 7, 7, 7, 7, 7, 8, 7, 9], [9, 0, 4, 8, 8, 8, 0, 0, 0, 0, 8, 8, 8, 9], [9, 0, 4, 4, 8, 4, 1, 1, 1, 1, 1, 8, 1, 9], [9, 0, 4, 4, 4, 4, 1, 1, 1, 1, 1, 1, 1, 9], [9, 0, 0, 0, 1, 1, 1, 1, 1, 1, 1, 1, 1, 9], [9, 0, 0, 0, 1, 1, 1, 1, 1, 1, 1, 1, 1, 9], [9, 0, 0, 0, 1, 8, 1, 1, 1, 1, 1, 1, 1, 9], [9, 0, 0, 0, 8, 8, 8, 0, 0, 0, 9, 9, 9, 9], [9, 0, 0, 0, 0, 8, 0, 0, 0, 0, 9, 9, 9, 9], [9, 0, 0, 0, 6, 6, 6, 6, 6, 6, 6, 6, 9, 9], [9, 0, 0, 0, 6, 6, 6, 6, 6, 6, 6, 6, 9, 9], [9, 0, 0, 0, 6, 6, 6, 6, 6, 8, 6, 6, 9, 9], [9, 9, 8, 9, 6, 6, 6, 6, 8, 8, 8, 6, 9, 9], [9, 8, 8, 8, 9, 9, 9, 9, 9, 8, 9, 9, 9, 9], [9, 9, 8, 9, 9, 9, 9, 9, 9, 9, 9, 9, 9, 9]], "output": [[9, 9, 9, 9, 9, 9, 9, 9, 9, 9, 9, 9, 9, 9], [9, 0, 0, 0, 0, 0, 0, 0, 0, 0, 9, 9, 9, 9], [9, 0, 0, 0, 7, 7, 7, 7, 7, 7, 7, 7, 7, 9], [9, 0, 4, 4, 7, 7, 7, 7, 7, 7, 7, 7, 7, 9], [9, 0, 4, 4, 4, 4, 0, 0, 0, 0, 9, 9, 9, 9], [9, 0, 4, 4, 4, 4, 1, 1, 1, 1, 1, 1, 1, 9], [9, 0, 4, 4, 4, 4, 1, 1, 1, 1, 1, 1, 1, 9], [9, 0, 0, 0, 1, 1, 1, 1, 1, 1, 1, 1, 1, 9], [9, 0, 0, 0, 1, 1, 1, 1, 1, 1, 1, 1, 1, 9], [9, 0, 0, 0, 1, 1, 1, 1, 1, 1, 1, 1, 1, 9], [9, 0, 0, 0, 0, 0, 0, 0, 0, 0, 9, 9, 9, 9], [9, 0, 0, 0, 0, 0, 0, 0, 0, 0, 9, 9, 9, 9], [9, 0, 0, 0, 6, 6, 6, 6, 6, 6, 6, 6, 9, 9], [9, 0, 0, 0, 6, 6, 6, 6, 6, 6, 6, 6, 9, 9], [9, 0, 0, 0, 6, 6, 6, 6, 6, 6, 6, 6, 9, 9], [9, 9, 9, 9, 6, 6, 6, 6, 6, 6, 6, 6, 9, 9], [9, 9, 9, 9, 9, 9, 9, 9, 9, 9, 9, 9, 9, 9], [9, 9, 9, 9, 9, 9, 9, 9, 9, 9, 9, 9, 9, 9]]}, {"input": [[5, 6, 6, 6, 6, 6, 6, 6, 6, 5, 5, 5, 5, 5], [5, 6, 6, 6, 6, 6, 6, 6, 6, 5, 5, 7, 7, 5], [5, 6, 6, 6, 6, 6, 4, 4, 4, 4, 4, 4, 7, 5], [5, 6, 6, 6, 6, 6, 6, 6, 8, 5, 5, 7, 7, 5], [5, 6, 6, 6, 6, 6, 6, 8, 8, 8, 5, 7, 7, 5], [5, 6, 6, 6, 3, 3, 3, 3, 8, 3, 3, 3, 7, 5], [5, 6, 6, 6, 8, 3, 3, 3, 3, 3, 3, 3, 7, 5], [5, 5, 5, 8, 8, 8, 3, 3, 3, 3, 3, 3, 7, 5], [5, 5, 5, 5, 8, 5, 5, 5, 5, 5, 5, 7, 7, 5], [5, 5, 5, 5, 5, 5, 5, 5, 5, 5, 5, 5, 5, 5]], "output": [[5, 6, 6, 6, 6, 6, 6, 6, 6, 5, 5, 5, 5, 5], [5, 6, 6, 6, 6, 6, 6, 6, 6, 5, 5, 7, 7, 5], [5, 6, 6, 6, 6, 6, 4, 4, 4, 4, 4, 4, 7, 5], [5, 6, 6, 6, 6, 6, 6, 6, 6, 5, 5, 7, 7, 5], [5, 6, 6, 6, 6, 6, 6, 6, 6, 5, 5, 7, 7, 5], [5, 6, 6, 6, 3, 3, 3, 3, 3, 3, 3, 3, 7, 5], [5, 6, 6, 6, 3, 3, 3, 3, 3, 3, 3, 3, 7, 5], [5, 5, 5, 5, 3, 3, 3, 3, 3, 3, 3, 3, 7, 5], [5, 5, 5, 5, 5, 5, 5, 5, 5, 5, 5, 7, 7, 5], [5, 5, 5, 5, 5, 5, 5, 5, 5, 5, 5, 5, 5, 5]]}, {"input": [[4, 4, 4, 4, 4, 4, 4, 4], [4, 3, 3, 3, 4, 4, 4, 4], [4, 3, 3, 3, 4, 2, 2, 4], [4, 3, 3, 3, 4, 8, 2, 4], [4, 3, 3, 3, 8, 8, 8, 4], [4, 3, 3, 3, 4, 8, 2, 4], [4, 3, 3, 3, 4, 2, 2, 4], [4, 4, 4, 4, 4, 2, 2, 4], [4, 4, 4, 4, 4, 2, 2, 4], [4, 4, 4, 4, 4, 4, 4, 4]], "output": [[4, 4, 4, 4, 4, 4, 4, 4], [4, 3, 3, 3, 4, 4, 4, 4], [4, 3, 3, 3, 4, 2, 2, 4], [4, 3, 3, 3, 4, 2, 2, 4], [4, 3, 3, 3, 4, 2, 2, 4], [4, 3, 3, 3, 4, 2, 2, 4], [4, 3, 3, 3, 4, 2, 2, 4], [4, 4, 4, 4, 4, 2, 2, 4], [4, 4, 4, 4, 4, 2, 2, 4], [4, 4, 4, 4, 4, 4, 4, 4]]}], "test": [{"input": [[1, 1, 1, 1, 1, 1, 1, 1, 1, 1, 1, 1, 1, 1, 1, 1, 8, 1, 1, 1, 1, 1], [1, 1, 2, 2, 2, 2, 2, 2, 2, 2, 2, 2, 2, 2, 2, 8, 8, 8, 2, 2, 2, 1], [1, 1, 2, 2, 6, 6, 6, 6, 6, 6, 2, 2, 2, 2, 2, 3, 8, 3, 3, 3, 2, 1], [1, 1, 2, 2, 6, 6, 6, 6, 6, 6, 2, 2, 2, 2, 2, 3, 3, 3, 3, 3, 2, 1], [1, 1, 2, 2, 6, 6, 6, 6, 6, 6, 2, 2, 2, 2, 2, 3, 3, 3, 3, 3, 2, 1], [1, 1, 1, 1, 6, 6, 8, 6, 6, 6, 1, 1, 1, 1, 1, 3, 3, 3, 3, 3, 1, 1], [1, 1, 1, 1, 6, 8, 8, 8, 6, 6, 1, 1, 1, 1, 1, 3, 3, 3, 3, 3, 1, 1], [1, 1, 1, 1, 6, 6, 8, 6, 6, 6, 1, 1, 1, 1, 1, 3, 3, 3, 3, 3, 1, 1], [1, 1, 1, 1, 6, 6, 6, 6, 6, 6, 1, 1, 1, 1, 1, 3, 3, 3, 8, 3, 1, 1], [1, 1, 4, 4, 6, 6, 6, 6, 6, 6, 4, 4, 4, 4, 4, 4, 4, 8, 8, 8, 1, 1], [1, 1, 4, 4, 6, 6, 6, 6, 6, 6, 4, 9, 9, 9, 4, 4, 4, 4, 8, 3, 1, 1], [1, 1, 4, 4, 6, 6, 6, 6, 6, 6, 4, 9, 9, 9, 4, 4, 4, 4, 4, 3, 1, 1], [1, 1, 4, 4, 6, 6, 6, 6, 6, 6, 8, 9, 9, 9, 4, 4, 4, 4, 4, 3, 1, 1], [1, 1, 4, 4, 6, 6, 6, 6, 6, 8, 8, 8, 9, 9, 4, 4, 4, 4, 4, 3, 1, 1], [1, 1, 1, 1, 6, 6, 6, 6, 6, 6, 8, 9, 9, 9, 1, 3, 3, 3, 3, 3, 1, 1], [1, 1, 1, 1, 6, 6, 6, 6, 6, 6, 1, 9, 9, 9, 1, 3, 3, 3, 3, 3, 1, 1], [1, 1, 1, 1, 6, 6, 6, 6, 6, 6, 1, 9, 9, 9, 1, 3, 3, 3, 3, 3, 1, 1], [1, 1, 1, 1, 6, 6, 6, 6, 6, 6, 1, 9, 9, 9, 8, 3, 3, 3, 3, 3, 1, 1], [1, 1, 1, 1, 6, 6, 6, 6, 6, 6, 1, 9, 9, 8, 8, 8, 3, 3, 3, 3, 1, 1], [1, 1, 1, 1, 6, 6, 7, 7, 7, 7, 7, 9, 9, 9, 8, 7, 7, 7, 3, 3, 1, 1], [1, 1, 1, 1, 6, 6, 8, 7, 7, 7, 7, 9, 9, 9, 7, 7, 7, 7, 3, 3, 1, 1], [1, 1, 1, 1, 6, 8, 8, 8, 7, 7, 7, 9, 9, 9, 7, 7, 7, 7, 3, 3, 1, 1], [1, 1, 1, 1, 1, 1, 8, 7, 7, 7, 7, 9, 9, 9, 7, 7, 7, 7, 1, 1, 1, 1], [1, 1, 1, 1, 1, 1, 7, 7, 7, 7, 7, 7, 7, 7, 7, 7, 7, 7, 1, 1, 1, 1], [1, 1, 1, 1, 1, 1, 7, 7, 7, 7, 7, 7, 7, 7, 7, 7, 7, 7, 1, 1, 1, 1], [1, 1, 1, 1, 1, 1, 1, 1, 1, 1, 1, 1, 1, 1, 1, 1, 1, 1, 1, 1, 1, 1]], "output": [[1, 1, 1, 1, 1, 1, 1, 1, 1, 1, 1, 1, 1, 1, 1, 1, 1, 1, 1, 1, 1, 1], [1, 1, 2, 2, 2, 2, 2, 2, 2, 2, 2, 2, 2, 2, 2, 2, 2, 2, 2, 2, 2, 1], [1, 1, 2, 2, 6, 6, 6, 6, 6, 6, 2, 2, 2, 2, 2, 3, 3, 3, 3, 3, 2, 1], [1, 1, 2, 2, 6, 6, 6, 6, 6, 6, 2, 2, 2, 2, 2, 3, 3, 3, 3, 3, 2, 1], [1, 1, 2, 2, 6, 6, 6, 6, 6, 6, 2, 2, 2, 2, 2, 3, 3, 3, 3, 3, 2, 1], [1, 1, 1, 1, 6, 6, 6, 6, 6, 6, 1, 1, 1, 1, 1, 3, 3, 3, 3, 3, 1, 1], [1, 1, 1, 1, 6, 6, 6, 6, 6, 6, 1, 1, 1, 1, 1, 3, 3, 3, 3, 3, 1, 1], [1, 1, 1, 1, 6, 6, 6, 6, 6, 6, 1, 1, 1, 1, 1, 3, 3, 3, 3, 3, 1, 1], [1, 1, 1, 1, 6, 6, 6, 6, 6, 6, 1, 1, 1, 1, 1, 3, 3, 3, 3, 3, 1, 1], [1, 1, 4, 4, 6, 6, 6, 6, 6, 6, 4, 4, 4, 4, 4, 4, 4, 4, 4, 3, 1, 1], [1, 1, 4, 4, 6, 6, 6, 6, 6, 6, 4, 9, 9, 9, 4, 4, 4, 4, 4, 3, 1, 1], [1, 1, 4, 4, 6, 6, 6, 6, 6, 6, 4, 9, 9, 9, 4, 4, 4, 4, 4, 3, 1, 1], [1, 1, 4, 4, 6, 6, 6, 6, 6, 6, 4, 9, 9, 9, 4, 4, 4, 4, 4, 3, 1, 1], [1, 1, 4, 4, 6, 6, 6, 6, 6, 6, 4, 9, 9, 9, 4, 4, 4, 4, 4, 3, 1, 1], [1, 1, 1, 1, 6, 6, 6, 6, 6, 6, 1, 9, 9, 9, 1, 3, 3, 3, 3, 3, 1, 1], [1, 1, 1, 1, 6, 6, 6, 6, 6, 6, 1, 9, 9, 9, 1, 3, 3, 3, 3, 3, 1, 1], [1, 1, 1, 1, 6, 6, 6, 6, 6, 6, 1, 9, 9, 9, 1, 3, 3, 3, 3, 3, 1, 1], [1, 1, 1, 1, 6, 6, 6, 6, 6, 6, 1, 9, 9, 9, 1, 3, 3, 3, 3, 3, 1, 1], [1, 1, 1, 1, 6, 6, 6, 6, 6, 6, 1, 9, 9, 9, 1, 3, 3, 3, 3, 3, 1, 1], [1, 1, 1, 1, 6, 6, 7, 7, 7, 7, 7, 9, 9, 9, 7, 7, 7, 7, 3, 3, 1, 1], [1, 1, 1, 1, 6, 6, 7, 7, 7, 7, 7, 9, 9, 9, 7, 7, 7, 7, 3, 3, 1, 1], [1, 1, 1, 1, 6, 6, 7, 7, 7, 7, 7, 9, 9, 9, 7, 7, 7, 7, 3, 3, 1, 1], [1, 1, 1, 1, 1, 1, 7, 7, 7, 7, 7, 9, 9, 9, 7, 7, 7, 7, 1, 1, 1, 1], [1, 1, 1, 1, 1, 1, 7, 7, 7, 7, 7, 7, 7, 7, 7, 7, 7, 7, 1, 1, 1, 1], [1, 1, 1, 1, 1, 1, 7, 7, 7, 7, 7, 7, 7, 7, 7, 7, 7, 7, 1, 1, 1, 1], [1, 1, 1, 1, 1, 1, 1, 1, 1, 1, 1, 1, 1, 1, 1, 1, 1, 1, 1, 1, 1, 1]]}, {"input": [[3, 3, 3, 3, 3, 3, 3, 3, 3, 3, 3, 3, 3, 3, 3, 3, 3, 3, 3, 3, 3, 3], [3, 3, 2, 2, 2, 2, 3, 3, 1, 1, 1, 1, 3, 8, 0, 0, 0, 0, 3, 3, 3, 3], [3, 3, 2, 2, 2, 8, 3, 3, 1, 1, 1, 1, 8, 8, 8, 0, 0, 0, 3, 3, 3, 3], [3, 3, 2, 7, 8, 8, 8, 7, 7, 7, 7, 7, 7, 8, 7, 7, 7, 7, 7, 7, 7, 3], [3, 3, 2, 7, 7, 8, 7, 7, 7, 7, 7, 7, 7, 7, 7, 7, 7, 7, 7, 7, 7, 3], [3, 3, 2, 7, 7, 7, 7, 7, 7, 7, 7, 7, 7, 7, 7, 7, 7, 7, 7, 7, 7, 3], [3, 3, 2, 7, 7, 7, 7, 7, 8, 7, 7, 7, 7, 7, 7, 7, 7, 7, 7, 7, 7, 3], [3, 3, 2, 7, 7, 7, 7, 8, 8, 8, 7, 7, 7, 7, 7, 7, 7, 7, 7, 7, 7, 3], [3, 3, 2, 2, 2, 2, 3, 3, 8, 1, 1, 1, 3, 3, 0, 0, 0, 0, 3, 3, 3, 3], [3, 3, 2, 2, 2, 2, 3, 3, 1, 1, 1, 1, 3, 3, 0, 0, 0, 0, 3, 3, 3, 3], [3, 3, 2, 2, 2, 2, 3, 3, 1, 1, 8, 1, 3, 3, 0, 0, 0, 0, 3, 3, 3, 3], [3, 3, 2, 9, 9, 9, 9, 9, 9, 8, 8, 8, 9, 9, 9, 9, 9, 9, 9, 9, 9, 3], [3, 3, 2, 9, 9, 9, 9, 9, 9, 9, 8, 9, 9, 9, 9, 9, 9, 9, 9, 9, 9, 3], [3, 3, 2, 9, 8, 9, 9, 9, 9, 9, 9, 9, 9, 9, 9, 9, 9, 8, 9, 9, 9, 3], [3, 3, 2, 8, 8, 8, 9, 9, 9, 9, 9, 9, 9, 9, 9, 9, 8, 8, 8, 9, 9, 3], [3, 3, 2, 2, 8, 2, 3, 3, 1, 1, 1, 1, 3, 3, 0, 0, 0, 8, 3, 3, 3, 3], [3, 3, 2, 2, 2, 2, 3, 3, 1, 1, 1, 1, 3, 3, 0, 0, 0, 0, 3, 3, 3, 3], [3, 3, 3, 3, 3, 3, 3, 3, 3, 3, 3, 3, 3, 3, 3, 3, 3, 3, 3, 3, 3, 3]], "output": [[3, 3, 3, 3, 3, 3, 3, 3, 3, 3, 3, 3, 3, 3, 3, 3, 3, 3, 3, 3, 3, 3], [3, 3, 2, 2, 2, 2, 3, 3, 1, 1, 1, 1, 3, 3, 0, 0, 0, 0, 3, 3, 3, 3], [3, 3, 2, 2, 2, 2, 3, 3, 1, 1, 1, 1, 3, 3, 0, 0, 0, 0, 3, 3, 3, 3], [3, 3, 2, 7, 7, 7, 7, 7, 7, 7, 7, 7, 7, 7, 7, 7, 7, 7, 7, 7, 7, 3], [3, 3, 2, 7, 7, 7, 7, 7, 7, 7, 7, 7, 7, 7, 7, 7, 7, 7, 7, 7, 7, 3], [3, 3, 2, 7, 7, 7, 7, 7, 7, 7, 7, 7, 7, 7, 7, 7, 7, 7, 7, 7, 7, 3], [3, 3, 2, 7, 7, 7, 7, 7, 7, 7, 7, 7, 7, 7, 7, 7, 7, 7, 7, 7, 7, 3], [3, 3, 2, 7, 7, 7, 7, 7, 7, 7, 7, 7, 7, 7, 7, 7, 7, 7, 7, 7, 7, 3], [3, 3, 2, 2, 2, 2, 3, 3, 1, 1, 1, 1, 3, 3, 0, 0, 0, 0, 3, 3, 3, 3], [3, 3, 2, 2, 2, 2, 3, 3, 1, 1, 1, 1, 3, 3, 0, 0, 0, 0, 3, 3, 3, 3], [3, 3, 2, 2, 2, 2, 3, 3, 1, 1, 1, 1, 3, 3, 0, 0, 0, 0, 3, 3, 3, 3], [3, 3, 2, 9, 9, 9, 9, 9, 9, 9, 9, 9, 9, 9, 9, 9, 9, 9, 9, 9, 9, 3], [3, 3, 2, 9, 9, 9, 9, 9, 9, 9, 9, 9, 9, 9, 9, 9, 9, 9, 9, 9, 9, 3], [3, 3, 2, 9, 9, 9, 9, 9, 9, 9, 9, 9, 9, 9, 9, 9, 9, 9, 9, 9, 9, 3], [3, 3, 2, 9, 9, 9, 9, 9, 9, 9, 9, 9, 9, 9, 9, 9, 9, 9, 9, 9, 9, 3], [3, 3, 2, 2, 2, 2, 3, 3, 1, 1, 1, 1, 3, 3, 0, 0, 0, 0, 3, 3, 3, 3], [3, 3, 2, 2, 2, 2, 3, 3, 1, 1, 1, 1, 3, 3, 0, 0, 0, 0, 3, 3, 3, 3], [3, 3, 3, 3, 3, 3, 3, 3, 3, 3, 3, 3, 3, 3, 3, 3, 3, 3, 3, 3, 3, 3]]}]}