{"train": [{"input": [[0, 0, 0, 0, 0], [0, 0, 0, 0, 0], [0, 0, 0, 0, 0], [0, 6, 6, 6, 0], [6, 1, 1, 1, 6]], "output": [[0, 0, 0, 0, 0], [0, 0, 0, 0, 0], [1, 0, 0, 0, 1], [0, 6, 6, 6, 0], [6, 1, 1, 1, 6]]}, {"input": [[0, 0, 0, 0, 0], [0, 0, 0, 0, 0], [0, 0, 0, 0, 0], [0, 0, 8, 0, 0], [8, 8, 3, 8, 8]], "output": [[0, 0, 0, 0, 0], [3, 0, 0, 0, 3], [0, 3, 0, 3, 0], [0, 0, 8, 0, 0], [8, 8, 3, 8, 8]]}, {"input": [[0, 0, 0, 0, 0, 0, 0], [0, 0, 0, 0, 0, 0, 0], [0, 0, 0, 0, 0, 0, 0], [0, 0, 0, 0, 0, 0, 0], [0, 0, 0, 0, 0, 0, 0], [0, 0, 2, 2, 2, 0, 0], [2, 2, 4, 4, 4, 2, 2]], "output": [[0, 0, 0, 0, 0, 0, 0], [0, 0, 0, 0, 0, 0, 0], [0, 0, 0, 0, 0, 0, 0], [4, 0, 0, 0, 0, 0, 4], [0, 4, 0, 0, 0, 4, 0], [0, 0, 2, 2, 2, 0, 0], [2, 2, 4, 4, 4, 2, 2]]}, {"input": [[0, 0, 0], [0, 2, 0], [2, 4, 2]], "output": [[4, 0, 4], [0, 2, 0], [2, 4, 2]]}], "test": [{"input": [[0, 0, 0, 0, 0, 0, 0, 0, 0], [0, 0, 0, 0, 0, 0, 0, 0, 0], [0, 0, 0, 0, 0, 0, 0, 0, 0], [0, 0, 0, 0, 0, 0, 0, 0, 0], [0, 0, 0, 0, 0, 0, 0, 0, 0], [0, 0, 0, 0, 0, 0, 0, 0, 0], [0, 0, 0, 0, 0, 0, 0, 0, 0], [0, 0, 0, 8, 8, 8, 0, 0, 0], [8, 8, 8, 2, 2, 2, 8, 8, 8]], "output": [[0, 0, 0, 0, 0, 0, 0, 0, 0], [0, 0, 0, 0, 0, 0, 0, 0, 0], [0, 0, 0, 0, 0, 0, 0, 0, 0], [0, 0, 0, 0, 0, 0, 0, 0, 0], [2, 0, 0, 0, 0, 0, 0, 0, 2], [0, 2, 0, 0, 0, 0, 0, 2, 0], [0, 0, 2, 0, 0, 0, 2, 0, 0], [0, 0, 0, 8, 8, 8, 0, 0, 0], [8, 8, 8, 2, 2, 2, 8, 8, 8]]}]}