{"train": [{"input": [[0, 8, 0], [0, 6, 6], [9, 8, 0]], "output": [[0, 0, 0, 8, 8, 8, 0, 0, 0], [0, 0, 0, 8, 8, 8, 0, 0, 0], [0, 0, 0, 8, 8, 8, 0, 0, 0], [0, 0, 0, 6, 6, 6, 6, 6, 6], [0, 0, 0, 6, 6, 6, 6, 6, 6], [0, 0, 0, 6, 6, 6, 6, 6, 6], [9, 9, 9, 8, 8, 8, 0, 0, 0], [9, 9, 9, 8, 8, 8, 0, 0, 0], [9, 9, 9, 8, 8, 8, 0, 0, 0]]}, {"input": [[1, 0, 4], [0, 4, 0], [0, 1, 0]], "output": [[1, 1, 0, 0, 4, 4], [1, 1, 0, 0, 4, 4], [0, 0, 4, 4, 0, 0], [0, 0, 4, 4, 0, 0], [0, 0, 1, 1, 0, 0], [0, 0, 1, 1, 0, 0]]}, {"input": [[3, 2, 0], [0, 7, 3], [0, 0, 0]], "output": [[3, 3, 3, 2, 2, 2, 0, 0, 0], [3, 3, 3, 2, 2, 2, 0, 0, 0], [3, 3, 3, 2, 2, 2, 0, 0, 0], [0, 0, 0, 7, 7, 7, 3, 3, 3], [0, 0, 0, 7, 7, 7, 3, 3, 3], [0, 0, 0, 7, 7, 7, 3, 3, 3], [0, 0, 0, 0, 0, 0, 0, 0, 0], [0, 0, 0, 0, 0, 0, 0, 0, 0], [0, 0, 0, 0, 0, 0, 0, 0, 0]]}, {"input": [[4, 0, 3], [2, 2, 0], [0, 0, 8]], "output": [[4, 4, 4, 4, 0, 0, 0, 0, 3, 3, 3, 3], [4, 4, 4, 4, 0, 0, 0, 0, 3, 3, 3, 3], [4, 4, 4, 4, 0, 0, 0, 0, 3, 3, 3, 3], [4, 4, 4, 4, 0, 0, 0, 0, 3, 3, 3, 3], [2, 2, 2, 2, 2, 2, 2, 2, 0, 0, 0, 0], [2, 2, 2, 2, 2, 2, 2, 2, 0, 0, 0, 0], [2, 2, 2, 2, 2, 2, 2, 2, 0, 0, 0, 0], [2, 2, 2, 2, 2, 2, 2, 2, 0, 0, 0, 0], [0, 0, 0, 0, 0, 0, 0, 0, 8, 8, 8, 8], [0, 0, 0, 0, 0, 0, 0, 0, 8, 8, 8, 8], [0, 0, 0, 0, 0, 0, 0, 0, 8, 8, 8, 8], [0, 0, 0, 0, 0, 0, 0, 0, 8, 8, 8, 8]]}, {"input": [[6, 7, 0], [0, 6, 6], [0, 0, 0]], "output": [[6, 6, 7, 7, 0, 0], [6, 6, 7, 7, 0, 0], [0, 0, 6, 6, 6, 6], [0, 0, 6, 6, 6, 6], [0, 0, 0, 0, 0, 0], [0, 0, 0, 0, 0, 0]]}], "test": [{"input": [[0, 1, 0], [0, 8, 7], [9, 9, 0]], "output": [[0, 0, 0, 0, 1, 1, 1, 1, 0, 0, 0, 0], [0, 0, 0, 0, 1, 1, 1, 1, 0, 0, 0, 0], [0, 0, 0, 0, 1, 1, 1, 1, 0, 0, 0, 0], [0, 0, 0, 0, 1, 1, 1, 1, 0, 0, 0, 0], [0, 0, 0, 0, 8, 8, 8, 8, 7, 7, 7, 7], [0, 0, 0, 0, 8, 8, 8, 8, 7, 7, 7, 7], [0, 0, 0, 0, 8, 8, 8, 8, 7, 7, 7, 7], [0, 0, 0, 0, 8, 8, 8, 8, 7, 7, 7, 7], [9, 9, 9, 9, 9, 9, 9, 9, 0, 0, 0, 0], [9, 9, 9, 9, 9, 9, 9, 9, 0, 0, 0, 0], [9, 9, 9, 9, 9, 9, 9, 9, 0, 0, 0, 0], [9, 9, 9, 9, 9, 9, 9, 9, 0, 0, 0, 0]]}]}