{"train": [{"input": [[0, 7, 0, 0, 0, 0, 0, 0], [0, 0, 0, 0, 0, 0, 0, 3], [0, 0, 0, 0, 0, 0, 0, 0], [2, 0, 8, 0, 0, 0, 0, 0], [0, 0, 0, 0, 0, 0, 0, 0], [0, 0, 0, 0, 0, 0, 0, 0], [0, 0, 0, 0, 7, 0, 0, 0], [0, 0, 0, 0, 0, 0, 0, 0]], "output": [[0, 7, 0, 0, 0, 0, 2, 0], [2, 2, 2, 2, 2, 2, 2, 3], [0, 2, 0, 0, 0, 0, 2, 0], [2, 2, 8, 0, 0, 0, 2, 0], [0, 2, 0, 0, 0, 0, 2, 0], [0, 2, 0, 0, 0, 0, 2, 0], [0, 2, 0, 0, 7, 0, 2, 0], [0, 2, 0, 0, 0, 0, 2, 0]]}, {"input": [[0, 0, 0, 0, 3, 7, 0, 0, 0, 0, 0, 0], [0, 0, 8, 0, 0, 0, 0, 0, 7, 0, 0, 3], [0, 0, 0, 0, 0, 0, 6, 0, 0, 0, 0, 0], [0, 0, 0, 0, 0, 8, 0, 0, 0, 8, 0, 0], [2, 0, 0, 8, 0, 0, 0, 0, 0, 0, 0, 0], [0, 0, 0, 0, 0, 7, 0, 0, 0, 0, 0, 0], [0, 0, 0, 0, 0, 0, 0, 0, 0, 6, 0, 0], [0, 0, 7, 0, 0, 0, 0, 0, 0, 0, 0, 0], [0, 0, 0, 0, 0, 0, 7, 0, 0, 7, 0, 0], [0, 0, 0, 6, 0, 0, 0, 0, 0, 0, 0, 0], [0, 3, 0, 0, 0, 0, 0, 8, 3, 0, 0, 0], [0, 0, 0, 0, 7, 0, 0, 0, 0, 0, 0, 0]], "output": [[0, 0, 0, 0, 3, 7, 0, 2, 0, 0, 0, 0], [0, 0, 8, 2, 2, 2, 2, 2, 7, 0, 0, 3], [2, 2, 2, 2, 2, 2, 6, 2, 2, 2, 2, 2], [0, 0, 2, 0, 2, 8, 0, 2, 2, 8, 0, 0], [2, 2, 2, 8, 2, 0, 0, 2, 2, 0, 0, 0], [0, 0, 2, 0, 2, 7, 0, 2, 2, 0, 0, 0], [2, 2, 2, 2, 2, 2, 2, 2, 2, 6, 0, 0], [0, 0, 7, 0, 2, 0, 0, 2, 2, 0, 0, 0], [0, 0, 0, 0, 2, 0, 7, 2, 2, 7, 0, 0], [0, 0, 0, 6, 2, 2, 2, 2, 2, 2, 2, 2], [0, 3, 0, 0, 2, 0, 0, 8, 3, 0, 0, 0], [0, 0, 0, 0, 7, 0, 0, 0, 0, 0, 0, 0]]}, {"input": [[0, 0, 3, 0, 0, 7], [0, 0, 0, 0, 0, 0], [2, 0, 0, 0, 3, 0], [0, 0, 0, 0, 0, 0], [0, 0, 0, 0, 0, 8], [0, 0, 3, 0, 0, 0]], "output": [[0, 0, 3, 2, 0, 7], [0, 0, 0, 2, 0, 0], [2, 2, 2, 2, 3, 0], [0, 0, 0, 2, 0, 0], [0, 0, 0, 2, 0, 8], [0, 0, 3, 2, 0, 0]]}, {"input": [[0, 0, 0, 0, 0, 0], [2, 0, 0, 0, 8, 0], [0, 0, 0, 0, 0, 0], [0, 0, 0, 0, 0, 0]], "output": [[0, 0, 0, 2, 0, 0], [2, 2, 2, 2, 8, 0], [0, 0, 0, 2, 0, 0], [0, 0, 0, 2, 0, 0]]}, {"input": [[0, 0, 0, 0, 8, 0, 0, 0, 0, 0], [0, 0, 3, 0, 0, 0, 0, 0, 7, 0], [2, 0, 0, 0, 0, 0, 3, 0, 0, 0], [0, 0, 0, 0, 0, 0, 0, 0, 0, 0], [0, 0, 0, 0, 7, 0, 8, 0, 0, 6], [0, 0, 0, 0, 0, 0, 0, 0, 0, 0], [0, 7, 0, 0, 0, 6, 0, 0, 0, 8], [0, 0, 6, 0, 8, 0, 0, 0, 0, 0], [0, 0, 0, 0, 8, 0, 0, 0, 0, 0], [0, 0, 0, 0, 0, 0, 7, 0, 0, 0]], "output": [[0, 0, 0, 0, 8, 2, 0, 0, 0, 0], [0, 0, 3, 0, 0, 2, 0, 0, 7, 0], [2, 2, 2, 2, 2, 2, 3, 0, 0, 0], [0, 0, 0, 0, 0, 2, 0, 0, 0, 0], [0, 0, 0, 0, 7, 2, 8, 0, 0, 6], [2, 2, 2, 2, 2, 2, 2, 2, 2, 2], [0, 7, 0, 0, 0, 6, 0, 0, 0, 8], [0, 0, 6, 0, 8, 0, 0, 0, 0, 0], [0, 0, 0, 0, 8, 0, 0, 0, 0, 0], [0, 0, 0, 0, 0, 0, 7, 0, 0, 0]]}, {"input": [[0, 0, 0, 7, 0, 0], [6, 0, 0, 0, 0, 0], [0, 0, 0, 0, 0, 0], [2, 0, 0, 0, 8, 0], [0, 0, 0, 0, 0, 0], [0, 0, 0, 0, 0, 8], [0, 0, 0, 0, 0, 0], [7, 0, 0, 0, 0, 0]], "output": [[0, 2, 0, 7, 0, 0], [6, 2, 2, 2, 2, 2], [0, 2, 0, 2, 0, 0], [2, 2, 2, 2, 8, 0], [0, 2, 0, 2, 0, 0], [0, 2, 0, 2, 0, 8], [0, 2, 0, 2, 0, 0], [7, 2, 0, 2, 0, 0]]}], "test": [{"input": [[0, 0, 0, 8, 0, 0, 0, 0, 7, 0, 0, 3], [0, 0, 0, 0, 0, 0, 0, 0, 0, 0, 0, 0], [0, 0, 6, 0, 0, 0, 0, 6, 0, 0, 0, 0], [2, 0, 0, 0, 0, 0, 6, 0, 0, 0, 7, 0], [0, 0, 0, 0, 0, 0, 0, 0, 0, 0, 0, 6], [0, 0, 0, 3, 0, 0, 0, 8, 0, 0, 0, 0], [0, 0, 0, 0, 0, 0, 0, 0, 0, 6, 0, 0], [0, 0, 7, 0, 0, 0, 0, 0, 0, 0, 0, 3], [0, 0, 8, 0, 0, 0, 7, 0, 0, 6, 0, 0], [0, 0, 0, 0, 0, 3, 0, 0, 0, 0, 0, 0]], "output": [[0, 0, 0, 8, 0, 2, 0, 0, 7, 0, 0, 3], [2, 2, 2, 2, 2, 2, 2, 2, 2, 2, 2, 2], [0, 0, 6, 0, 0, 2, 0, 6, 2, 0, 0, 0], [2, 2, 2, 2, 2, 2, 6, 0, 2, 0, 7, 0], [0, 0, 0, 0, 0, 2, 0, 0, 2, 0, 0, 6], [0, 0, 0, 3, 0, 2, 0, 8, 2, 0, 0, 0], [2, 2, 2, 2, 2, 2, 2, 2, 2, 6, 0, 0], [0, 0, 7, 2, 0, 2, 0, 0, 2, 0, 0, 3], [0, 0, 8, 2, 2, 2, 7, 0, 2, 6, 0, 0], [0, 0, 0, 2, 0, 3, 0, 0, 2, 0, 0, 0]]}]}