{"train": [{"input": [[4, 0, 4, 0, 4, 0, 4, 0, 4, 0, 4, 0, 4], [4, 4, 4, 4, 4, 4, 4, 4, 4, 4, 4, 4, 4], [0, 4, 0, 4, 0, 4, 0, 4, 0, 4, 0, 4, 0]], "output": [[6, 0, 4, 0, 4, 0, 6, 0, 4, 0, 4, 0, 6], [6, 4, 4, 6, 4, 4, 6, 4, 4, 6, 4, 4, 6], [0, 4, 0, 6, 0, 4, 0, 4, 0, 6, 0, 4, 0]]}, {"input": [[0, 4, 0, 4, 0, 4, 0, 4, 0, 4, 0], [4, 4, 4, 4, 4, 4, 4, 4, 4, 4, 4], [4, 0, 4, 0, 4, 0, 4, 0, 4, 0, 4]], "output": [[0, 4, 0, 6, 0, 4, 0, 4, 0, 6, 0], [6, 4, 4, 6, 4, 4, 6, 4, 4, 6, 4], [6, 0, 4, 0, 4, 0, 6, 0, 4, 0, 4]]}, {"input": [[4, 0, 4, 0, 4, 0, 4, 0, 4, 0, 4], [4, 4, 4, 4, 4, 4, 4, 4, 4, 4, 4], [0, 4, 0, 4, 0, 4, 0, 4, 0, 4, 0]], "output": [[6, 0, 4, 0, 4, 0, 6, 0, 4, 0, 4], [6, 4, 4, 6, 4, 4, 6, 4, 4, 6, 4], [0, 4, 0, 6, 0, 4, 0, 4, 0, 6, 0]]}, {"input": [[0, 4, 0, 4, 0, 4, 0, 4, 0, 4, 0, 4, 0, 4], [4, 4, 4, 4, 4, 4, 4, 4, 4, 4, 4, 4, 4, 4], [4, 0, 4, 0, 4, 0, 4, 0, 4, 0, 4, 0, 4, 0]], "output": [[0, 4, 0, 6, 0, 4, 0, 4, 0, 6, 0, 4, 0, 4], [6, 4, 4, 6, 4, 4, 6, 4, 4, 6, 4, 4, 6, 4], [6, 0, 4, 0, 4, 0, 6, 0, 4, 0, 4, 0, 6, 0]]}, {"input": [[4, 0, 4, 0, 4, 0, 4, 0, 4, 0], [4, 4, 4, 4, 4, 4, 4, 4, 4, 4], [0, 4, 0, 4, 0, 4, 0, 4, 0, 4]], "output": [[6, 0, 4, 0, 4, 0, 6, 0, 4, 0], [6, 4, 4, 6, 4, 4, 6, 4, 4, 6], [0, 4, 0, 6, 0, 4, 0, 4, 0, 6]]}], "test": [{"input": [[0, 4, 0, 4, 0, 4, 0, 4, 0, 4, 0, 4, 0, 4, 0, 4, 0], [4, 4, 4, 4, 4, 4, 4, 4, 4, 4, 4, 4, 4, 4, 4, 4, 4], [4, 0, 4, 0, 4, 0, 4, 0, 4, 0, 4, 0, 4, 0, 4, 0, 4]], "output": [[0, 4, 0, 6, 0, 4, 0, 4, 0, 6, 0, 4, 0, 4, 0, 6, 0], [6, 4, 4, 6, 4, 4, 6, 4, 4, 6, 4, 4, 6, 4, 4, 6, 4], [6, 0, 4, 0, 4, 0, 6, 0, 4, 0, 4, 0, 6, 0, 4, 0, 4]]}]}