{"train": [{"input": [[2, 2, 7, 1, 9, 1, 5, 8, 6, 0, 3, 2, 2], [5, 5, 5, 5, 5, 5, 5, 5, 5, 5, 5, 5, 5], [5, 5, 5, 5, 5, 5, 5, 5, 5, 5, 5, 5, 5], [5, 5, 5, 5, 5, 5, 5, 5, 5, 5, 5, 5, 5], [5, 5, 5, 5, 5, 5, 5, 5, 5, 5, 5, 5, 5], [5, 5, 5, 5, 5, 5, 8, 5, 5, 5, 5, 5, 5], [5, 5, 5, 5, 5, 5, 8, 5, 5, 5, 5, 5, 5], [5, 5, 5, 5, 5, 5, 8, 5, 5, 5, 5, 5, 5], [5, 5, 5, 5, 5, 5, 8, 5, 5, 5, 5, 5, 5], [5, 5, 5, 5, 5, 5, 8, 5, 5, 5, 5, 5, 5], [5, 5, 5, 5, 5, 5, 8, 5, 5, 5, 5, 5, 5], [5, 5, 5, 5, 5, 5, 8, 5, 5, 5, 5, 5, 5], [5, 5, 5, 5, 5, 5, 8, 5, 5, 5, 5, 5, 5]], "output": [[5, 5, 5, 5, 5, 5, 5, 5, 5, 5, 5, 5, 5], [5, 5, 5, 5, 5, 5, 5, 5, 5, 5, 5, 5, 5], [5, 5, 5, 5, 5, 5, 5, 5, 5, 5, 5, 5, 5], [5, 5, 5, 5, 5, 5, 5, 5, 5, 5, 5, 5, 5], [5, 5, 5, 5, 5, 5, 5, 5, 5, 5, 5, 5, 5], [5, 5, 5, 5, 5, 5, 8, 5, 5, 5, 5, 5, 5], [5, 5, 5, 5, 5, 1, 8, 8, 5, 5, 5, 5, 5], [5, 5, 5, 5, 9, 1, 8, 8, 6, 5, 5, 5, 5], [5, 5, 5, 1, 9, 1, 8, 8, 6, 0, 5, 5, 5], [5, 5, 7, 1, 9, 1, 8, 8, 6, 0, 3, 5, 5], [5, 2, 7, 1, 9, 1, 8, 8, 6, 0, 3, 2, 5], [2, 2, 7, 1, 9, 1, 8, 8, 6, 0, 3, 2, 2], [2, 2, 7, 1, 9, 1, 8, 8, 6, 0, 3, 2, 2]]}, {"input": [[0, 1, 6, 9, 5, 9, 6, 1, 0], [5, 5, 5, 5, 5, 5, 5, 5, 5], [5, 5, 5, 5, 5, 5, 5, 5, 5], [5, 5, 5, 5, 8, 5, 5, 5, 5], [5, 5, 5, 5, 8, 5, 5, 5, 5], [5, 5, 5, 5, 8, 5, 5, 5, 5], [5, 5, 5, 5, 8, 5, 5, 5, 5], [5, 5, 5, 5, 8, 5, 5, 5, 5], [5, 5, 5, 5, 8, 5, 5, 5, 5]], "output": [[5, 5, 5, 5, 5, 5, 5, 5, 5], [5, 5, 5, 5, 5, 5, 5, 5, 5], [5, 5, 5, 5, 5, 5, 5, 5, 5], [5, 5, 5, 5, 8, 5, 5, 5, 5], [5, 5, 5, 9, 8, 9, 5, 5, 5], [5, 5, 6, 9, 8, 9, 6, 5, 5], [5, 1, 6, 9, 8, 9, 6, 1, 5], [0, 1, 6, 9, 8, 9, 6, 1, 0], [0, 1, 6, 9, 8, 9, 6, 1, 0]]}], "test": [{"input": [[4, 6, 7, 2, 9, 5, 3, 3, 4, 3, 3], [5, 5, 5, 5, 5, 5, 5, 5, 5, 5, 5], [5, 5, 5, 5, 5, 5, 5, 5, 5, 5, 5], [5, 5, 5, 5, 5, 5, 5, 5, 5, 5, 5], [5, 5, 5, 5, 5, 5, 5, 5, 5, 5, 5], [5, 5, 5, 5, 5, 8, 5, 5, 5, 5, 5], [5, 5, 5, 5, 5, 8, 5, 5, 5, 5, 5], [5, 5, 5, 5, 5, 8, 5, 5, 5, 5, 5], [5, 5, 5, 5, 5, 8, 5, 5, 5, 5, 5], [5, 5, 5, 5, 5, 8, 5, 5, 5, 5, 5], [5, 5, 5, 5, 5, 8, 5, 5, 5, 5, 5]], "output": [[5, 5, 5, 5, 5, 5, 5, 5, 5, 5, 5], [5, 5, 5, 5, 5, 5, 5, 5, 5, 5, 5], [5, 5, 5, 5, 5, 5, 5, 5, 5, 5, 5], [5, 5, 5, 5, 5, 5, 5, 5, 5, 5, 5], [5, 5, 5, 5, 5, 5, 5, 5, 5, 5, 5], [5, 5, 5, 5, 5, 8, 5, 5, 5, 5, 5], [5, 5, 5, 5, 9, 8, 3, 5, 5, 5, 5], [5, 5, 5, 2, 9, 8, 3, 3, 5, 5, 5], [5, 5, 7, 2, 9, 8, 3, 3, 4, 5, 5], [5, 6, 7, 2, 9, 8, 3, 3, 4, 3, 5], [4, 6, 7, 2, 9, 8, 3, 3, 4, 3, 3]]}]}