{"train": [{"input": [[5, 5, 2, 5], [2, 3, 3, 2], [5, 2, 5, 3], [3, 5, 3, 2]], "output": [[5, 5, 2, 5, 5, 2, 5, 5, 5, 5, 2, 5, 5, 2, 5, 5, 5, 5, 2, 5], [2, 3, 3, 2, 2, 3, 3, 2, 2, 3, 3, 2, 2, 3, 3, 2, 2, 3, 3, 2], [5, 2, 5, 3, 3, 5, 2, 5, 5, 2, 5, 3, 3, 5, 2, 5, 5, 2, 5, 3], [3, 5, 3, 2, 2, 3, 5, 3, 3, 5, 3, 2, 2, 3, 5, 3, 3, 5, 3, 2]]}, {"input": [[9, 5, 1, 5], [1, 5, 9, 1], [9, 1, 5, 5], [5, 5, 5, 1]], "output": [[9, 5, 1, 5, 5, 1, 5, 9, 9, 5, 1, 5, 5, 1, 5, 9, 9, 5, 1, 5], [1, 5, 9, 1, 1, 9, 5, 1, 1, 5, 9, 1, 1, 9, 5, 1, 1, 5, 9, 1], [9, 1, 5, 5, 5, 5, 1, 9, 9, 1, 5, 5, 5, 5, 1, 9, 9, 1, 5, 5], [5, 5, 5, 1, 1, 5, 5, 5, 5, 5, 5, 1, 1, 5, 5, 5, 5, 5, 5, 1]]}, {"input": [[4, 1, 1, 4], [7, 7, 4, 7], [1, 4, 1, 1], [4, 1, 1, 1]], "output": [[4, 1, 1, 4, 4, 1, 1, 4, 4, 1, 1, 4, 4, 1, 1, 4, 4, 1, 1, 4], [7, 7, 4, 7, 7, 4, 7, 7, 7, 7, 4, 7, 7, 4, 7, 7, 7, 7, 4, 7], [1, 4, 1, 1, 1, 1, 4, 1, 1, 4, 1, 1, 1, 1, 4, 1, 1, 4, 1, 1], [4, 1, 1, 1, 1, 1, 1, 4, 4, 1, 1, 1, 1, 1, 1, 4, 4, 1, 1, 1]]}, {"input": [[2, 2, 2, 2], [8, 2, 2, 2], [2, 2, 8, 2], [8, 2, 8, 8]], "output": [[2, 2, 2, 2, 2, 2, 2, 2, 2, 2, 2, 2, 2, 2, 2, 2, 2, 2, 2, 2], [8, 2, 2, 2, 2, 2, 2, 8, 8, 2, 2, 2, 2, 2, 2, 8, 8, 2, 2, 2], [2, 2, 8, 2, 2, 8, 2, 2, 2, 2, 8, 2, 2, 8, 2, 2, 2, 2, 8, 2], [8, 2, 8, 8, 8, 8, 2, 8, 8, 2, 8, 8, 8, 8, 2, 8, 8, 2, 8, 8]]}], "test": [{"input": [[5, 5, 4, 4], [5, 5, 5, 2], [2, 5, 5, 5], [5, 5, 2, 4]], "output": [[5, 5, 4, 4, 4, 4, 5, 5, 5, 5, 4, 4, 4, 4, 5, 5, 5, 5, 4, 4], [5, 5, 5, 2, 2, 5, 5, 5, 5, 5, 5, 2, 2, 5, 5, 5, 5, 5, 5, 2], [2, 5, 5, 5, 5, 5, 5, 2, 2, 5, 5, 5, 5, 5, 5, 2, 2, 5, 5, 5], [5, 5, 2, 4, 4, 2, 5, 5, 5, 5, 2, 4, 4, 2, 5, 5, 5, 5, 2, 4]]}]}