{"train": [{"input": [[8, 8, 8, 8, 8, 8, 8, 8], [8, 0, 0, 0, 0, 0, 0, 8], [8, 0, 5, 5, 5, 5, 0, 8], [8, 0, 5, 8, 8, 5, 0, 8], [8, 0, 5, 8, 8, 5, 0, 8], [8, 0, 5, 5, 5, 5, 0, 8], [8, 0, 0, 0, 0, 0, 0, 8], [8, 8, 8, 8, 8, 8, 8, 8]], "output": [[5, 5, 5, 5, 5, 5, 5, 5], [5, 8, 8, 8, 8, 8, 8, 5], [5, 8, 0, 0, 0, 0, 8, 5], [5, 8, 0, 5, 5, 0, 8, 5], [5, 8, 0, 5, 5, 0, 8, 5], [5, 8, 0, 0, 0, 0, 8, 5], [5, 8, 8, 8, 8, 8, 8, 5], [5, 5, 5, 5, 5, 5, 5, 5]]}, {"input": [[0, 0, 0, 0, 0, 0], [0, 7, 7, 7, 7, 0], [0, 7, 6, 6, 7, 0], [0, 7, 6, 6, 7, 0], [0, 7, 7, 7, 7, 0], [0, 0, 0, 0, 0, 0]], "output": [[6, 6, 6, 6, 6, 6], [6, 0, 0, 0, 0, 6], [6, 0, 7, 7, 0, 6], [6, 0, 7, 7, 0, 6], [6, 0, 0, 0, 0, 6], [6, 6, 6, 6, 6, 6]]}, {"input": [[3, 3, 3, 3, 3, 3], [3, 2, 2, 2, 2, 3], [3, 2, 0, 0, 2, 3], [3, 2, 0, 0, 2, 3], [3, 2, 2, 2, 2, 3], [3, 3, 3, 3, 3, 3]], "output": [[0, 0, 0, 0, 0, 0], [0, 3, 3, 3, 3, 0], [0, 3, 2, 2, 3, 0], [0, 3, 2, 2, 3, 0], [0, 3, 3, 3, 3, 0], [0, 0, 0, 0, 0, 0]]}], "test": [{"input": [[3, 3, 3, 3, 3, 3, 3, 3], [3, 7, 7, 7, 7, 7, 7, 3], [3, 7, 6, 6, 6, 6, 7, 3], [3, 7, 6, 3, 3, 6, 7, 3], [3, 7, 6, 3, 3, 6, 7, 3], [3, 7, 6, 6, 6, 6, 7, 3], [3, 7, 7, 7, 7, 7, 7, 3], [3, 3, 3, 3, 3, 3, 3, 3]], "output": [[6, 6, 6, 6, 6, 6, 6, 6], [6, 3, 3, 3, 3, 3, 3, 6], [6, 3, 7, 7, 7, 7, 3, 6], [6, 3, 7, 6, 6, 7, 3, 6], [6, 3, 7, 6, 6, 7, 3, 6], [6, 3, 7, 7, 7, 7, 3, 6], [6, 3, 3, 3, 3, 3, 3, 6], [6, 6, 6, 6, 6, 6, 6, 6]]}, {"input": [[9, 9, 9, 9, 9, 9], [9, 0, 0, 0, 0, 9], [9, 0, 1, 1, 0, 9], [9, 0, 1, 1, 0, 9], [9, 0, 0, 0, 0, 9], [9, 9, 9, 9, 9, 9]], "output": [[1, 1, 1, 1, 1, 1], [1, 9, 9, 9, 9, 1], [1, 9, 0, 0, 9, 1], [1, 9, 0, 0, 9, 1], [1, 9, 9, 9, 9, 1], [1, 1, 1, 1, 1, 1]]}]}