{"train": [{"input": [[8, 6, 8], [3, 3, 8], [8, 8, 8]], "output": [[8, 6, 8, 0, 0, 0, 8, 6, 8], [3, 3, 8, 0, 0, 0, 3, 3, 8], [8, 8, 8, 0, 0, 0, 8, 8, 8], [0, 0, 0, 0, 0, 0, 8, 6, 8], [0, 0, 0, 0, 0, 0, 3, 3, 8], [0, 0, 0, 0, 0, 0, 8, 8, 8], [8, 6, 8, 8, 6, 8, 8, 6, 8], [3, 3, 8, 3, 3, 8, 3, 3, 8], [8, 8, 8, 8, 8, 8, 8, 8, 8]]}, {"input": [[3, 8, 7], [9, 3, 8], [7, 9, 3]], "output": [[3, 8, 7, 0, 0, 0, 0, 0, 0], [9, 3, 8, 0, 0, 0, 0, 0, 0], [7, 9, 3, 0, 0, 0, 0, 0, 0], [0, 0, 0, 3, 8, 7, 0, 0, 0], [0, 0, 0, 9, 3, 8, 0, 0, 0], [0, 0, 0, 7, 9, 3, 0, 0, 0], [0, 0, 0, 0, 0, 0, 3, 8, 7], [0, 0, 0, 0, 0, 0, 9, 3, 8], [0, 0, 0, 0, 0, 0, 7, 9, 3]]}, {"input": [[6, 9, 9], [4, 6, 8], [9, 9, 8]], "output": [[0, 0, 0, 6, 9, 9, 6, 9, 9], [0, 0, 0, 4, 6, 8, 4, 6, 8], [0, 0, 0, 9, 9, 8, 9, 9, 8], [0, 0, 0, 0, 0, 0, 0, 0, 0], [0, 0, 0, 0, 0, 0, 0, 0, 0], [0, 0, 0, 0, 0, 0, 0, 0, 0], [6, 9, 9, 6, 9, 9, 0, 0, 0], [4, 6, 8, 4, 6, 8, 0, 0, 0], [9, 9, 8, 9, 9, 8, 0, 0, 0]]}], "test": [{"input": [[1, 1, 7], [7, 4, 1], [5, 1, 7]], "output": [[1, 1, 7, 1, 1, 7, 0, 0, 0], [7, 4, 1, 7, 4, 1, 0, 0, 0], [5, 1, 7, 5, 1, 7, 0, 0, 0], [0, 0, 0, 0, 0, 0, 1, 1, 7], [0, 0, 0, 0, 0, 0, 7, 4, 1], [0, 0, 0, 0, 0, 0, 5, 1, 7], [0, 0, 0, 1, 1, 7, 0, 0, 0], [0, 0, 0, 7, 4, 1, 0, 0, 0], [0, 0, 0, 5, 1, 7, 0, 0, 0]]}]}