{"train": [{"input": [[6, 1, 7], [1, 6, 7], [4, 7, 4]], "output": [[4, 7, 4, 4, 7, 4, 4, 7, 4], [7, 6, 1, 1, 6, 7, 7, 6, 1], [7, 1, 6, 6, 1, 7, 7, 1, 6], [7, 1, 6, 6, 1, 7, 7, 1, 6], [7, 6, 1, 1, 6, 7, 7, 6, 1], [4, 7, 4, 4, 7, 4, 4, 7, 4], [4, 7, 4, 4, 7, 4, 4, 7, 4], [7, 6, 1, 1, 6, 7, 7, 6, 1], [7, 1, 6, 6, 1, 7, 7, 1, 6]]}, {"input": [[7, 6, 7], [2, 7, 6], [1, 2, 7]], "output": [[7, 2, 1, 1, 2, 7, 7, 2, 1], [6, 7, 2, 2, 7, 6, 6, 7, 2], [7, 6, 7, 7, 6, 7, 7, 6, 7], [7, 6, 7, 7, 6, 7, 7, 6, 7], [6, 7, 2, 2, 7, 6, 6, 7, 2], [7, 2, 1, 1, 2, 7, 7, 2, 1], [7, 2, 1, 1, 2, 7, 7, 2, 1], [6, 7, 2, 2, 7, 6, 6, 7, 2], [7, 6, 7, 7, 6, 7, 7, 6, 7]]}, {"input": [[1, 9, 4], [9, 1, 6], [6, 9, 4]], "output": [[4, 9, 6, 6, 9, 4, 4, 9, 6], [6, 1, 9, 9, 1, 6, 6, 1, 9], [4, 9, 1, 1, 9, 4, 4, 9, 1], [4, 9, 1, 1, 9, 4, 4, 9, 1], [6, 1, 9, 9, 1, 6, 6, 1, 9], [4, 9, 6, 6, 9, 4, 4, 9, 6], [4, 9, 6, 6, 9, 4, 4, 9, 6], [6, 1, 9, 9, 1, 6, 6, 1, 9], [4, 9, 1, 1, 9, 4, 4, 9, 1]]}], "test": [{"input": [[8, 8, 6], [6, 3, 6], [6, 8, 8]], "output": [[8, 8, 6, 6, 8, 8, 8, 8, 6], [6, 3, 6, 6, 3, 6, 6, 3, 6], [6, 8, 8, 8, 8, 6, 6, 8, 8], [6, 8, 8, 8, 8, 6, 6, 8, 8], [6, 3, 6, 6, 3, 6, 6, 3, 6], [8, 8, 6, 6, 8, 8, 8, 8, 6], [8, 8, 6, 6, 8, 8, 8, 8, 6], [6, 3, 6, 6, 3, 6, 6, 3, 6], [6, 8, 8, 8, 8, 6, 6, 8, 8]]}]}