{"train": [{"input": [[4, 2, 4, 4, 6, 4, 5, 5], [2, 4, 4, 4, 6, 4, 4, 5], [4, 2, 4, 4, 6, 4, 5, 5], [2, 4, 4, 6, 4, 4, 4, 5], [4, 2, 4, 6, 4, 4, 5, 5], [2, 4, 4, 6, 4, 4, 4, 5], [4, 2, 4, 6, 4, 4, 5, 5], [2, 4, 4, 4, 6, 4, 4, 5], [4, 2, 4, 4, 6, 4, 5, 5], [2, 4, 4, 4, 6, 4, 4, 5]], "output": [[6, 2, 4, 5, 6, 4, 5, 5], [2, 6, 4, 5, 6, 4, 2, 5], [6, 2, 4, 5, 6, 4, 5, 5], [2, 6, 4, 6, 5, 4, 2, 5], [6, 2, 4, 6, 5, 4, 5, 5], [2, 6, 4, 6, 5, 4, 2, 5], [6, 2, 4, 6, 5, 4, 5, 5], [2, 6, 4, 5, 6, 4, 2, 5], [6, 2, 4, 5, 6, 4, 5, 5], [2, 6, 4, 5, 6, 4, 2, 5]]}, {"input": [[0, 0, 0, 0, 0, 0, 0, 9], [4, 0, 0, 0, 3, 0, 9, 0], [0, 4, 0, 0, 0, 0, 0, 9], [0, 0, 4, 0, 3, 0, 0, 9], [0, 4, 0, 0, 0, 0, 9, 0], [4, 0, 0, 0, 3, 0, 0, 9], [0, 4, 0, 0, 0, 0, 0, 9], [0, 0, 4, 0, 3, 0, 9, 0], [0, 4, 0, 0, 0, 0, 0, 9], [4, 0, 0, 0, 3, 0, 0, 9]], "output": [[3, 3, 3, 0, 9, 0, 4, 9], [4, 3, 3, 0, 3, 0, 9, 4], [3, 4, 3, 0, 9, 0, 4, 9], [3, 3, 4, 0, 3, 0, 4, 9], [3, 4, 3, 0, 9, 0, 9, 4], [4, 3, 3, 0, 3, 0, 4, 9], [3, 4, 3, 0, 9, 0, 4, 9], [3, 3, 4, 0, 3, 0, 9, 4], [3, 4, 3, 0, 9, 0, 4, 9], [4, 3, 3, 0, 3, 0, 4, 9]]}], "test": [{"input": [[6, 5, 5, 9, 9, 5, 5, 5], [6, 5, 5, 9, 5, 5, 8, 8], [5, 6, 5, 5, 9, 5, 8, 5], [5, 6, 5, 9, 9, 5, 5, 8], [6, 5, 5, 9, 9, 5, 8, 8], [6, 5, 5, 9, 5, 5, 5, 5], [5, 6, 5, 5, 9, 5, 8, 8], [5, 6, 5, 9, 9, 5, 8, 5], [6, 5, 5, 9, 9, 5, 5, 8], [6, 5, 5, 9, 5, 5, 8, 8]], "output": [[6, 9, 5, 9, 9, 5, 6, 6], [6, 9, 5, 9, 8, 5, 8, 8], [9, 6, 5, 8, 9, 5, 8, 6], [9, 6, 5, 9, 9, 5, 6, 8], [6, 9, 5, 9, 9, 5, 8, 8], [6, 9, 5, 9, 8, 5, 6, 6], [9, 6, 5, 8, 9, 5, 8, 8], [9, 6, 5, 9, 9, 5, 8, 6], [6, 9, 5, 9, 9, 5, 6, 8], [6, 9, 5, 9, 8, 5, 8, 8]]}]}