{"train": [{"input": [[0, 0, 0, 0, 0, 0, 0, 0, 0, 0], [9, 0, 0, 0, 0, 5, 0, 0, 0, 0], [9, 0, 0, 0, 0, 5, 0, 0, 0, 0], [6, 0, 0, 0, 5, 5, 0, 0, 0, 0], [6, 0, 0, 5, 5, 5, 0, 0, 0, 0], [6, 0, 0, 5, 0, 5, 0, 0, 0, 0], [4, 0, 0, 0, 0, 5, 0, 0, 0, 0], [4, 0, 0, 0, 0, 5, 0, 0, 0, 0], [4, 0, 0, 0, 5, 5, 0, 0, 0, 0], [0, 0, 0, 0, 0, 0, 0, 0, 0, 0]], "output": [[0, 0, 0, 0, 0, 0, 0, 0, 0, 0], [9, 0, 0, 0, 0, 9, 0, 0, 0, 0], [9, 0, 0, 0, 0, 9, 0, 0, 0, 0], [6, 0, 0, 0, 6, 6, 0, 0, 0, 0], [6, 0, 0, 6, 6, 6, 0, 0, 0, 0], [6, 0, 0, 6, 0, 6, 0, 0, 0, 0], [4, 0, 0, 0, 0, 4, 0, 0, 0, 0], [4, 0, 0, 0, 0, 4, 0, 0, 0, 0], [4, 0, 0, 0, 4, 4, 0, 0, 0, 0], [0, 0, 0, 0, 0, 0, 0, 0, 0, 0]]}, {"input": [[0, 0, 0, 0, 0, 0, 0, 0, 0, 0], [0, 0, 0, 0, 0, 0, 0, 0, 0, 0], [8, 0, 0, 0, 0, 5, 0, 0, 0, 0], [8, 0, 0, 0, 0, 5, 0, 0, 0, 0], [8, 0, 0, 5, 5, 5, 0, 0, 0, 0], [2, 0, 0, 5, 0, 0, 0, 0, 0, 0], [2, 0, 0, 5, 0, 0, 0, 0, 0, 0], [2, 0, 0, 5, 5, 5, 5, 0, 0, 0], [2, 0, 0, 0, 0, 0, 5, 0, 0, 0], [0, 0, 0, 0, 0, 0, 0, 0, 0, 0]], "output": [[0, 0, 0, 0, 0, 0, 0, 0, 0, 0], [0, 0, 0, 0, 0, 0, 0, 0, 0, 0], [8, 0, 0, 0, 0, 8, 0, 0, 0, 0], [8, 0, 0, 0, 0, 8, 0, 0, 0, 0], [8, 0, 0, 8, 8, 8, 0, 0, 0, 0], [2, 0, 0, 2, 0, 0, 0, 0, 0, 0], [2, 0, 0, 2, 0, 0, 0, 0, 0, 0], [2, 0, 0, 2, 2, 2, 2, 0, 0, 0], [2, 0, 0, 0, 0, 0, 2, 0, 0, 0], [0, 0, 0, 0, 0, 0, 0, 0, 0, 0]]}], "test": [{"input": [[0, 0, 0, 0, 0, 0, 0, 0, 0, 0], [0, 0, 0, 0, 0, 0, 0, 0, 0, 0], [2, 0, 0, 0, 5, 5, 0, 5, 0, 0], [2, 0, 0, 5, 5, 5, 5, 5, 0, 0], [3, 0, 0, 5, 0, 0, 0, 0, 0, 0], [3, 0, 0, 5, 5, 5, 0, 0, 0, 0], [3, 0, 0, 0, 0, 5, 0, 0, 0, 0], [4, 0, 0, 5, 5, 5, 5, 0, 0, 0], [7, 0, 0, 5, 5, 5, 0, 0, 0, 0], [0, 0, 0, 0, 0, 0, 0, 0, 0, 0]], "output": [[0, 0, 0, 0, 0, 0, 0, 0, 0, 0], [0, 0, 0, 0, 0, 0, 0, 0, 0, 0], [2, 0, 0, 0, 2, 2, 0, 2, 0, 0], [2, 0, 0, 2, 2, 2, 2, 2, 0, 0], [3, 0, 0, 3, 0, 0, 0, 0, 0, 0], [3, 0, 0, 3, 3, 3, 0, 0, 0, 0], [3, 0, 0, 0, 0, 3, 0, 0, 0, 0], [4, 0, 0, 4, 4, 4, 4, 0, 0, 0], [7, 0, 0, 7, 7, 7, 0, 0, 0, 0], [0, 0, 0, 0, 0, 0, 0, 0, 0, 0]]}]}