{"train": [{"input": [[0, 0, 0, 0, 0, 5, 0, 0, 0, 0, 0, 5, 0, 0, 0, 0, 0, 5, 0, 0, 0, 0, 0], [0, 1, 0, 1, 0, 5, 0, 2, 2, 0, 0, 5, 0, 3, 3, 3, 0, 5, 0, 9, 9, 9, 0], [0, 1, 0, 1, 0, 5, 0, 2, 0, 2, 0, 5, 0, 3, 3, 3, 0, 5, 0, 9, 9, 9, 0], [0, 1, 1, 1, 0, 5, 0, 0, 2, 2, 0, 5, 0, 3, 3, 3, 0, 5, 0, 9, 9, 9, 0], [0, 0, 0, 0, 0, 5, 0, 0, 0, 0, 0, 5, 0, 0, 0, 0, 0, 5, 0, 0, 0, 0, 0]], "output": [[3, 9, 3, 3, 9, 3, 9, 9, 9], [3, 9, 3, 3, 9, 3, 9, 9, 9], [3, 3, 3, 3, 3, 3, 9, 9, 9], [3, 9, 3, 9, 9, 9, 3, 9, 3], [3, 9, 3, 9, 9, 9, 3, 9, 3], [3, 3, 3, 9, 9, 9, 3, 3, 3], [9, 9, 9, 3, 9, 3, 3, 9, 3], [9, 9, 9, 3, 9, 3, 3, 9, 3], [9, 9, 9, 3, 3, 3, 3, 3, 3]]}, {"input": [[0, 0, 0, 0, 0, 5, 0, 0, 0, 0, 0, 5, 0, 0, 0, 0, 0, 5, 0, 0, 0, 0, 0], [0, 1, 1, 1, 0, 5, 0, 2, 2, 2, 0, 5, 0, 4, 4, 4, 0, 5, 0, 8, 8, 8, 0], [0, 0, 1, 0, 0, 5, 0, 0, 2, 0, 0, 5, 0, 4, 4, 4, 0, 5, 0, 8, 8, 8, 0], [0, 1, 1, 1, 0, 5, 0, 0, 2, 0, 0, 5, 0, 4, 4, 4, 0, 5, 0, 8, 8, 8, 0], [0, 0, 0, 0, 0, 5, 0, 0, 0, 0, 0, 5, 0, 0, 0, 0, 0, 5, 0, 0, 0, 0, 0]], "output": [[4, 4, 4, 4, 4, 4, 4, 4, 4], [8, 4, 8, 8, 4, 8, 8, 4, 8], [4, 4, 4, 4, 4, 4, 4, 4, 4], [8, 8, 8, 4, 4, 4, 8, 8, 8], [8, 8, 8, 8, 4, 8, 8, 8, 8], [8, 8, 8, 4, 4, 4, 8, 8, 8], [8, 8, 8, 4, 4, 4, 8, 8, 8], [8, 8, 8, 8, 4, 8, 8, 8, 8], [8, 8, 8, 4, 4, 4, 8, 8, 8]]}, {"input": [[0, 0, 0, 0, 0, 0, 5, 0, 0, 0, 0, 0, 0, 5, 0, 0, 0, 0, 0, 0, 5, 0, 0, 0, 0, 0, 0], [0, 1, 1, 1, 1, 0, 5, 0, 2, 2, 0, 0, 0, 5, 0, 7, 7, 7, 7, 0, 5, 0, 8, 8, 8, 8, 0], [0, 0, 0, 1, 0, 0, 5, 0, 0, 2, 2, 0, 0, 5, 0, 7, 7, 7, 7, 0, 5, 0, 8, 8, 8, 8, 0], [0, 0, 1, 0, 0, 0, 5, 0, 0, 2, 2, 0, 0, 5, 0, 7, 7, 7, 7, 0, 5, 0, 8, 8, 8, 8, 0], [0, 1, 1, 1, 1, 0, 5, 0, 0, 0, 2, 2, 0, 5, 0, 7, 7, 7, 7, 0, 5, 0, 8, 8, 8, 8, 0], [0, 0, 0, 0, 0, 0, 5, 0, 0, 0, 0, 0, 0, 5, 0, 0, 0, 0, 0, 0, 5, 0, 0, 0, 0, 0, 0]], "output": [[7, 7, 7, 7, 7, 7, 7, 7, 8, 8, 8, 8, 8, 8, 8, 8], [8, 8, 7, 8, 8, 8, 7, 8, 8, 8, 8, 8, 8, 8, 8, 8], [8, 7, 8, 8, 8, 7, 8, 8, 8, 8, 8, 8, 8, 8, 8, 8], [7, 7, 7, 7, 7, 7, 7, 7, 8, 8, 8, 8, 8, 8, 8, 8], [8, 8, 8, 8, 7, 7, 7, 7, 7, 7, 7, 7, 8, 8, 8, 8], [8, 8, 8, 8, 8, 8, 7, 8, 8, 8, 7, 8, 8, 8, 8, 8], [8, 8, 8, 8, 8, 7, 8, 8, 8, 7, 8, 8, 8, 8, 8, 8], [8, 8, 8, 8, 7, 7, 7, 7, 7, 7, 7, 7, 8, 8, 8, 8], [8, 8, 8, 8, 7, 7, 7, 7, 7, 7, 7, 7, 8, 8, 8, 8], [8, 8, 8, 8, 8, 8, 7, 8, 8, 8, 7, 8, 8, 8, 8, 8], [8, 8, 8, 8, 8, 7, 8, 8, 8, 7, 8, 8, 8, 8, 8, 8], [8, 8, 8, 8, 7, 7, 7, 7, 7, 7, 7, 7, 8, 8, 8, 8], [8, 8, 8, 8, 8, 8, 8, 8, 7, 7, 7, 7, 7, 7, 7, 7], [8, 8, 8, 8, 8, 8, 8, 8, 8, 8, 7, 8, 8, 8, 7, 8], [8, 8, 8, 8, 8, 8, 8, 8, 8, 7, 8, 8, 8, 7, 8, 8], [8, 8, 8, 8, 8, 8, 8, 8, 7, 7, 7, 7, 7, 7, 7, 7]]}], "test": [{"input": [[0, 0, 0, 0, 0, 0, 0, 5, 0, 0, 0, 0, 0, 0, 0, 5, 0, 0, 0, 0, 0, 0, 0, 5, 0, 0, 0, 0, 0, 0], [0, 1, 1, 1, 0, 0, 0, 5, 0, 2, 2, 2, 2, 2, 0, 5, 0, 3, 3, 3, 3, 3, 0, 5, 0, 4, 4, 4, 4, 4], [0, 1, 0, 1, 0, 0, 0, 5, 0, 0, 0, 0, 0, 2, 0, 5, 0, 3, 3, 3, 3, 3, 0, 5, 0, 4, 4, 4, 4, 4], [0, 1, 1, 1, 1, 1, 0, 5, 0, 2, 2, 2, 2, 2, 0, 5, 0, 3, 3, 3, 3, 3, 0, 5, 0, 4, 4, 4, 4, 4], [0, 0, 0, 1, 0, 1, 0, 5, 0, 2, 0, 0, 0, 0, 0, 5, 0, 3, 3, 3, 3, 3, 0, 5, 0, 4, 4, 4, 4, 4], [0, 0, 0, 1, 1, 1, 0, 5, 0, 2, 2, 2, 2, 2, 0, 5, 0, 3, 3, 3, 3, 3, 0, 5, 0, 4, 4, 4, 4, 4], [0, 0, 0, 0, 0, 0, 0, 5, 0, 0, 0, 0, 0, 0, 0, 5, 0, 0, 0, 0, 0, 0, 0, 5, 0, 0, 0, 0, 0, 0]], "output": [[3, 3, 3, 4, 4, 3, 3, 3, 4, 4, 3, 3, 3, 4, 4, 3, 3, 3, 4, 4, 3, 3, 3, 4, 4], [3, 4, 3, 4, 4, 3, 4, 3, 4, 4, 3, 4, 3, 4, 4, 3, 4, 3, 4, 4, 3, 4, 3, 4, 4], [3, 3, 3, 3, 3, 3, 3, 3, 3, 3, 3, 3, 3, 3, 3, 3, 3, 3, 3, 3, 3, 3, 3, 3, 3], [4, 4, 3, 4, 3, 4, 4, 3, 4, 3, 4, 4, 3, 4, 3, 4, 4, 3, 4, 3, 4, 4, 3, 4, 3], [4, 4, 3, 3, 3, 4, 4, 3, 3, 3, 4, 4, 3, 3, 3, 4, 4, 3, 3, 3, 4, 4, 3, 3, 3], [4, 4, 4, 4, 4, 4, 4, 4, 4, 4, 4, 4, 4, 4, 4, 4, 4, 4, 4, 4, 3, 3, 3, 4, 4], [4, 4, 4, 4, 4, 4, 4, 4, 4, 4, 4, 4, 4, 4, 4, 4, 4, 4, 4, 4, 3, 4, 3, 4, 4], [4, 4, 4, 4, 4, 4, 4, 4, 4, 4, 4, 4, 4, 4, 4, 4, 4, 4, 4, 4, 3, 3, 3, 3, 3], [4, 4, 4, 4, 4, 4, 4, 4, 4, 4, 4, 4, 4, 4, 4, 4, 4, 4, 4, 4, 4, 4, 3, 4, 3], [4, 4, 4, 4, 4, 4, 4, 4, 4, 4, 4, 4, 4, 4, 4, 4, 4, 4, 4, 4, 4, 4, 3, 3, 3], [3, 3, 3, 4, 4, 3, 3, 3, 4, 4, 3, 3, 3, 4, 4, 3, 3, 3, 4, 4, 3, 3, 3, 4, 4], [3, 4, 3, 4, 4, 3, 4, 3, 4, 4, 3, 4, 3, 4, 4, 3, 4, 3, 4, 4, 3, 4, 3, 4, 4], [3, 3, 3, 3, 3, 3, 3, 3, 3, 3, 3, 3, 3, 3, 3, 3, 3, 3, 3, 3, 3, 3, 3, 3, 3], [4, 4, 3, 4, 3, 4, 4, 3, 4, 3, 4, 4, 3, 4, 3, 4, 4, 3, 4, 3, 4, 4, 3, 4, 3], [4, 4, 3, 3, 3, 4, 4, 3, 3, 3, 4, 4, 3, 3, 3, 4, 4, 3, 3, 3, 4, 4, 3, 3, 3], [3, 3, 3, 4, 4, 4, 4, 4, 4, 4, 4, 4, 4, 4, 4, 4, 4, 4, 4, 4, 4, 4, 4, 4, 4], [3, 4, 3, 4, 4, 4, 4, 4, 4, 4, 4, 4, 4, 4, 4, 4, 4, 4, 4, 4, 4, 4, 4, 4, 4], [3, 3, 3, 3, 3, 4, 4, 4, 4, 4, 4, 4, 4, 4, 4, 4, 4, 4, 4, 4, 4, 4, 4, 4, 4], [4, 4, 3, 4, 3, 4, 4, 4, 4, 4, 4, 4, 4, 4, 4, 4, 4, 4, 4, 4, 4, 4, 4, 4, 4], [4, 4, 3, 3, 3, 4, 4, 4, 4, 4, 4, 4, 4, 4, 4, 4, 4, 4, 4, 4, 4, 4, 4, 4, 4], [3, 3, 3, 4, 4, 3, 3, 3, 4, 4, 3, 3, 3, 4, 4, 3, 3, 3, 4, 4, 3, 3, 3, 4, 4], [3, 4, 3, 4, 4, 3, 4, 3, 4, 4, 3, 4, 3, 4, 4, 3, 4, 3, 4, 4, 3, 4, 3, 4, 4], [3, 3, 3, 3, 3, 3, 3, 3, 3, 3, 3, 3, 3, 3, 3, 3, 3, 3, 3, 3, 3, 3, 3, 3, 3], [4, 4, 3, 4, 3, 4, 4, 3, 4, 3, 4, 4, 3, 4, 3, 4, 4, 3, 4, 3, 4, 4, 3, 4, 3], [4, 4, 3, 3, 3, 4, 4, 3, 3, 3, 4, 4, 3, 3, 3, 4, 4, 3, 3, 3, 4, 4, 3, 3, 3]]}]}