{"train": [{"input": [[0, 0, 0, 0, 0, 0], [0, 0, 4, 0, 0, 0], [0, 0, 0, 0, 0, 0], [4, 0, 0, 0, 4, 0]], "output": [[0, 3, 0, 0, 0, 0, 0, 3, 0, 0, 0, 0, 0, 3, 0, 0, 0, 0], [1, 1, 4, 1, 1, 1, 1, 1, 4, 1, 1, 1, 1, 1, 4, 1, 1, 1], [0, 0, 0, 3, 0, 3, 0, 0, 0, 3, 0, 3, 0, 0, 0, 3, 0, 0], [4, 1, 1, 1, 4, 1, 4, 1, 1, 1, 4, 1, 4, 1, 1, 1, 4, 1], [0, 3, 0, 0, 0, 3, 0, 3, 0, 0, 0, 3, 0, 3, 0, 0, 0, 3], [1, 1, 4, 1, 1, 1, 1, 1, 4, 1, 1, 1, 1, 1, 4, 1, 1, 1], [0, 0, 0, 3, 0, 3, 0, 0, 0, 3, 0, 3, 0, 0, 0, 3, 0, 0], [4, 1, 1, 1, 4, 1, 4, 1, 1, 1, 4, 1, 4, 1, 1, 1, 4, 1], [0, 3, 0, 0, 0, 3, 0, 3, 0, 0, 0, 3, 0, 3, 0, 0, 0, 3], [1, 1, 4, 1, 1, 1, 1, 1, 4, 1, 1, 1, 1, 1, 4, 1, 1, 1], [0, 0, 0, 3, 0, 3, 0, 0, 0, 3, 0, 3, 0, 0, 0, 3, 0, 0], [4, 1, 1, 1, 4, 1, 4, 1, 1, 1, 4, 1, 4, 1, 1, 1, 4, 1]]}, {"input": [[0, 0, 5, 0], [0, 0, 0, 0]], "output": [[1, 1, 5, 1, 1, 1, 5, 1, 1, 1, 5, 1], [0, 3, 0, 3, 0, 3, 0, 3, 0, 3, 0, 3], [1, 1, 5, 1, 1, 1, 5, 1, 1, 1, 5, 1], [0, 3, 0, 3, 0, 3, 0, 3, 0, 3, 0, 3], [1, 1, 5, 1, 1, 1, 5, 1, 1, 1, 5, 1], [0, 0, 0, 3, 0, 0, 0, 3, 0, 0, 0, 3]]}, {"input": [[0, 0, 0, 0, 0], [0, 0, 0, 0, 0], [0, 0, 2, 0, 0], [0, 0, 0, 0, 0], [0, 0, 0, 0, 0]], "output": [[0, 0, 0, 0, 0, 0, 0, 0, 0, 0, 0, 0, 0, 0, 0], [0, 3, 0, 0, 0, 0, 3, 0, 0, 0, 0, 3, 0, 0, 0], [1, 1, 2, 1, 1, 1, 1, 2, 1, 1, 1, 1, 2, 1, 1], [0, 0, 0, 3, 0, 0, 0, 0, 3, 0, 0, 0, 0, 3, 0], [0, 0, 0, 0, 0, 0, 0, 0, 0, 0, 0, 0, 0, 0, 0], [0, 0, 0, 0, 0, 0, 0, 0, 0, 0, 0, 0, 0, 0, 0], [0, 3, 0, 0, 0, 0, 3, 0, 0, 0, 0, 3, 0, 0, 0], [1, 1, 2, 1, 1, 1, 1, 2, 1, 1, 1, 1, 2, 1, 1], [0, 0, 0, 3, 0, 0, 0, 0, 3, 0, 0, 0, 0, 3, 0], [0, 0, 0, 0, 0, 0, 0, 0, 0, 0, 0, 0, 0, 0, 0], [0, 0, 0, 0, 0, 0, 0, 0, 0, 0, 0, 0, 0, 0, 0], [0, 3, 0, 0, 0, 0, 3, 0, 0, 0, 0, 3, 0, 0, 0], [1, 1, 2, 1, 1, 1, 1, 2, 1, 1, 1, 1, 2, 1, 1], [0, 0, 0, 3, 0, 0, 0, 0, 3, 0, 0, 0, 0, 3, 0], [0, 0, 0, 0, 0, 0, 0, 0, 0, 0, 0, 0, 0, 0, 0]]}, {"input": [[0, 0, 0], [0, 6, 0], [0, 0, 0]], "output": [[3, 0, 0, 3, 0, 0, 3, 0, 0], [1, 6, 1, 1, 6, 1, 1, 6, 1], [0, 0, 3, 0, 0, 3, 0, 0, 3], [3, 0, 0, 3, 0, 0, 3, 0, 0], [1, 6, 1, 1, 6, 1, 1, 6, 1], [0, 0, 3, 0, 0, 3, 0, 0, 3], [3, 0, 0, 3, 0, 0, 3, 0, 0], [1, 6, 1, 1, 6, 1, 1, 6, 1], [0, 0, 3, 0, 0, 3, 0, 0, 3]]}], "test": [{"input": [[2, 0, 0], [0, 0, 0], [0, 0, 0]], "output": [[2, 1, 1, 2, 1, 1, 2, 1, 1], [0, 3, 0, 0, 3, 0, 0, 3, 0], [0, 0, 3, 0, 0, 3, 0, 0, 0], [2, 1, 1, 2, 1, 1, 2, 1, 1], [0, 3, 0, 0, 3, 0, 0, 3, 0], [0, 0, 3, 0, 0, 3, 0, 0, 0], [2, 1, 1, 2, 1, 1, 2, 1, 1], [0, 3, 0, 0, 3, 0, 0, 3, 0], [0, 0, 0, 0, 0, 0, 0, 0, 0]]}]}