{"train": [{"input": [[6, 0, 0, 0, 7], [0, 2, 0, 4, 0], [0, 0, 3, 0, 0], [0, 4, 0, 2, 0], [7, 0, 0, 0, 6]], "output": [[6, 2, 7], [4, 3, 4], [7, 2, 6]]}, {"input": [[1, 0, 0, 0, 9], [0, 5, 0, 8, 0], [0, 0, 7, 0, 0], [0, 8, 0, 5, 0], [9, 0, 0, 0, 1]], "output": [[1, 5, 9], [8, 7, 8], [9, 5, 1]]}, {"input": [[2, 0, 0, 0, 1], [0, 3, 0, 6, 0], [0, 0, 4, 0, 0], [0, 6, 0, 3, 0], [1, 0, 0, 0, 2]], "output": [[2, 3, 1], [6, 4, 6], [1, 3, 2]]}], "test": [{"input": [[7, 0, 0, 0, 5], [0, 6, 0, 4, 0], [0, 0, 2, 0, 0], [0, 4, 0, 6, 0], [5, 0, 0, 0, 7]], "output": [[7, 6, 5], [4, 2, 4], [5, 6, 7]]}]}