{"train": [{"input": [[1, 1, 0, 7, 1, 0, 1, 1], [1, 3, 0, 1, 1, 0, 1, 3], [0, 0, 0, 0, 0, 0, 0, 0], [1, 1, 0, 1, 1, 0, 1, 1], [1, 1, 0, 1, 1, 0, 1, 1], [0, 0, 0, 0, 0, 0, 0, 0], [1, 1, 0, 7, 1, 0, 1, 1], [1, 1, 0, 1, 1, 0, 1, 3]], "output": [[1, 1, 0, 7, 1, 0, 1, 1], [1, 3, 0, 1, 3, 0, 1, 3], [0, 0, 0, 0, 0, 0, 0, 0], [1, 1, 0, 7, 1, 0, 1, 1], [1, 1, 0, 1, 1, 0, 1, 3], [0, 0, 0, 0, 0, 0, 0, 0], [1, 1, 0, 7, 1, 0, 1, 1], [1, 1, 0, 1, 1, 0, 1, 3]]}, {"input": [[1, 4, 0, 1, 1, 0, 1, 4], [1, 1, 0, 1, 1, 0, 1, 1], [0, 0, 0, 0, 0, 0, 0, 0], [1, 1, 0, 1, 1, 0, 1, 1], [2, 1, 0, 1, 1, 0, 2, 1], [0, 0, 0, 0, 0, 0, 0, 0], [1, 4, 0, 1, 1, 0, 1, 1], [1, 1, 0, 1, 1, 0, 1, 1]], "output": [[1, 4, 0, 1, 4, 0, 1, 4], [1, 1, 0, 1, 1, 0, 1, 1], [0, 0, 0, 0, 0, 0, 0, 0], [1, 4, 0, 1, 1, 0, 1, 1], [2, 1, 0, 2, 1, 0, 2, 1], [0, 0, 0, 0, 0, 0, 0, 0], [1, 4, 0, 1, 1, 0, 1, 1], [1, 1, 0, 1, 1, 0, 1, 1]]}, {"input": [[1, 1, 0, 1, 1, 0, 1, 1], [1, 1, 0, 1, 1, 0, 1, 1], [0, 0, 0, 0, 0, 0, 0, 0], [1, 1, 0, 1, 1, 0, 1, 1], [3, 1, 0, 1, 1, 0, 3, 1], [0, 0, 0, 0, 0, 0, 0, 0], [1, 1, 0, 1, 1, 0, 1, 1], [1, 1, 0, 1, 1, 0, 1, 1]], "output": [[1, 1, 0, 1, 1, 0, 1, 1], [1, 1, 0, 1, 1, 0, 1, 1], [0, 0, 0, 0, 0, 0, 0, 0], [1, 1, 0, 1, 1, 0, 1, 1], [3, 1, 0, 3, 1, 0, 3, 1], [0, 0, 0, 0, 0, 0, 0, 0], [1, 1, 0, 1, 1, 0, 1, 1], [1, 1, 0, 1, 1, 0, 1, 1]]}], "test": [{"input": [[1, 1, 0, 1, 1, 0, 1, 1], [1, 8, 0, 1, 1, 0, 1, 8], [0, 0, 0, 0, 0, 0, 0, 0], [1, 1, 0, 1, 1, 0, 1, 1], [1, 1, 0, 1, 1, 0, 1, 1], [0, 0, 0, 0, 0, 0, 0, 0], [6, 1, 0, 1, 1, 0, 6, 1], [1, 1, 0, 1, 1, 0, 1, 8]], "output": [[1, 1, 0, 1, 1, 0, 1, 1], [1, 8, 0, 1, 8, 0, 1, 8], [0, 0, 0, 0, 0, 0, 0, 0], [1, 1, 0, 1, 1, 0, 1, 1], [1, 1, 0, 1, 1, 0, 1, 8], [0, 0, 0, 0, 0, 0, 0, 0], [6, 1, 0, 6, 1, 0, 6, 1], [1, 1, 0, 1, 1, 0, 1, 8]]}]}