{"train": [{"input": [[0, 0, 8], [8, 8, 8], [8, 0, 0]], "output": [[0, 0, 8, 0, 0, 8, 0, 0, 8], [8, 8, 8, 8, 8, 8, 8, 8, 8], [8, 0, 0, 8, 0, 0, 8, 0, 0], [0, 0, 8, 0, 0, 8, 0, 0, 8], [8, 8, 8, 8, 8, 8, 8, 8, 8], [8, 0, 0, 8, 0, 0, 8, 0, 0], [0, 0, 8, 0, 0, 8, 0, 0, 8], [8, 8, 8, 8, 8, 8, 8, 8, 8], [8, 0, 0, 8, 0, 0, 8, 0, 0]]}, {"input": [[1, 0], [1, 1]], "output": [[1, 0, 1, 0], [1, 1, 1, 1], [1, 0, 1, 0], [1, 1, 1, 1]]}, {"input": [[0, 3], [3, 0]], "output": [[0, 3, 0, 3], [3, 0, 3, 0], [0, 3, 0, 3], [3, 0, 3, 0]]}, {"input": [[0, 0, 2, 0], [2, 0, 2, 0], [0, 2, 0, 2], [2, 2, 2, 0]], "output": [[0, 0, 2, 0, 0, 0, 2, 0, 0, 0, 2, 0, 0, 0, 2, 0], [2, 0, 2, 0, 2, 0, 2, 0, 2, 0, 2, 0, 2, 0, 2, 0], [0, 2, 0, 2, 0, 2, 0, 2, 0, 2, 0, 2, 0, 2, 0, 2], [2, 2, 2, 0, 2, 2, 2, 0, 2, 2, 2, 0, 2, 2, 2, 0], [0, 0, 2, 0, 0, 0, 2, 0, 0, 0, 2, 0, 0, 0, 2, 0], [2, 0, 2, 0, 2, 0, 2, 0, 2, 0, 2, 0, 2, 0, 2, 0], [0, 2, 0, 2, 0, 2, 0, 2, 0, 2, 0, 2, 0, 2, 0, 2], [2, 2, 2, 0, 2, 2, 2, 0, 2, 2, 2, 0, 2, 2, 2, 0], [0, 0, 2, 0, 0, 0, 2, 0, 0, 0, 2, 0, 0, 0, 2, 0], [2, 0, 2, 0, 2, 0, 2, 0, 2, 0, 2, 0, 2, 0, 2, 0], [0, 2, 0, 2, 0, 2, 0, 2, 0, 2, 0, 2, 0, 2, 0, 2], [2, 2, 2, 0, 2, 2, 2, 0, 2, 2, 2, 0, 2, 2, 2, 0], [0, 0, 2, 0, 0, 0, 2, 0, 0, 0, 2, 0, 0, 0, 2, 0], [2, 0, 2, 0, 2, 0, 2, 0, 2, 0, 2, 0, 2, 0, 2, 0], [0, 2, 0, 2, 0, 2, 0, 2, 0, 2, 0, 2, 0, 2, 0, 2], [2, 2, 2, 0, 2, 2, 2, 0, 2, 2, 2, 0, 2, 2, 2, 0]]}, {"input": [[2, 0, 2], [0, 2, 0], [2, 2, 2]], "output": [[2, 0, 2, 2, 0, 2, 2, 0, 2], [0, 2, 0, 0, 2, 0, 0, 2, 0], [2, 2, 2, 2, 2, 2, 2, 2, 2], [2, 0, 2, 2, 0, 2, 2, 0, 2], [0, 2, 0, 0, 2, 0, 0, 2, 0], [2, 2, 2, 2, 2, 2, 2, 2, 2], [2, 0, 2, 2, 0, 2, 2, 0, 2], [0, 2, 0, 0, 2, 0, 0, 2, 0], [2, 2, 2, 2, 2, 2, 2, 2, 2]]}, {"input": [[0, 7, 0, 0], [7, 7, 7, 7], [0, 7, 0, 0], [0, 7, 0, 7]], "output": [[0, 7, 0, 0, 0, 7, 0, 0, 0, 7, 0, 0, 0, 7, 0, 0], [7, 7, 7, 7, 7, 7, 7, 7, 7, 7, 7, 7, 7, 7, 7, 7], [0, 7, 0, 0, 0, 7, 0, 0, 0, 7, 0, 0, 0, 7, 0, 0], [0, 7, 0, 7, 0, 7, 0, 7, 0, 7, 0, 7, 0, 7, 0, 7], [0, 7, 0, 0, 0, 7, 0, 0, 0, 7, 0, 0, 0, 7, 0, 0], [7, 7, 7, 7, 7, 7, 7, 7, 7, 7, 7, 7, 7, 7, 7, 7], [0, 7, 0, 0, 0, 7, 0, 0, 0, 7, 0, 0, 0, 7, 0, 0], [0, 7, 0, 7, 0, 7, 0, 7, 0, 7, 0, 7, 0, 7, 0, 7], [0, 7, 0, 0, 0, 7, 0, 0, 0, 7, 0, 0, 0, 7, 0, 0], [7, 7, 7, 7, 7, 7, 7, 7, 7, 7, 7, 7, 7, 7, 7, 7], [0, 7, 0, 0, 0, 7, 0, 0, 0, 7, 0, 0, 0, 7, 0, 0], [0, 7, 0, 7, 0, 7, 0, 7, 0, 7, 0, 7, 0, 7, 0, 7], [0, 7, 0, 0, 0, 7, 0, 0, 0, 7, 0, 0, 0, 7, 0, 0], [7, 7, 7, 7, 7, 7, 7, 7, 7, 7, 7, 7, 7, 7, 7, 7], [0, 7, 0, 0, 0, 7, 0, 0, 0, 7, 0, 0, 0, 7, 0, 0], [0, 7, 0, 7, 0, 7, 0, 7, 0, 7, 0, 7, 0, 7, 0, 7]]}], "test": [{"input": [[0, 8, 8, 0, 0], [8, 8, 8, 8, 8], [0, 8, 8, 0, 0], [8, 8, 8, 8, 8], [0, 8, 8, 0, 8]], "output": [[0, 8, 8, 0, 0, 0, 8, 8, 0, 0, 0, 8, 8, 0, 0, 0, 8, 8, 0, 0, 0, 8, 8, 0, 0], [8, 8, 8, 8, 8, 8, 8, 8, 8, 8, 8, 8, 8, 8, 8, 8, 8, 8, 8, 8, 8, 8, 8, 8, 8], [0, 8, 8, 0, 0, 0, 8, 8, 0, 0, 0, 8, 8, 0, 0, 0, 8, 8, 0, 0, 0, 8, 8, 0, 0], [8, 8, 8, 8, 8, 8, 8, 8, 8, 8, 8, 8, 8, 8, 8, 8, 8, 8, 8, 8, 8, 8, 8, 8, 8], [0, 8, 8, 0, 8, 0, 8, 8, 0, 8, 0, 8, 8, 0, 8, 0, 8, 8, 0, 8, 0, 8, 8, 0, 8], [0, 8, 8, 0, 0, 0, 8, 8, 0, 0, 0, 8, 8, 0, 0, 0, 8, 8, 0, 0, 0, 8, 8, 0, 0], [8, 8, 8, 8, 8, 8, 8, 8, 8, 8, 8, 8, 8, 8, 8, 8, 8, 8, 8, 8, 8, 8, 8, 8, 8], [0, 8, 8, 0, 0, 0, 8, 8, 0, 0, 0, 8, 8, 0, 0, 0, 8, 8, 0, 0, 0, 8, 8, 0, 0], [8, 8, 8, 8, 8, 8, 8, 8, 8, 8, 8, 8, 8, 8, 8, 8, 8, 8, 8, 8, 8, 8, 8, 8, 8], [0, 8, 8, 0, 8, 0, 8, 8, 0, 8, 0, 8, 8, 0, 8, 0, 8, 8, 0, 8, 0, 8, 8, 0, 8], [0, 8, 8, 0, 0, 0, 8, 8, 0, 0, 0, 8, 8, 0, 0, 0, 8, 8, 0, 0, 0, 8, 8, 0, 0], [8, 8, 8, 8, 8, 8, 8, 8, 8, 8, 8, 8, 8, 8, 8, 8, 8, 8, 8, 8, 8, 8, 8, 8, 8], [0, 8, 8, 0, 0, 0, 8, 8, 0, 0, 0, 8, 8, 0, 0, 0, 8, 8, 0, 0, 0, 8, 8, 0, 0], [8, 8, 8, 8, 8, 8, 8, 8, 8, 8, 8, 8, 8, 8, 8, 8, 8, 8, 8, 8, 8, 8, 8, 8, 8], [0, 8, 8, 0, 8, 0, 8, 8, 0, 8, 0, 8, 8, 0, 8, 0, 8, 8, 0, 8, 0, 8, 8, 0, 8], [0, 8, 8, 0, 0, 0, 8, 8, 0, 0, 0, 8, 8, 0, 0, 0, 8, 8, 0, 0, 0, 8, 8, 0, 0], [8, 8, 8, 8, 8, 8, 8, 8, 8, 8, 8, 8, 8, 8, 8, 8, 8, 8, 8, 8, 8, 8, 8, 8, 8], [0, 8, 8, 0, 0, 0, 8, 8, 0, 0, 0, 8, 8, 0, 0, 0, 8, 8, 0, 0, 0, 8, 8, 0, 0], [8, 8, 8, 8, 8, 8, 8, 8, 8, 8, 8, 8, 8, 8, 8, 8, 8, 8, 8, 8, 8, 8, 8, 8, 8], [0, 8, 8, 0, 8, 0, 8, 8, 0, 8, 0, 8, 8, 0, 8, 0, 8, 8, 0, 8, 0, 8, 8, 0, 8], [0, 8, 8, 0, 0, 0, 8, 8, 0, 0, 0, 8, 8, 0, 0, 0, 8, 8, 0, 0, 0, 8, 8, 0, 0], [8, 8, 8, 8, 8, 8, 8, 8, 8, 8, 8, 8, 8, 8, 8, 8, 8, 8, 8, 8, 8, 8, 8, 8, 8], [0, 8, 8, 0, 0, 0, 8, 8, 0, 0, 0, 8, 8, 0, 0, 0, 8, 8, 0, 0, 0, 8, 8, 0, 0], [8, 8, 8, 8, 8, 8, 8, 8, 8, 8, 8, 8, 8, 8, 8, 8, 8, 8, 8, 8, 8, 8, 8, 8, 8], [0, 8, 8, 0, 8, 0, 8, 8, 0, 8, 0, 8, 8, 0, 8, 0, 8, 8, 0, 8, 0, 8, 8, 0, 8]]}]}