{"train": [{"input": [[0, 1, 2], [1, 1, 0], [2, 0, 0]], "output": [[0, 0, 0, 0, 0, 0, 0, 1, 2], [0, 0, 0, 0, 0, 0, 1, 1, 0], [0, 0, 0, 0, 0, 0, 2, 0, 0], [0, 0, 0, 0, 0, 0, 0, 0, 0], [0, 0, 0, 0, 0, 0, 0, 0, 0], [0, 0, 0, 0, 0, 0, 0, 0, 0], [0, 1, 2, 0, 0, 0, 0, 0, 0], [1, 1, 0, 0, 0, 0, 0, 0, 0], [2, 0, 0, 0, 0, 0, 0, 0, 0]]}, {"input": [[1, 0, 0], [2, 1, 0], [0, 0, 1]], "output": [[0, 0, 0, 0, 0, 0, 0, 0, 0], [0, 0, 0, 0, 0, 0, 0, 0, 0], [0, 0, 0, 0, 0, 0, 0, 0, 0], [1, 0, 0, 0, 0, 0, 0, 0, 0], [2, 1, 0, 0, 0, 0, 0, 0, 0], [0, 0, 1, 0, 0, 0, 0, 0, 0], [0, 0, 0, 0, 0, 0, 0, 0, 0], [0, 0, 0, 0, 0, 0, 0, 0, 0], [0, 0, 0, 0, 0, 0, 0, 0, 0]]}, {"input": [[2, 1, 2], [0, 2, 1], [2, 1, 0]], "output": [[2, 1, 2, 0, 0, 0, 2, 1, 2], [0, 2, 1, 0, 0, 0, 0, 2, 1], [2, 1, 0, 0, 0, 0, 2, 1, 0], [0, 0, 0, 2, 1, 2, 0, 0, 0], [0, 0, 0, 0, 2, 1, 0, 0, 0], [0, 0, 0, 2, 1, 0, 0, 0, 0], [2, 1, 2, 0, 0, 0, 0, 0, 0], [0, 2, 1, 0, 0, 0, 0, 0, 0], [2, 1, 0, 0, 0, 0, 0, 0, 0]]}], "test": [{"input": [[1, 2, 2], [2, 0, 1], [1, 2, 0]], "output": [[0, 0, 0, 1, 2, 2, 1, 2, 2], [0, 0, 0, 2, 0, 1, 2, 0, 1], [0, 0, 0, 1, 2, 0, 1, 2, 0], [1, 2, 2, 0, 0, 0, 0, 0, 0], [2, 0, 1, 0, 0, 0, 0, 0, 0], [1, 2, 0, 0, 0, 0, 0, 0, 0], [0, 0, 0, 1, 2, 2, 0, 0, 0], [0, 0, 0, 2, 0, 1, 0, 0, 0], [0, 0, 0, 1, 2, 0, 0, 0, 0]]}]}