{"train": [{"input": [[1, 1, 0, 0], [1, 0, 1, 0], [1, 1, 0, 1], [1, 1, 1, 1], [4, 4, 4, 4], [2, 2, 0, 2], [0, 0, 2, 0], [0, 2, 0, 0], [2, 0, 2, 0]], "output": [[3, 3, 0, 3], [3, 0, 3, 0], [3, 3, 0, 3], [3, 3, 3, 3]]}, {"input": [[1, 1, 1, 0], [0, 1, 0, 1], [0, 0, 1, 1], [1, 1, 0, 1], [4, 4, 4, 4], [0, 0, 0, 2], [0, 0, 0, 2], [2, 2, 2, 2], [2, 2, 0, 2]], "output": [[3, 3, 3, 3], [0, 3, 0, 3], [3, 3, 3, 3], [3, 3, 0, 3]]}, {"input": [[1, 0, 1, 0], [1, 1, 0, 1], [1, 0, 1, 1], [0, 1, 0, 1], [4, 4, 4, 4], [2, 2, 0, 0], [0, 0, 2, 0], [2, 2, 0, 0], [0, 0, 2, 0]], "output": [[3, 3, 3, 0], [3, 3, 3, 3], [3, 3, 3, 3], [0, 3, 3, 3]]}, {"input": [[1, 1, 0, 0], [0, 1, 0, 1], [0, 1, 0, 0], [1, 0, 1, 0], [4, 4, 4, 4], [2, 2, 2, 2], [0, 0, 2, 2], [2, 2, 0, 0], [0, 0, 2, 2]], "output": [[3, 3, 3, 3], [0, 3, 3, 3], [3, 3, 0, 0], [3, 0, 3, 3]]}], "test": [{"input": [[1, 0, 1, 0], [1, 0, 1, 0], [0, 1, 0, 0], [1, 0, 1, 0], [4, 4, 4, 4], [2, 2, 0, 0], [0, 0, 2, 0], [0, 2, 0, 2], [2, 2, 2, 0]], "output": [[3, 3, 3, 0], [3, 0, 3, 0], [0, 3, 0, 3], [3, 3, 3, 0]]}]}