{"train": [{"input": [[8, 7, 8], [7, 8, 8], [8, 5, 1]], "output": [[1, 5, 8, 1, 5, 8, 8, 7, 8, 8, 7, 8], [8, 8, 7, 8, 8, 7, 5, 8, 7, 5, 8, 7], [8, 7, 8, 8, 7, 8, 1, 8, 8, 1, 8, 8], [1, 5, 8, 1, 5, 8, 8, 7, 8, 8, 7, 8], [8, 8, 7, 8, 8, 7, 5, 8, 7, 5, 8, 7], [8, 7, 8, 8, 7, 8, 1, 8, 8, 1, 8, 8], [8, 8, 1, 8, 8, 1, 8, 7, 8, 8, 7, 8], [7, 8, 5, 7, 8, 5, 7, 8, 8, 7, 8, 8], [8, 7, 8, 8, 7, 8, 8, 5, 1, 8, 5, 1], [8, 8, 1, 8, 8, 1, 8, 7, 8, 8, 7, 8], [7, 8, 5, 7, 8, 5, 7, 8, 8, 7, 8, 8], [8, 7, 8, 8, 7, 8, 8, 5, 1, 8, 5, 1]]}, {"input": [[6, 8, 8], [8, 6, 8], [8, 8, 8]], "output": [[8, 8, 8, 8, 8, 8, 8, 8, 6, 8, 8, 6], [8, 6, 8, 8, 6, 8, 8, 6, 8, 8, 6, 8], [8, 8, 6, 8, 8, 6, 8, 8, 8, 8, 8, 8], [8, 8, 8, 8, 8, 8, 8, 8, 6, 8, 8, 6], [8, 6, 8, 8, 6, 8, 8, 6, 8, 8, 6, 8], [8, 8, 6, 8, 8, 6, 8, 8, 8, 8, 8, 8], [8, 8, 8, 8, 8, 8, 6, 8, 8, 6, 8, 8], [8, 6, 8, 8, 6, 8, 8, 6, 8, 8, 6, 8], [6, 8, 8, 6, 8, 8, 8, 8, 8, 8, 8, 8], [8, 8, 8, 8, 8, 8, 6, 8, 8, 6, 8, 8], [8, 6, 8, 8, 6, 8, 8, 6, 8, 8, 6, 8], [6, 8, 8, 6, 8, 8, 8, 8, 8, 8, 8, 8]]}, {"input": [[1, 8, 8], [8, 8, 8], [8, 8, 8]], "output": [[8, 8, 8, 8, 8, 8, 8, 8, 1, 8, 8, 1], [8, 8, 8, 8, 8, 8, 8, 8, 8, 8, 8, 8], [8, 8, 1, 8, 8, 1, 8, 8, 8, 8, 8, 8], [8, 8, 8, 8, 8, 8, 8, 8, 1, 8, 8, 1], [8, 8, 8, 8, 8, 8, 8, 8, 8, 8, 8, 8], [8, 8, 1, 8, 8, 1, 8, 8, 8, 8, 8, 8], [8, 8, 8, 8, 8, 8, 1, 8, 8, 1, 8, 8], [8, 8, 8, 8, 8, 8, 8, 8, 8, 8, 8, 8], [1, 8, 8, 1, 8, 8, 8, 8, 8, 8, 8, 8], [8, 8, 8, 8, 8, 8, 1, 8, 8, 1, 8, 8], [8, 8, 8, 8, 8, 8, 8, 8, 8, 8, 8, 8], [1, 8, 8, 1, 8, 8, 8, 8, 8, 8, 8, 8]]}], "test": [{"input": [[8, 8, 8], [8, 8, 2], [8, 6, 4]], "output": [[4, 6, 8, 4, 6, 8, 8, 8, 8, 8, 8, 8], [2, 8, 8, 2, 8, 8, 6, 8, 8, 6, 8, 8], [8, 8, 8, 8, 8, 8, 4, 2, 8, 4, 2, 8], [4, 6, 8, 4, 6, 8, 8, 8, 8, 8, 8, 8], [2, 8, 8, 2, 8, 8, 6, 8, 8, 6, 8, 8], [8, 8, 8, 8, 8, 8, 4, 2, 8, 4, 2, 8], [8, 2, 4, 8, 2, 4, 8, 8, 8, 8, 8, 8], [8, 8, 6, 8, 8, 6, 8, 8, 2, 8, 8, 2], [8, 8, 8, 8, 8, 8, 8, 6, 4, 8, 6, 4], [8, 2, 4, 8, 2, 4, 8, 8, 8, 8, 8, 8], [8, 8, 6, 8, 8, 6, 8, 8, 2, 8, 8, 2], [8, 8, 8, 8, 8, 8, 8, 6, 4, 8, 6, 4]]}]}