{"train": [{"input": [[0, 4, 0], [0, 8, 0], [2, 0, 0]], "output": [[0, 4, 0, 0, 0, 0], [0, 8, 4, 0, 0, 0], [2, 0, 8, 4, 0, 0], [0, 2, 0, 8, 4, 0], [0, 0, 2, 0, 8, 4], [0, 0, 0, 2, 0, 8]]}, {"input": [[6, 1, 0], [3, 0, 0], [0, 0, 0]], "output": [[6, 1, 0, 0, 0, 0], [3, 6, 1, 0, 0, 0], [0, 3, 6, 1, 0, 0], [0, 0, 3, 6, 1, 0], [0, 0, 0, 3, 6, 1], [0, 0, 0, 0, 3, 6]]}, {"input": [[0, 0, 6], [1, 3, 0], [0, 0, 0]], "output": [[0, 0, 6, 0, 0, 0], [1, 3, 0, 6, 0, 0], [0, 1, 3, 0, 6, 0], [0, 0, 1, 3, 0, 6], [0, 0, 0, 1, 3, 0], [0, 0, 0, 0, 1, 3]]}], "test": [{"input": [[0, 0, 3], [0, 0, 0], [0, 4, 9]], "output": [[0, 0, 3, 0, 0, 0], [0, 0, 0, 3, 0, 0], [0, 4, 9, 0, 3, 0], [0, 0, 4, 9, 0, 3], [0, 0, 0, 4, 9, 0], [0, 0, 0, 0, 4, 9]]}]}