{"train": [{"input": [[3, 3, 0, 0], [3, 0, 0, 0], [0, 0, 0, 3], [0, 0, 3, 3], [3, 0, 0, 0], [3, 3, 3, 3], [0, 5, 0, 0], [5, 5, 0, 0], [5, 0, 5, 0], [5, 5, 5, 5], [5, 5, 5, 0], [5, 0, 5, 0]], "output": [[4, 4, 0, 0], [4, 4, 0, 0], [4, 0, 4, 4], [4, 4, 4, 4], [4, 4, 4, 0], [4, 4, 4, 4]]}, {"input": [[3, 3, 0, 3], [3, 0, 3, 3], [0, 3, 0, 0], [0, 0, 3, 0], [3, 0, 3, 0], [0, 0, 0, 3], [5, 0, 0, 0], [0, 5, 5, 5], [5, 0, 0, 5], [0, 5, 5, 5], [5, 5, 5, 0], [5, 0, 0, 0]], "output": [[4, 4, 0, 4], [4, 4, 4, 4], [4, 4, 0, 4], [0, 4, 4, 4], [4, 4, 4, 0], [4, 0, 0, 4]]}, {"input": [[3, 3, 0, 0], [0, 3, 3, 3], [3, 3, 0, 3], [0, 3, 3, 0], [3, 0, 3, 0], [3, 0, 0, 0], [0, 5, 5, 5], [5, 5, 5, 5], [5, 5, 5, 0], [5, 5, 5, 5], [5, 0, 0, 0], [0, 5, 5, 0]], "output": [[4, 4, 4, 4], [4, 4, 4, 4], [4, 4, 4, 4], [4, 4, 4, 4], [4, 0, 4, 0], [4, 4, 4, 0]]}, {"input": [[0, 3, 3, 3], [0, 3, 0, 3], [0, 0, 0, 0], [3, 0, 3, 3], [3, 0, 0, 0], [0, 3, 0, 3], [0, 5, 0, 5], [0, 0, 0, 0], [0, 0, 0, 0], [5, 0, 5, 0], [5, 0, 0, 0], [5, 5, 0, 5]], "output": [[0, 4, 4, 4], [0, 4, 0, 4], [0, 0, 0, 0], [4, 0, 4, 4], [4, 0, 0, 0], [4, 4, 0, 4]]}], "test": [{"input": [[3, 3, 0, 3], [0, 3, 0, 3], [0, 0, 0, 3], [3, 3, 0, 3], [3, 0, 3, 3], [0, 3, 3, 3], [0, 0, 0, 0], [5, 0, 0, 5], [0, 0, 5, 0], [5, 0, 0, 5], [5, 5, 5, 5], [5, 5, 0, 0]], "output": [[4, 4, 0, 4], [4, 4, 0, 4], [0, 0, 4, 4], [4, 4, 0, 4], [4, 4, 4, 4], [4, 4, 4, 4]]}]}