{"train": [{"input": [[2, 0, 0, 0, 0, 0, 0, 0, 0, 0, 0, 0, 0], [0, 0, 0, 0, 0, 0, 0, 0, 0, 0, 0, 0, 0], [0, 0, 0, 0, 0, 0, 0, 0, 0, 0, 0, 0, 0], [0, 0, 0, 0, 0, 0, 0, 0, 0, 0, 0, 0, 0], [0, 0, 0, 0, 0, 0, 0, 0, 0, 0, 0, 0, 0], [0, 0, 0, 0, 0, 0, 0, 0, 0, 0, 0, 0, 0], [0, 0, 0, 0, 0, 0, 0, 0, 0, 0, 0, 0, 0], [0, 0, 0, 0, 0, 0, 0, 0, 0, 0, 0, 0, 0], [0, 0, 0, 0, 0, 0, 0, 0, 0, 0, 0, 0, 0], [0, 0, 0, 0, 0, 0, 0, 0, 0, 0, 0, 0, 0], [0, 0, 0, 0, 0, 0, 0, 0, 0, 0, 0, 0, 0], [0, 0, 0, 0, 0, 0, 0, 0, 0, 0, 0, 0, 0], [4, 0, 0, 0, 0, 0, 0, 0, 0, 0, 0, 0, 0]], "output": [[2, 0, 2, 0, 2, 0, 2, 0, 2, 0, 2, 0, 2], [0, 0, 2, 0, 2, 0, 2, 0, 2, 0, 2, 0, 2], [2, 2, 2, 0, 2, 0, 2, 0, 2, 0, 2, 0, 2], [0, 0, 0, 0, 2, 0, 2, 0, 2, 0, 2, 0, 2], [2, 2, 2, 2, 2, 0, 2, 0, 2, 0, 2, 0, 2], [0, 0, 0, 0, 0, 0, 2, 0, 2, 0, 2, 0, 2], [0, 0, 0, 0, 0, 0, 0, 0, 0, 0, 0, 0, 0], [0, 0, 0, 0, 0, 0, 4, 0, 4, 0, 4, 0, 4], [4, 4, 4, 4, 4, 0, 4, 0, 4, 0, 4, 0, 4], [0, 0, 0, 0, 4, 0, 4, 0, 4, 0, 4, 0, 4], [4, 4, 4, 0, 4, 0, 4, 0, 4, 0, 4, 0, 4], [0, 0, 4, 0, 4, 0, 4, 0, 4, 0, 4, 0, 4], [4, 0, 4, 0, 4, 0, 4, 0, 4, 0, 4, 0, 4]]}, {"input": [[0, 0, 0, 0, 0, 0, 0, 0, 0, 0, 0, 3], [0, 0, 0, 0, 0, 0, 0, 0, 0, 0, 0, 0], [0, 0, 0, 0, 0, 0, 0, 0, 0, 0, 0, 0], [0, 0, 0, 0, 0, 0, 0, 0, 0, 0, 0, 0], [0, 0, 0, 0, 0, 0, 0, 0, 0, 0, 0, 0], [0, 0, 0, 0, 0, 0, 0, 0, 0, 0, 0, 0], [0, 0, 0, 0, 0, 0, 0, 0, 0, 0, 0, 0], [0, 0, 0, 0, 0, 0, 0, 0, 0, 0, 0, 0], [0, 0, 0, 0, 0, 0, 0, 0, 0, 0, 0, 0], [0, 0, 0, 0, 0, 0, 0, 0, 0, 0, 0, 0], [0, 0, 0, 0, 0, 0, 0, 0, 0, 0, 0, 0], [8, 0, 0, 0, 0, 0, 0, 0, 0, 0, 0, 0]], "output": [[0, 3, 0, 3, 0, 3, 0, 3, 0, 3, 0, 3], [8, 0, 0, 3, 0, 3, 0, 3, 0, 3, 0, 0], [0, 0, 0, 3, 0, 3, 0, 3, 0, 3, 3, 3], [8, 8, 8, 0, 0, 3, 0, 3, 0, 0, 0, 0], [0, 0, 0, 0, 0, 3, 0, 3, 3, 3, 3, 3], [8, 8, 8, 8, 8, 0, 0, 0, 0, 0, 0, 0], [0, 0, 0, 0, 0, 0, 0, 3, 3, 3, 3, 3], [8, 8, 8, 8, 8, 0, 8, 0, 0, 0, 0, 0], [0, 0, 0, 0, 8, 0, 8, 0, 0, 3, 3, 3], [8, 8, 8, 0, 8, 0, 8, 0, 8, 0, 0, 0], [0, 0, 8, 0, 8, 0, 8, 0, 8, 0, 0, 3], [8, 0, 8, 0, 8, 0, 8, 0, 8, 0, 8, 0]]}, {"input": [[1, 0, 0, 0, 0, 0, 2], [0, 0, 0, 0, 0, 0, 0], [0, 0, 0, 0, 0, 0, 0], [0, 0, 0, 0, 0, 0, 0], [0, 0, 0, 0, 0, 0, 0], [0, 0, 0, 0, 0, 0, 0], [8, 0, 0, 0, 0, 0, 0]], "output": [[1, 0, 1, 0, 2, 0, 2], [0, 0, 1, 0, 2, 0, 0], [1, 1, 1, 0, 2, 2, 2], [0, 0, 0, 0, 0, 0, 0], [8, 8, 8, 0, 0, 2, 2], [0, 0, 8, 0, 8, 0, 0], [8, 0, 8, 0, 8, 0, 0]]}, {"input": [[1, 0, 0, 0, 0, 0, 0, 0, 0, 2], [0, 0, 0, 0, 0, 0, 0, 0, 0, 0], [0, 0, 0, 0, 0, 0, 0, 0, 0, 0], [0, 0, 0, 0, 0, 0, 0, 0, 0, 0], [0, 0, 0, 0, 0, 0, 0, 0, 0, 0], [0, 0, 0, 0, 0, 0, 0, 0, 0, 0], [0, 0, 0, 0, 0, 0, 0, 0, 0, 0], [0, 0, 0, 0, 0, 0, 0, 0, 0, 0], [0, 0, 0, 0, 0, 0, 0, 0, 0, 0], [0, 0, 0, 0, 0, 0, 0, 0, 0, 0]], "output": [[1, 0, 1, 0, 1, 2, 0, 2, 0, 2], [0, 0, 1, 0, 1, 2, 0, 2, 0, 0], [1, 1, 1, 0, 1, 2, 0, 2, 2, 2], [0, 0, 0, 0, 1, 2, 0, 0, 0, 0], [1, 1, 1, 1, 1, 2, 2, 2, 2, 2], [0, 0, 0, 0, 0, 0, 0, 0, 0, 0], [1, 1, 1, 1, 1, 2, 2, 2, 2, 2], [0, 0, 0, 0, 0, 0, 0, 0, 0, 0], [1, 1, 1, 1, 1, 2, 2, 2, 2, 2], [0, 0, 0, 0, 0, 0, 0, 0, 0, 0]]}], "test": [{"input": [[4, 0, 0, 0, 0, 0, 0, 0, 0, 0, 0, 0, 0, 0, 0, 0, 0], [0, 0, 0, 0, 0, 0, 0, 0, 0, 0, 0, 0, 0, 0, 0, 0, 0], [0, 0, 0, 0, 0, 0, 0, 0, 0, 0, 0, 0, 0, 0, 0, 0, 0], [0, 0, 0, 0, 0, 0, 0, 0, 0, 0, 0, 0, 0, 0, 0, 0, 0], [0, 0, 0, 0, 0, 0, 0, 0, 0, 0, 0, 0, 0, 0, 0, 0, 0], [0, 0, 0, 0, 0, 0, 0, 0, 0, 0, 0, 0, 0, 0, 0, 0, 0], [0, 0, 0, 0, 0, 0, 0, 0, 0, 0, 0, 0, 0, 0, 0, 0, 0], [0, 0, 0, 0, 0, 0, 0, 0, 0, 0, 0, 0, 0, 0, 0, 0, 0], [0, 0, 0, 0, 0, 0, 0, 0, 0, 0, 0, 0, 0, 0, 0, 0, 0], [0, 0, 0, 0, 0, 0, 0, 0, 0, 0, 0, 0, 0, 0, 0, 0, 0], [0, 0, 0, 0, 0, 0, 0, 0, 0, 0, 0, 0, 0, 0, 0, 0, 0], [0, 0, 0, 0, 0, 0, 0, 0, 0, 0, 0, 0, 0, 0, 0, 0, 0], [0, 0, 0, 0, 0, 0, 0, 0, 0, 0, 0, 0, 0, 0, 0, 0, 0], [0, 0, 0, 0, 0, 0, 0, 0, 0, 0, 0, 0, 0, 0, 0, 0, 0], [0, 0, 0, 0, 0, 0, 0, 0, 0, 0, 0, 0, 0, 0, 0, 0, 0], [0, 0, 0, 0, 0, 0, 0, 0, 0, 0, 0, 0, 0, 0, 0, 0, 0], [8, 0, 0, 0, 0, 0, 0, 0, 0, 0, 0, 0, 0, 0, 0, 0, 1]], "output": [[4, 0, 4, 0, 4, 0, 4, 0, 4, 0, 4, 0, 4, 0, 4, 0, 0], [0, 0, 4, 0, 4, 0, 4, 0, 4, 0, 4, 0, 4, 0, 4, 0, 0], [4, 4, 4, 0, 4, 0, 4, 0, 4, 0, 4, 0, 4, 0, 0, 1, 1], [0, 0, 0, 0, 4, 0, 4, 0, 4, 0, 4, 0, 4, 0, 0, 0, 0], [4, 4, 4, 4, 4, 0, 4, 0, 4, 0, 4, 0, 0, 1, 1, 1, 1], [0, 0, 0, 0, 0, 0, 4, 0, 4, 0, 4, 0, 0, 0, 0, 0, 0], [4, 4, 4, 4, 4, 4, 4, 0, 4, 0, 0, 1, 1, 1, 1, 1, 1], [0, 0, 0, 0, 0, 0, 0, 0, 4, 0, 0, 0, 0, 0, 0, 0, 0], [0, 0, 0, 0, 0, 0, 0, 0, 0, 1, 1, 1, 1, 1, 1, 1, 1], [0, 0, 0, 0, 0, 0, 0, 0, 0, 0, 0, 0, 0, 0, 0, 0, 0], [8, 8, 8, 8, 8, 8, 8, 0, 0, 0, 1, 1, 1, 1, 1, 1, 1], [0, 0, 0, 0, 0, 0, 8, 0, 0, 0, 1, 0, 0, 0, 0, 0, 0], [8, 8, 8, 8, 8, 0, 8, 0, 0, 0, 1, 0, 1, 1, 1, 1, 1], [0, 0, 0, 0, 8, 0, 8, 0, 0, 0, 1, 0, 1, 0, 0, 0, 0], [8, 8, 8, 0, 8, 0, 8, 0, 0, 0, 1, 0, 1, 0, 1, 1, 1], [0, 0, 8, 0, 8, 0, 8, 0, 0, 0, 1, 0, 1, 0, 1, 0, 0], [8, 0, 8, 0, 8, 0, 8, 0, 0, 0, 1, 0, 1, 0, 1, 0, 1]]}]}