{"train": [{"input": [[0, 0, 0, 0, 0, 1, 0, 0, 0, 0], [0, 0, 0, 0, 0, 0, 0, 0, 0, 0], [1, 0, 0, 0, 0, 0, 0, 0, 0, 0], [0, 0, 0, 0, 0, 0, 0, 0, 0, 1], [0, 0, 0, 0, 0, 0, 0, 0, 0, 0], [0, 0, 0, 0, 0, 1, 0, 0, 0, 0], [0, 0, 0, 0, 0, 0, 0, 0, 0, 0], [0, 0, 0, 0, 0, 0, 0, 0, 0, 0], [0, 0, 1, 0, 0, 0, 0, 0, 0, 0], [0, 0, 0, 0, 0, 0, 0, 0, 0, 1]], "output": [[0, 0, 0, 0, 7, 1, 6, 0, 0, 0], [2, 0, 0, 0, 0, 8, 0, 0, 0, 0], [1, 6, 0, 0, 0, 0, 0, 0, 0, 2], [8, 0, 0, 0, 0, 0, 0, 0, 7, 1], [0, 0, 0, 0, 0, 2, 0, 0, 0, 8], [0, 0, 0, 0, 7, 1, 6, 0, 0, 0], [0, 0, 0, 0, 0, 8, 0, 0, 0, 0], [0, 0, 2, 0, 0, 0, 0, 0, 0, 0], [0, 7, 1, 6, 0, 0, 0, 0, 0, 2], [0, 0, 8, 0, 0, 0, 0, 0, 7, 1]]}, {"input": [[0, 0, 0, 0, 0, 0, 0, 0, 0, 0], [0, 0, 0, 0, 0, 0, 1, 0, 0, 0], [0, 0, 0, 0, 0, 0, 0, 0, 0, 0], [0, 0, 0, 0, 0, 0, 0, 0, 0, 1], [0, 0, 0, 0, 0, 0, 0, 0, 0, 0], [0, 0, 0, 1, 0, 0, 0, 0, 0, 0], [0, 0, 0, 0, 0, 0, 0, 0, 0, 0], [0, 0, 0, 0, 0, 0, 0, 1, 0, 0], [0, 0, 0, 0, 0, 0, 0, 0, 0, 0], [0, 1, 0, 0, 0, 0, 0, 0, 0, 0]], "output": [[0, 0, 0, 0, 0, 0, 2, 0, 0, 0], [0, 0, 0, 0, 0, 7, 1, 6, 0, 0], [0, 0, 0, 0, 0, 0, 8, 0, 0, 2], [0, 0, 0, 0, 0, 0, 0, 0, 7, 1], [0, 0, 0, 2, 0, 0, 0, 0, 0, 8], [0, 0, 7, 1, 6, 0, 0, 0, 0, 0], [0, 0, 0, 8, 0, 0, 0, 2, 0, 0], [0, 0, 0, 0, 0, 0, 7, 1, 6, 0], [0, 2, 0, 0, 0, 0, 0, 8, 0, 0], [7, 1, 6, 0, 0, 0, 0, 0, 0, 0]]}], "test": [{"input": [[0, 1, 0, 0, 0, 0, 0, 0, 0, 1], [0, 0, 0, 0, 0, 0, 0, 0, 0, 0], [0, 0, 0, 0, 0, 0, 0, 1, 0, 0], [0, 0, 0, 1, 0, 0, 0, 0, 0, 0], [0, 0, 0, 0, 0, 0, 0, 0, 0, 0], [0, 0, 0, 0, 0, 0, 0, 0, 0, 0], [1, 0, 0, 0, 0, 0, 0, 1, 0, 0], [0, 0, 0, 0, 0, 0, 0, 0, 0, 0], [0, 0, 0, 0, 0, 0, 0, 0, 0, 0], [0, 0, 0, 0, 1, 0, 0, 0, 0, 0]], "output": [[7, 1, 6, 0, 0, 0, 0, 0, 7, 1], [0, 8, 0, 0, 0, 0, 0, 2, 0, 8], [0, 0, 0, 2, 0, 0, 7, 1, 6, 0], [0, 0, 7, 1, 6, 0, 0, 8, 0, 0], [0, 0, 0, 8, 0, 0, 0, 0, 0, 0], [2, 0, 0, 0, 0, 0, 0, 2, 0, 0], [1, 6, 0, 0, 0, 0, 7, 1, 6, 0], [8, 0, 0, 0, 0, 0, 0, 8, 0, 0], [0, 0, 0, 0, 2, 0, 0, 0, 0, 0], [0, 0, 0, 7, 1, 6, 0, 0, 0, 0]]}]}