{"train": [{"input": [[0, 0, 5, 0, 0, 5, 0, 5, 0, 0, 0, 5, 0], [5, 0, 0, 0, 5, 0, 5, 0, 0, 5, 0, 0, 5], [0, 5, 0, 5, 0, 0, 0, 0, 5, 0, 5, 0, 0]], "output": [[0, 0, 3, 0, 0, 5, 0, 5, 0, 0, 0, 5, 0], [3, 0, 0, 0, 3, 0, 3, 0, 0, 5, 0, 0, 3], [0, 5, 0, 5, 0, 0, 0, 0, 3, 0, 3, 0, 0]]}, {"input": [[0, 5, 0, 5, 0, 0, 5, 0, 5, 0, 0, 0], [5, 0, 0, 0, 5, 0, 0, 5, 0, 0, 5, 0], [0, 0, 5, 0, 0, 5, 0, 0, 0, 5, 0, 5]], "output": [[0, 3, 0, 3, 0, 0, 5, 0, 5, 0, 0, 0], [5, 0, 0, 0, 5, 0, 0, 3, 0, 0, 5, 0], [0, 0, 5, 0, 0, 3, 0, 0, 0, 3, 0, 3]]}, {"input": [[0, 0, 5, 0, 0, 5, 0, 5, 0, 5, 0, 5, 0, 0], [5, 0, 0, 0, 5, 0, 0, 0, 5, 0, 5, 0, 0, 5], [0, 5, 0, 5, 0, 0, 5, 0, 0, 0, 0, 0, 5, 0]], "output": [[0, 0, 5, 0, 0, 3, 0, 3, 0, 3, 0, 3, 0, 0], [5, 0, 0, 0, 5, 0, 0, 0, 5, 0, 5, 0, 0, 3], [0, 3, 0, 3, 0, 0, 5, 0, 0, 0, 0, 0, 5, 0]]}, {"input": [[5, 0, 5, 0, 0, 5, 0, 0, 0, 5], [0, 5, 0, 0, 5, 0, 0, 5, 0, 0], [0, 0, 0, 5, 0, 0, 5, 0, 5, 0]], "output": [[5, 0, 5, 0, 0, 3, 0, 0, 0, 3], [0, 3, 0, 0, 5, 0, 0, 3, 0, 0], [0, 0, 0, 3, 0, 0, 5, 0, 5, 0]]}], "test": [{"input": [[0, 0, 0, 5, 0, 0, 0, 5, 0, 5, 0, 0, 5, 0, 5, 0, 0], [5, 0, 5, 0, 0, 5, 0, 0, 5, 0, 0, 5, 0, 0, 0, 5, 0], [0, 5, 0, 0, 5, 0, 5, 0, 0, 0, 5, 0, 0, 5, 0, 0, 5]], "output": [[0, 0, 0, 5, 0, 0, 0, 5, 0, 5, 0, 0, 3, 0, 3, 0, 0], [3, 0, 3, 0, 0, 5, 0, 0, 3, 0, 0, 5, 0, 0, 0, 5, 0], [0, 5, 0, 0, 3, 0, 3, 0, 0, 0, 3, 0, 0, 5, 0, 0, 3]]}]}