{"train": [{"input": [[7, 7, 7, 7, 7, 7, 7, 7, 7, 7, 7, 7, 2, 7, 7, 7], [7, 7, 7, 7, 7, 7, 7, 7, 7, 7, 7, 2, 7, 2, 7, 7], [7, 7, 7, 7, 7, 7, 7, 7, 7, 7, 2, 7, 7, 7, 2, 7], [7, 7, 7, 7, 7, 7, 7, 7, 7, 2, 7, 7, 7, 7, 7, 2], [7, 7, 7, 7, 5, 7, 7, 7, 7, 7, 2, 7, 7, 7, 2, 7], [7, 7, 7, 7, 7, 7, 7, 7, 7, 7, 7, 2, 7, 2, 7, 7], [7, 7, 7, 7, 7, 7, 7, 7, 7, 7, 8, 7, 2, 7, 7, 7], [7, 7, 7, 7, 7, 7, 7, 7, 7, 8, 7, 8, 7, 7, 7, 7], [7, 7, 7, 7, 7, 7, 7, 7, 8, 7, 7, 7, 8, 7, 7, 7], [7, 7, 7, 2, 7, 7, 7, 7, 7, 8, 7, 8, 7, 7, 7, 7], [7, 7, 2, 7, 2, 7, 7, 7, 7, 7, 8, 7, 7, 7, 7, 7], [7, 7, 7, 2, 7, 7, 7, 7, 7, 7, 7, 7, 7, 7, 7, 7], [7, 7, 7, 7, 7, 7, 7, 7, 7, 7, 7, 7, 7, 7, 7, 7], [7, 7, 7, 7, 7, 7, 7, 7, 7, 7, 7, 7, 7, 7, 7, 7], [7, 7, 7, 7, 5, 7, 7, 7, 7, 7, 7, 7, 7, 9, 7, 7], [7, 7, 7, 5, 7, 5, 7, 7, 7, 7, 7, 7, 9, 7, 9, 7]], "output": [[7, 7, 7, 7, 7, 7, 7, 7, 7, 7, 7, 7, 7, 7, 7, 7], [7, 7, 7, 7, 7, 7, 7, 7, 7, 7, 7, 7, 2, 7, 7, 7], [7, 7, 7, 7, 7, 7, 7, 7, 7, 7, 7, 2, 7, 2, 7, 7], [7, 7, 7, 7, 5, 7, 7, 7, 7, 7, 2, 7, 7, 7, 2, 7], [7, 7, 7, 5, 7, 5, 7, 7, 7, 7, 7, 2, 7, 2, 7, 7], [7, 7, 7, 7, 5, 7, 7, 7, 7, 7, 7, 7, 2, 7, 7, 7], [7, 7, 7, 7, 7, 7, 7, 7, 7, 7, 8, 7, 7, 7, 7, 7], [7, 7, 7, 7, 7, 7, 7, 7, 7, 8, 7, 8, 7, 7, 7, 7], [7, 7, 7, 7, 7, 7, 7, 7, 8, 7, 7, 7, 8, 7, 7, 7], [7, 7, 7, 7, 7, 7, 7, 7, 7, 8, 7, 8, 7, 7, 7, 7], [7, 7, 7, 2, 7, 7, 7, 7, 7, 7, 8, 7, 7, 7, 7, 7], [7, 7, 7, 7, 7, 7, 7, 7, 7, 7, 7, 7, 7, 7, 7, 7], [7, 7, 7, 7, 7, 7, 7, 7, 7, 7, 7, 7, 7, 7, 7, 7], [7, 7, 7, 7, 7, 5, 7, 7, 7, 7, 7, 7, 7, 7, 7, 7], [7, 7, 7, 7, 5, 7, 5, 7, 7, 7, 7, 7, 7, 9, 7, 7], [7, 7, 7, 5, 7, 7, 7, 5, 7, 7, 7, 7, 9, 7, 9, 7]]}, {"input": [[7, 7, 7, 7, 7, 7, 7, 7, 7, 7, 7, 7, 7, 7, 7, 7], [7, 7, 7, 7, 7, 7, 7, 7, 7, 7, 7, 7, 7, 7, 7, 7], [7, 7, 7, 7, 7, 7, 7, 7, 7, 7, 7, 7, 7, 7, 7, 7], [7, 7, 7, 7, 2, 7, 7, 7, 7, 7, 7, 7, 7, 7, 7, 7], [7, 7, 7, 2, 7, 2, 7, 7, 7, 7, 7, 7, 7, 7, 7, 7], [7, 7, 2, 7, 7, 7, 2, 7, 7, 7, 7, 7, 7, 7, 9, 7], [7, 7, 7, 2, 7, 2, 7, 7, 7, 7, 7, 7, 7, 9, 7, 9], [7, 7, 7, 7, 2, 7, 7, 7, 7, 7, 7, 7, 7, 7, 9, 7], [7, 7, 7, 7, 7, 7, 7, 7, 7, 7, 7, 7, 7, 7, 7, 7], [7, 7, 7, 7, 7, 7, 7, 7, 7, 7, 7, 7, 7, 7, 7, 7], [7, 7, 7, 7, 7, 7, 7, 7, 7, 7, 7, 7, 7, 7, 7, 7], [7, 7, 7, 7, 7, 7, 7, 7, 7, 7, 7, 5, 7, 7, 7, 7], [7, 7, 7, 7, 7, 7, 7, 7, 7, 7, 5, 7, 5, 7, 7, 7], [7, 7, 7, 7, 7, 7, 7, 7, 7, 7, 7, 5, 7, 7, 7, 7], [7, 7, 7, 7, 7, 7, 7, 7, 7, 7, 7, 7, 7, 7, 7, 7], [7, 7, 7, 7, 7, 7, 7, 7, 7, 7, 7, 7, 7, 7, 7, 7]], "output": [[7, 7, 7, 7, 7, 7, 7, 7, 7, 7, 7, 7, 7, 7, 7, 7], [7, 7, 7, 7, 7, 7, 7, 7, 7, 7, 7, 7, 7, 7, 7, 7], [7, 7, 7, 7, 7, 7, 7, 7, 7, 7, 7, 7, 7, 7, 7, 7], [7, 7, 7, 7, 7, 7, 7, 7, 7, 7, 7, 7, 7, 7, 7, 7], [7, 7, 7, 7, 2, 7, 7, 7, 7, 7, 7, 7, 7, 7, 7, 7], [7, 7, 7, 2, 7, 2, 7, 7, 7, 7, 7, 7, 7, 7, 9, 7], [7, 7, 7, 7, 2, 7, 7, 7, 7, 7, 7, 7, 7, 9, 7, 9], [7, 7, 7, 7, 7, 7, 7, 7, 7, 7, 7, 7, 7, 7, 9, 7], [7, 7, 7, 7, 7, 7, 7, 7, 7, 7, 7, 7, 7, 7, 7, 7], [7, 7, 7, 7, 7, 7, 7, 7, 7, 7, 7, 7, 7, 7, 7, 7], [7, 7, 7, 7, 7, 7, 7, 7, 7, 7, 7, 5, 7, 7, 7, 7], [7, 7, 7, 7, 7, 7, 7, 7, 7, 7, 5, 7, 5, 7, 7, 7], [7, 7, 7, 7, 7, 7, 7, 7, 7, 5, 7, 7, 7, 5, 7, 7], [7, 7, 7, 7, 7, 7, 7, 7, 7, 7, 5, 7, 5, 7, 7, 7], [7, 7, 7, 7, 7, 7, 7, 7, 7, 7, 7, 5, 7, 7, 7, 7], [7, 7, 7, 7, 7, 7, 7, 7, 7, 7, 7, 7, 7, 7, 7, 7]]}, {"input": [[7, 7, 7, 7, 7, 7, 7, 7, 7, 7, 7, 2, 7, 7, 7, 7], [2, 7, 7, 7, 7, 7, 7, 7, 7, 7, 2, 7, 7, 7, 7, 7], [7, 2, 7, 7, 7, 7, 7, 7, 7, 2, 7, 7, 7, 7, 7, 7], [7, 7, 2, 7, 7, 7, 7, 7, 2, 7, 7, 7, 7, 8, 7, 7], [7, 7, 7, 2, 7, 7, 7, 2, 7, 7, 7, 7, 8, 7, 8, 7], [7, 7, 7, 7, 2, 7, 2, 7, 7, 7, 7, 7, 7, 8, 7, 7], [7, 7, 7, 7, 7, 2, 7, 7, 7, 7, 7, 7, 7, 7, 7, 7], [7, 7, 7, 7, 7, 7, 7, 7, 7, 7, 7, 7, 7, 7, 7, 7], [7, 7, 7, 7, 7, 7, 7, 7, 7, 7, 7, 7, 7, 7, 7, 7], [7, 7, 7, 7, 7, 5, 7, 7, 7, 7, 7, 7, 7, 8, 7, 7], [7, 7, 7, 7, 5, 7, 5, 7, 7, 7, 7, 7, 8, 7, 8, 7], [7, 7, 7, 5, 7, 7, 7, 5, 7, 7, 7, 8, 7, 7, 7, 8], [7, 7, 5, 7, 7, 7, 7, 7, 5, 7, 7, 7, 8, 7, 8, 7], [7, 5, 7, 7, 7, 7, 7, 7, 7, 5, 7, 7, 7, 8, 7, 7], [7, 7, 5, 7, 7, 7, 7, 7, 5, 7, 7, 7, 7, 7, 7, 7], [7, 7, 7, 5, 7, 7, 7, 5, 7, 7, 7, 7, 7, 7, 7, 7]], "output": [[2, 7, 7, 7, 7, 7, 7, 7, 7, 7, 2, 7, 7, 7, 7, 7], [7, 2, 7, 7, 7, 7, 7, 7, 7, 2, 7, 7, 7, 7, 7, 7], [7, 7, 2, 7, 7, 7, 7, 7, 2, 7, 7, 7, 7, 7, 7, 7], [7, 7, 7, 2, 7, 7, 7, 2, 7, 7, 7, 7, 7, 8, 7, 7], [7, 7, 7, 7, 2, 7, 2, 7, 7, 7, 7, 7, 8, 7, 8, 7], [7, 7, 7, 7, 7, 2, 7, 7, 7, 7, 7, 7, 7, 8, 7, 7], [7, 7, 7, 7, 7, 7, 7, 7, 7, 7, 7, 7, 7, 7, 7, 7], [7, 7, 7, 7, 7, 7, 7, 7, 7, 7, 7, 7, 7, 7, 7, 7], [7, 7, 7, 7, 7, 5, 7, 7, 7, 7, 7, 7, 7, 7, 7, 7], [7, 7, 7, 7, 5, 7, 5, 7, 7, 7, 7, 7, 7, 8, 7, 7], [7, 7, 7, 5, 7, 7, 7, 5, 7, 7, 7, 7, 8, 7, 8, 7], [7, 7, 5, 7, 7, 7, 7, 7, 5, 7, 7, 8, 7, 7, 7, 8], [7, 5, 7, 7, 7, 7, 7, 7, 7, 5, 7, 7, 8, 7, 8, 7], [5, 7, 7, 7, 7, 7, 7, 7, 7, 7, 5, 7, 7, 8, 7, 7], [7, 5, 7, 7, 7, 7, 7, 7, 7, 5, 7, 7, 7, 7, 7, 7], [7, 7, 5, 7, 7, 7, 7, 7, 5, 7, 7, 7, 7, 7, 7, 7]]}], "test": [{"input": [[7, 7, 7, 7, 7, 7, 7, 7, 7, 7, 7, 7, 5, 7, 7, 7], [7, 7, 2, 7, 7, 7, 7, 7, 7, 7, 7, 5, 7, 7, 7, 7], [7, 2, 7, 2, 7, 7, 7, 7, 7, 7, 7, 7, 5, 7, 7, 7], [2, 7, 7, 7, 2, 7, 7, 7, 7, 7, 7, 7, 7, 5, 7, 5], [7, 2, 7, 2, 7, 7, 7, 7, 7, 7, 7, 7, 7, 7, 5, 7], [7, 7, 2, 7, 7, 7, 7, 7, 7, 7, 7, 7, 7, 7, 7, 7], [7, 7, 7, 7, 7, 7, 7, 7, 7, 7, 7, 7, 7, 7, 7, 7], [7, 7, 7, 7, 7, 7, 7, 7, 7, 7, 7, 7, 7, 7, 7, 7], [7, 7, 7, 7, 7, 7, 7, 7, 7, 7, 7, 7, 7, 7, 7, 7], [7, 7, 7, 7, 7, 7, 7, 7, 7, 7, 7, 7, 7, 7, 7, 7], [7, 7, 7, 7, 7, 7, 7, 7, 7, 7, 8, 7, 7, 7, 7, 7], [7, 7, 7, 7, 7, 7, 7, 7, 7, 7, 7, 7, 7, 7, 7, 7], [7, 7, 7, 7, 7, 7, 7, 7, 7, 7, 7, 7, 7, 7, 7, 7], [7, 7, 7, 7, 5, 7, 7, 7, 7, 7, 7, 7, 7, 7, 7, 7], [7, 7, 7, 7, 7, 7, 7, 7, 7, 7, 7, 7, 7, 7, 7, 7], [7, 7, 7, 7, 7, 7, 7, 7, 7, 7, 7, 7, 7, 7, 7, 7]], "output": [[7, 7, 7, 7, 7, 7, 7, 7, 7, 7, 7, 5, 7, 7, 7, 7], [7, 7, 7, 7, 7, 7, 7, 7, 7, 7, 5, 7, 7, 7, 7, 7], [7, 7, 2, 7, 7, 7, 7, 7, 7, 7, 7, 5, 7, 7, 7, 7], [7, 2, 7, 2, 7, 7, 7, 7, 7, 7, 7, 7, 5, 7, 7, 7], [7, 7, 2, 7, 7, 7, 7, 7, 7, 7, 7, 7, 7, 5, 7, 5], [7, 7, 7, 7, 7, 7, 7, 7, 7, 7, 7, 7, 7, 7, 5, 7], [7, 7, 7, 7, 7, 7, 7, 7, 7, 7, 7, 7, 7, 7, 7, 7], [7, 7, 7, 7, 7, 7, 7, 7, 7, 7, 7, 7, 7, 7, 7, 7], [7, 7, 7, 7, 7, 7, 7, 7, 7, 7, 7, 7, 7, 7, 7, 7], [7, 7, 7, 7, 7, 7, 7, 7, 7, 7, 7, 7, 7, 7, 7, 7], [7, 7, 7, 7, 7, 7, 7, 7, 7, 7, 8, 7, 7, 7, 7, 7], [7, 7, 7, 7, 7, 7, 7, 7, 7, 7, 7, 7, 7, 7, 7, 7], [7, 7, 7, 7, 5, 7, 7, 7, 7, 7, 7, 7, 7, 7, 7, 7], [7, 7, 7, 5, 7, 5, 7, 7, 7, 7, 7, 7, 7, 7, 7, 7], [7, 7, 7, 7, 5, 7, 7, 7, 7, 7, 7, 7, 7, 7, 7, 7], [7, 7, 7, 7, 7, 7, 7, 7, 7, 7, 7, 7, 7, 7, 7, 7]]}]}