{"train": [{"input": [[0, 0, 0, 0, 0, 0, 0, 0, 0, 0, 0, 0, 0, 0, 0], [0, 0, 0, 0, 0, 0, 0, 0, 0, 0, 0, 0, 0, 0, 0], [0, 0, 2, 0, 0, 0, 2, 0, 0, 0, 0, 0, 0, 0, 0], [0, 0, 2, 0, 0, 0, 2, 0, 0, 0, 0, 0, 0, 0, 0], [3, 3, 2, 1, 3, 3, 2, 1, 0, 0, 0, 0, 0, 0, 0]], "output": [[0, 0, 0, 0, 0, 0, 0, 0, 0, 0, 0, 0, 0, 0, 0], [0, 0, 0, 0, 0, 0, 0, 0, 0, 0, 0, 0, 0, 0, 0], [0, 0, 2, 0, 0, 0, 2, 0, 0, 0, 2, 0, 0, 0, 2], [0, 0, 2, 0, 0, 0, 2, 0, 0, 0, 2, 0, 0, 0, 2], [3, 3, 2, 1, 3, 3, 2, 1, 3, 3, 2, 1, 3, 3, 2]]}, {"input": [[0, 0, 0, 0, 0, 0, 0, 0, 0, 0, 0, 0, 0, 0, 0], [0, 0, 0, 0, 0, 0, 0, 0, 0, 0, 0, 0, 0, 0, 0], [0, 0, 0, 0, 0, 0, 0, 0, 0, 0, 0, 0, 0, 0, 0], [0, 2, 2, 0, 2, 2, 0, 0, 0, 0, 0, 0, 0, 0, 0], [1, 2, 2, 1, 2, 2, 1, 0, 0, 0, 0, 0, 0, 0, 0]], "output": [[0, 0, 0, 0, 0, 0, 0, 0, 0, 0, 0, 0, 0, 0, 0], [0, 0, 0, 0, 0, 0, 0, 0, 0, 0, 0, 0, 0, 0, 0], [0, 0, 0, 0, 0, 0, 0, 0, 0, 0, 0, 0, 0, 0, 0], [0, 2, 2, 0, 2, 2, 0, 2, 2, 0, 2, 2, 0, 2, 2], [1, 2, 2, 1, 2, 2, 1, 2, 2, 1, 2, 2, 1, 2, 2]]}, {"input": [[0, 0, 0, 0, 0, 0, 0, 0, 0, 0, 0, 0, 0, 0, 0], [0, 0, 0, 0, 0, 0, 0, 0, 0, 0, 0, 0, 0, 0, 0], [4, 0, 0, 0, 0, 4, 4, 0, 0, 0, 0, 0, 0, 0, 0], [4, 3, 0, 0, 3, 4, 4, 3, 0, 0, 0, 0, 0, 0, 0], [4, 3, 2, 2, 3, 4, 4, 3, 2, 2, 0, 0, 0, 0, 0]], "output": [[0, 0, 0, 0, 0, 0, 0, 0, 0, 0, 0, 0, 0, 0, 0], [0, 0, 0, 0, 0, 0, 0, 0, 0, 0, 0, 0, 0, 0, 0], [4, 0, 0, 0, 0, 4, 4, 0, 0, 0, 0, 4, 4, 0, 0], [4, 3, 0, 0, 3, 4, 4, 3, 0, 0, 3, 4, 4, 3, 0], [4, 3, 2, 2, 3, 4, 4, 3, 2, 2, 3, 4, 4, 3, 2]]}], "test": [{"input": [[0, 0, 0, 0, 0, 0, 0, 0, 0, 0, 0, 0, 0, 0, 0], [0, 0, 0, 0, 0, 0, 0, 0, 0, 0, 0, 0, 0, 0, 0], [0, 0, 2, 0, 0, 0, 2, 0, 0, 0, 0, 0, 0, 0, 0], [6, 2, 2, 0, 6, 2, 2, 0, 6, 2, 0, 0, 0, 0, 0], [6, 6, 2, 3, 6, 6, 2, 3, 6, 6, 0, 0, 0, 0, 0]], "output": [[0, 0, 0, 0, 0, 0, 0, 0, 0, 0, 0, 0, 0, 0, 0], [0, 0, 0, 0, 0, 0, 0, 0, 0, 0, 0, 0, 0, 0, 0], [0, 0, 2, 0, 0, 0, 2, 0, 0, 0, 2, 0, 0, 0, 2], [6, 2, 2, 0, 6, 2, 2, 0, 6, 2, 2, 0, 6, 2, 2], [6, 6, 2, 3, 6, 6, 2, 3, 6, 6, 2, 3, 6, 6, 2]]}]}