{"train": [{"input": [[7, 4, 4, 4, 4, 4, 7], [4, 7, 7, 7, 7, 7, 4], [4, 7, 7, 7, 7, 7, 4], [4, 7, 7, 7, 7, 7, 4], [4, 7, 7, 7, 7, 7, 4], [4, 7, 7, 9, 7, 7, 4], [4, 7, 7, 7, 7, 7, 4], [4, 7, 7, 7, 7, 1, 4], [7, 4, 4, 4, 4, 4, 7]], "output": [[7, 7, 7, 7, 7, 7, 7, 7, 7, 7, 7, 7, 7, 7, 7], [7, 7, 7, 7, 7, 7, 7, 7, 7, 7, 7, 7, 7, 7, 7], [7, 7, 7, 4, 4, 4, 7, 7, 7, 7, 7, 7, 7, 7, 7], [7, 7, 4, 9, 7, 7, 4, 7, 7, 7, 7, 7, 7, 7, 7], [7, 7, 4, 7, 7, 7, 4, 7, 7, 7, 7, 7, 7, 7, 7], [7, 7, 4, 7, 7, 1, 4, 7, 7, 7, 7, 7, 7, 7, 7], [7, 7, 7, 4, 4, 4, 7, 7, 7, 7, 7, 7, 7, 7, 7], [7, 7, 7, 7, 7, 7, 7, 7, 7, 7, 7, 7, 7, 7, 7], [7, 7, 7, 7, 7, 7, 7, 7, 7, 4, 4, 4, 7, 7, 7], [7, 7, 7, 7, 7, 7, 7, 7, 4, 9, 7, 7, 4, 7, 7], [7, 7, 7, 7, 7, 7, 7, 7, 4, 7, 7, 7, 4, 7, 7], [7, 7, 7, 7, 7, 7, 7, 7, 4, 7, 7, 1, 4, 7, 7], [7, 7, 7, 7, 7, 7, 7, 7, 7, 4, 4, 4, 7, 7, 7], [7, 7, 7, 7, 7, 7, 7, 7, 7, 7, 7, 7, 7, 7, 7], [7, 7, 7, 7, 7, 7, 7, 7, 7, 7, 7, 7, 7, 7, 7]]}, {"input": [[7, 3, 3, 3, 3, 3, 3, 7], [3, 7, 7, 7, 7, 7, 7, 3], [3, 7, 7, 7, 7, 7, 7, 3], [3, 7, 7, 7, 3, 7, 7, 3], [3, 7, 7, 7, 7, 7, 7, 3], [3, 7, 7, 7, 7, 7, 7, 3], [7, 3, 3, 3, 3, 3, 3, 7]], "output": [[7, 7, 7, 7, 7, 7, 7, 7, 7, 7, 7, 7, 7, 7, 7], [7, 7, 7, 7, 7, 7, 7, 7, 7, 7, 7, 7, 7, 7, 7], [7, 7, 7, 3, 3, 3, 7, 7, 7, 7, 7, 7, 7, 7, 7], [7, 7, 3, 7, 7, 7, 3, 7, 7, 7, 7, 7, 7, 7, 7], [7, 7, 3, 7, 3, 7, 3, 7, 7, 7, 7, 7, 7, 7, 7], [7, 7, 3, 7, 7, 7, 3, 7, 7, 7, 7, 7, 7, 7, 7], [7, 7, 7, 3, 3, 3, 7, 7, 7, 7, 7, 7, 7, 7, 7], [7, 7, 7, 7, 7, 7, 7, 7, 7, 7, 7, 7, 7, 7, 7], [7, 7, 7, 7, 7, 7, 7, 7, 7, 3, 3, 3, 7, 7, 7], [7, 7, 7, 7, 7, 7, 7, 7, 3, 7, 7, 7, 3, 7, 7], [7, 7, 7, 7, 7, 7, 7, 7, 3, 7, 3, 7, 3, 7, 7], [7, 7, 7, 7, 7, 7, 7, 7, 3, 7, 7, 7, 3, 7, 7], [7, 7, 7, 7, 7, 7, 7, 7, 7, 3, 3, 3, 7, 7, 7], [7, 7, 7, 7, 7, 7, 7, 7, 7, 7, 7, 7, 7, 7, 7], [7, 7, 7, 7, 7, 7, 7, 7, 7, 7, 7, 7, 7, 7, 7]]}, {"input": [[7, 9, 9, 9, 9, 9, 9, 9, 7], [9, 7, 7, 7, 7, 7, 7, 7, 9], [9, 7, 7, 9, 7, 7, 7, 7, 9], [9, 7, 9, 7, 9, 7, 7, 7, 9], [9, 7, 7, 9, 7, 7, 7, 7, 9], [9, 7, 7, 7, 7, 7, 7, 7, 9], [9, 7, 7, 7, 7, 7, 7, 7, 9], [9, 7, 7, 7, 7, 7, 7, 7, 9], [7, 9, 9, 9, 9, 9, 9, 9, 7]], "output": [[7, 7, 7, 7, 7, 7, 7, 7, 7, 7, 7, 7, 7, 7, 7], [7, 7, 7, 7, 7, 7, 7, 7, 7, 7, 7, 7, 7, 7, 7], [7, 7, 7, 9, 9, 9, 7, 7, 7, 7, 7, 7, 7, 7, 7], [7, 7, 9, 7, 9, 7, 9, 7, 7, 7, 7, 7, 7, 7, 7], [7, 7, 9, 9, 7, 9, 9, 7, 7, 7, 7, 7, 7, 7, 7], [7, 7, 9, 7, 9, 7, 9, 7, 7, 7, 7, 7, 7, 7, 7], [7, 7, 7, 9, 9, 9, 7, 7, 7, 7, 7, 7, 7, 7, 7], [7, 7, 7, 7, 7, 7, 7, 7, 7, 7, 7, 7, 7, 7, 7], [7, 7, 7, 7, 7, 7, 7, 7, 7, 9, 9, 9, 7, 7, 7], [7, 7, 7, 7, 7, 7, 7, 7, 9, 7, 9, 7, 9, 7, 7], [7, 7, 7, 7, 7, 7, 7, 7, 9, 9, 7, 9, 9, 7, 7], [7, 7, 7, 7, 7, 7, 7, 7, 9, 7, 9, 7, 9, 7, 7], [7, 7, 7, 7, 7, 7, 7, 7, 7, 9, 9, 9, 7, 7, 7], [7, 7, 7, 7, 7, 7, 7, 7, 7, 7, 7, 7, 7, 7, 7], [7, 7, 7, 7, 7, 7, 7, 7, 7, 7, 7, 7, 7, 7, 7]]}, {"input": [[7, 6, 6, 6, 6, 6, 7], [6, 7, 7, 8, 7, 7, 6], [6, 7, 2, 7, 2, 7, 6], [6, 7, 2, 8, 2, 7, 6], [6, 7, 7, 7, 7, 7, 6], [7, 6, 6, 6, 6, 6, 7]], "output": [[7, 7, 7, 7, 7, 7, 7, 7, 7, 7, 7, 7, 7, 7, 7], [7, 7, 7, 7, 7, 7, 7, 7, 7, 7, 7, 7, 7, 7, 7], [7, 7, 7, 6, 6, 6, 7, 7, 7, 7, 7, 7, 7, 7, 7], [7, 7, 6, 7, 8, 7, 6, 7, 7, 7, 7, 7, 7, 7, 7], [7, 7, 6, 2, 7, 2, 6, 7, 7, 7, 7, 7, 7, 7, 7], [7, 7, 6, 2, 8, 2, 6, 7, 7, 7, 7, 7, 7, 7, 7], [7, 7, 7, 6, 6, 6, 7, 7, 7, 7, 7, 7, 7, 7, 7], [7, 7, 7, 7, 7, 7, 7, 7, 7, 7, 7, 7, 7, 7, 7], [7, 7, 7, 7, 7, 7, 7, 7, 7, 6, 6, 6, 7, 7, 7], [7, 7, 7, 7, 7, 7, 7, 7, 6, 7, 8, 7, 6, 7, 7], [7, 7, 7, 7, 7, 7, 7, 7, 6, 2, 7, 2, 6, 7, 7], [7, 7, 7, 7, 7, 7, 7, 7, 6, 2, 8, 2, 6, 7, 7], [7, 7, 7, 7, 7, 7, 7, 7, 7, 6, 6, 6, 7, 7, 7], [7, 7, 7, 7, 7, 7, 7, 7, 7, 7, 7, 7, 7, 7, 7], [7, 7, 7, 7, 7, 7, 7, 7, 7, 7, 7, 7, 7, 7, 7]]}], "test": [{"input": [[7, 8, 8, 8, 7], [8, 7, 7, 7, 8], [8, 8, 8, 8, 8], [8, 8, 4, 7, 8], [8, 8, 7, 4, 8], [7, 8, 8, 8, 7]], "output": [[7, 7, 7, 7, 7, 7, 7, 7, 7, 7, 7, 7, 7, 7, 7], [7, 7, 7, 7, 7, 7, 7, 7, 7, 7, 7, 7, 7, 7, 7], [7, 7, 7, 8, 8, 8, 7, 7, 7, 7, 7, 7, 7, 7, 7], [7, 7, 8, 8, 8, 8, 8, 7, 7, 7, 7, 7, 7, 7, 7], [7, 7, 8, 8, 4, 7, 8, 7, 7, 7, 7, 7, 7, 7, 7], [7, 7, 8, 8, 7, 4, 8, 7, 7, 7, 7, 7, 7, 7, 7], [7, 7, 7, 8, 8, 8, 7, 7, 7, 7, 7, 7, 7, 7, 7], [7, 7, 7, 7, 7, 7, 7, 7, 7, 7, 7, 7, 7, 7, 7], [7, 7, 7, 7, 7, 7, 7, 7, 7, 8, 8, 8, 7, 7, 7], [7, 7, 7, 7, 7, 7, 7, 7, 8, 8, 8, 8, 8, 7, 7], [7, 7, 7, 7, 7, 7, 7, 7, 8, 8, 4, 7, 8, 7, 7], [7, 7, 7, 7, 7, 7, 7, 7, 8, 8, 7, 4, 8, 7, 7], [7, 7, 7, 7, 7, 7, 7, 7, 7, 8, 8, 8, 7, 7, 7], [7, 7, 7, 7, 7, 7, 7, 7, 7, 7, 7, 7, 7, 7, 7], [7, 7, 7, 7, 7, 7, 7, 7, 7, 7, 7, 7, 7, 7, 7]]}]}