{"train": [{"input": [[0, 0, 7, 0, 0, 0, 0, 0], [0, 0, 7, 0, 0, 0, 0, 0], [0, 0, 7, 0, 0, 0, 0, 0], [0, 0, 7, 0, 0, 0, 0, 0], [0, 0, 7, 0, 0, 0, 0, 0], [0, 0, 0, 0, 0, 0, 0, 0], [0, 0, 0, 0, 0, 0, 0, 0]], "output": [[7, 8, 7, 8, 7, 8, 7, 0], [7, 8, 7, 8, 7, 8, 0, 0], [7, 8, 7, 8, 7, 0, 0, 0], [0, 8, 7, 8, 0, 0, 0, 0], [0, 0, 7, 0, 0, 0, 0, 0], [0, 0, 0, 0, 0, 0, 0, 0], [0, 0, 0, 0, 0, 0, 0, 0]]}, {"input": [[0, 0, 0, 7, 0, 0, 0], [0, 0, 0, 7, 0, 0, 0], [0, 0, 0, 7, 0, 0, 0], [0, 0, 0, 7, 0, 0, 0], [0, 0, 0, 0, 0, 0, 0]], "output": [[8, 7, 8, 7, 8, 7, 8], [0, 7, 8, 7, 8, 7, 0], [0, 0, 8, 7, 8, 0, 0], [0, 0, 0, 7, 0, 0, 0], [0, 0, 0, 0, 0, 0, 0]]}], "test": [{"input": [[0, 0, 0, 0, 0, 7, 0, 0, 0], [0, 0, 0, 0, 0, 7, 0, 0, 0], [0, 0, 0, 0, 0, 7, 0, 0, 0], [0, 0, 0, 0, 0, 7, 0, 0, 0], [0, 0, 0, 0, 0, 7, 0, 0, 0], [0, 0, 0, 0, 0, 7, 0, 0, 0], [0, 0, 0, 0, 0, 7, 0, 0, 0], [0, 0, 0, 0, 0, 0, 0, 0, 0], [0, 0, 0, 0, 0, 0, 0, 0, 0]], "output": [[8, 7, 8, 7, 8, 7, 8, 7, 8], [8, 7, 8, 7, 8, 7, 8, 7, 8], [0, 7, 8, 7, 8, 7, 8, 7, 8], [0, 0, 8, 7, 8, 7, 8, 7, 8], [0, 0, 0, 7, 8, 7, 8, 7, 0], [0, 0, 0, 0, 8, 7, 8, 0, 0], [0, 0, 0, 0, 0, 7, 0, 0, 0], [0, 0, 0, 0, 0, 0, 0, 0, 0], [0, 0, 0, 0, 0, 0, 0, 0, 0]]}]}