{"train": [{"input": [[8, 8, 8, 8, 8, 8, 8, 8, 8, 8, 8, 8, 8, 8, 8, 8, 8, 8, 8, 8, 8, 8, 8, 8, 8], [8, 1, 8, 1, 8, 1, 8, 1, 8, 1, 8, 1, 8, 1, 8, 1, 8, 1, 8, 1, 8, 1, 8, 1, 8], [8, 8, 8, 8, 8, 8, 8, 8, 8, 8, 8, 8, 8, 8, 8, 8, 8, 8, 8, 8, 8, 8, 8, 8, 8], [8, 1, 8, 4, 8, 4, 8, 4, 8, 4, 8, 4, 8, 4, 8, 1, 8, 1, 8, 1, 8, 1, 8, 1, 8], [8, 8, 8, 8, 8, 8, 8, 8, 8, 8, 8, 8, 8, 8, 8, 8, 8, 8, 8, 8, 8, 8, 8, 8, 8], [8, 1, 8, 4, 8, 1, 8, 1, 8, 1, 8, 1, 8, 4, 8, 1, 8, 1, 8, 1, 8, 1, 8, 1, 8], [8, 8, 8, 8, 8, 8, 8, 8, 8, 8, 8, 8, 8, 8, 8, 8, 8, 8, 8, 8, 8, 8, 8, 8, 8], [8, 1, 8, 4, 8, 1, 8, 1, 8, 1, 8, 1, 8, 4, 8, 1, 8, 1, 8, 1, 8, 1, 8, 1, 8], [8, 8, 8, 8, 8, 8, 8, 8, 8, 8, 8, 8, 8, 8, 8, 8, 8, 8, 8, 8, 8, 8, 8, 8, 8], [8, 1, 8, 4, 8, 1, 8, 1, 8, 1, 8, 1, 8, 4, 8, 1, 8, 1, 8, 1, 8, 1, 8, 1, 8], [8, 8, 8, 8, 8, 8, 8, 8, 8, 8, 8, 8, 8, 8, 8, 8, 8, 8, 8, 8, 8, 8, 8, 8, 8], [8, 1, 8, 4, 8, 4, 8, 4, 8, 4, 8, 4, 8, 4, 8, 1, 8, 1, 8, 1, 8, 1, 8, 1, 8], [8, 8, 8, 8, 8, 8, 8, 8, 8, 8, 8, 8, 8, 8, 8, 8, 8, 8, 8, 8, 8, 8, 8, 8, 8], [8, 1, 8, 1, 8, 1, 8, 1, 8, 1, 8, 1, 8, 1, 8, 1, 8, 1, 8, 1, 8, 1, 8, 1, 8], [8, 8, 8, 8, 8, 8, 8, 8, 8, 8, 8, 8, 8, 8, 8, 8, 8, 8, 8, 8, 8, 8, 8, 8, 8], [8, 1, 8, 1, 8, 1, 8, 1, 8, 1, 8, 1, 8, 1, 8, 1, 8, 1, 8, 1, 8, 1, 8, 1, 8], [8, 8, 8, 8, 8, 8, 2, 8, 2, 8, 8, 8, 8, 8, 8, 8, 8, 8, 8, 8, 8, 8, 8, 8, 8], [8, 1, 8, 1, 8, 1, 8, 1, 8, 1, 8, 1, 8, 1, 8, 1, 8, 1, 8, 1, 8, 1, 8, 1, 8], [8, 8, 8, 8, 8, 8, 2, 8, 2, 8, 8, 8, 8, 8, 3, 8, 3, 8, 8, 8, 8, 8, 8, 8, 8], [8, 1, 8, 1, 8, 1, 8, 1, 8, 1, 8, 1, 8, 1, 8, 1, 8, 1, 8, 1, 8, 1, 8, 1, 8], [8, 8, 8, 8, 8, 8, 2, 8, 2, 8, 8, 8, 8, 8, 3, 8, 3, 8, 8, 8, 8, 8, 8, 8, 8], [8, 1, 8, 1, 8, 1, 8, 1, 8, 1, 8, 1, 8, 1, 8, 1, 8, 1, 8, 1, 8, 1, 8, 1, 8], [8, 8, 8, 8, 8, 8, 8, 8, 8, 8, 8, 8, 8, 8, 3, 8, 3, 8, 8, 8, 8, 8, 8, 8, 8], [8, 1, 8, 1, 8, 1, 8, 1, 8, 1, 8, 1, 8, 1, 8, 1, 8, 1, 8, 1, 8, 1, 8, 1, 8], [8, 8, 8, 8, 8, 8, 8, 8, 8, 8, 8, 8, 8, 8, 8, 8, 8, 8, 8, 8, 8, 8, 8, 8, 8]], "output": [[8, 8, 8, 8, 8, 8, 8, 8, 8, 8, 8, 8, 8, 8, 8, 8, 8, 8, 8, 8, 8, 8, 8, 8, 8], [8, 1, 8, 1, 8, 1, 8, 1, 8, 1, 8, 1, 8, 1, 8, 1, 8, 1, 8, 1, 8, 1, 8, 1, 8], [8, 8, 8, 8, 8, 8, 8, 8, 8, 8, 8, 8, 8, 8, 8, 8, 8, 8, 8, 8, 8, 8, 8, 8, 8], [8, 1, 8, 4, 4, 4, 4, 4, 4, 4, 4, 4, 4, 4, 8, 1, 8, 1, 8, 1, 8, 1, 8, 1, 8], [8, 8, 8, 4, 8, 8, 8, 8, 8, 8, 8, 8, 8, 4, 8, 8, 8, 8, 8, 8, 8, 8, 8, 8, 8], [8, 1, 8, 4, 8, 2, 2, 2, 8, 3, 3, 3, 8, 4, 8, 1, 8, 1, 8, 1, 8, 1, 8, 1, 8], [8, 8, 8, 4, 8, 2, 2, 2, 8, 3, 3, 3, 8, 4, 8, 8, 8, 8, 8, 8, 8, 8, 8, 8, 8], [8, 1, 8, 4, 8, 2, 2, 2, 8, 3, 3, 3, 8, 4, 8, 1, 8, 1, 8, 1, 8, 1, 8, 1, 8], [8, 8, 8, 4, 8, 2, 2, 2, 8, 3, 3, 3, 8, 4, 8, 8, 8, 8, 8, 8, 8, 8, 8, 8, 8], [8, 1, 8, 4, 8, 2, 2, 2, 8, 3, 3, 3, 8, 4, 8, 1, 8, 1, 8, 1, 8, 1, 8, 1, 8], [8, 8, 8, 4, 8, 8, 8, 8, 8, 8, 8, 8, 8, 4, 8, 8, 8, 8, 8, 8, 8, 8, 8, 8, 8], [8, 1, 8, 4, 4, 4, 4, 4, 4, 4, 4, 4, 4, 4, 8, 1, 8, 1, 8, 1, 8, 1, 8, 1, 8], [8, 8, 8, 8, 8, 8, 8, 8, 8, 8, 8, 8, 8, 8, 8, 8, 8, 8, 8, 8, 8, 8, 8, 8, 8], [8, 1, 8, 1, 8, 1, 8, 1, 8, 1, 8, 1, 8, 1, 8, 1, 8, 1, 8, 1, 8, 1, 8, 1, 8], [8, 8, 8, 8, 8, 8, 8, 8, 8, 8, 8, 8, 8, 8, 8, 8, 8, 8, 8, 8, 8, 8, 8, 8, 8], [8, 1, 8, 1, 8, 1, 8, 1, 8, 1, 8, 1, 8, 1, 8, 1, 8, 1, 8, 1, 8, 1, 8, 1, 8], [8, 8, 8, 8, 8, 8, 8, 8, 8, 8, 8, 8, 8, 8, 8, 8, 8, 8, 8, 8, 8, 8, 8, 8, 8], [8, 1, 8, 1, 8, 1, 8, 1, 8, 1, 8, 1, 8, 1, 8, 1, 8, 1, 8, 1, 8, 1, 8, 1, 8], [8, 8, 8, 8, 8, 8, 8, 8, 8, 8, 8, 8, 8, 8, 8, 8, 8, 8, 8, 8, 8, 8, 8, 8, 8], [8, 1, 8, 1, 8, 1, 8, 1, 8, 1, 8, 1, 8, 1, 8, 1, 8, 1, 8, 1, 8, 1, 8, 1, 8], [8, 8, 8, 8, 8, 8, 8, 8, 8, 8, 8, 8, 8, 8, 8, 8, 8, 8, 8, 8, 8, 8, 8, 8, 8], [8, 1, 8, 1, 8, 1, 8, 1, 8, 1, 8, 1, 8, 1, 8, 1, 8, 1, 8, 1, 8, 1, 8, 1, 8], [8, 8, 8, 8, 8, 8, 8, 8, 8, 8, 8, 8, 8, 8, 8, 8, 8, 8, 8, 8, 8, 8, 8, 8, 8], [8, 1, 8, 1, 8, 1, 8, 1, 8, 1, 8, 1, 8, 1, 8, 1, 8, 1, 8, 1, 8, 1, 8, 1, 8], [8, 8, 8, 8, 8, 8, 8, 8, 8, 8, 8, 8, 8, 8, 8, 8, 8, 8, 8, 8, 8, 8, 8, 8, 8]]}, {"input": [[4, 4, 4, 4, 4, 4, 4, 4, 4, 4, 4, 4, 4, 4, 4, 4, 4, 4, 4, 4, 4, 4, 4, 4, 4], [4, 2, 4, 2, 4, 2, 4, 2, 4, 2, 4, 2, 4, 2, 4, 2, 4, 2, 4, 2, 4, 2, 4, 2, 4], [4, 4, 4, 4, 4, 4, 4, 4, 4, 4, 4, 4, 4, 4, 4, 4, 4, 4, 4, 4, 4, 4, 4, 4, 4], [4, 2, 4, 2, 4, 1, 4, 1, 4, 1, 4, 1, 4, 1, 4, 2, 4, 2, 4, 2, 4, 2, 4, 2, 4], [4, 4, 4, 4, 4, 4, 4, 4, 4, 4, 4, 4, 4, 4, 4, 4, 4, 4, 4, 4, 4, 4, 4, 4, 4], [4, 2, 4, 2, 4, 1, 4, 2, 4, 2, 4, 2, 4, 1, 4, 2, 4, 2, 4, 2, 4, 2, 4, 2, 4], [4, 4, 4, 4, 4, 4, 4, 4, 4, 4, 4, 4, 4, 4, 4, 4, 4, 4, 4, 4, 4, 4, 4, 4, 4], [4, 2, 4, 2, 4, 1, 4, 2, 4, 2, 4, 2, 4, 1, 4, 2, 4, 2, 4, 2, 4, 2, 4, 2, 4], [4, 4, 4, 4, 4, 4, 4, 4, 4, 4, 4, 4, 4, 4, 4, 4, 4, 4, 4, 4, 4, 4, 4, 4, 4], [4, 2, 4, 2, 4, 1, 4, 2, 4, 2, 4, 2, 4, 1, 4, 2, 4, 2, 4, 2, 4, 2, 4, 2, 4], [4, 4, 4, 4, 4, 4, 4, 4, 4, 4, 4, 4, 4, 4, 4, 4, 8, 4, 8, 4, 4, 4, 4, 4, 4], [4, 2, 4, 2, 4, 1, 4, 2, 4, 2, 4, 2, 4, 1, 4, 2, 4, 2, 4, 2, 4, 2, 4, 2, 4], [4, 4, 4, 4, 4, 4, 4, 4, 4, 4, 4, 4, 4, 4, 4, 4, 8, 4, 8, 4, 4, 4, 4, 4, 4], [4, 2, 4, 2, 4, 1, 4, 2, 4, 2, 4, 2, 4, 1, 4, 2, 4, 2, 4, 2, 4, 2, 4, 2, 4], [4, 4, 4, 4, 4, 4, 4, 4, 4, 4, 4, 4, 4, 4, 4, 4, 4, 4, 4, 4, 9, 4, 9, 4, 4], [4, 2, 4, 2, 4, 1, 4, 1, 4, 1, 4, 1, 4, 1, 4, 2, 4, 2, 4, 2, 4, 2, 4, 2, 4], [4, 4, 4, 4, 4, 4, 4, 4, 4, 4, 4, 4, 4, 4, 4, 4, 4, 4, 4, 4, 4, 4, 4, 4, 4], [4, 2, 4, 2, 4, 2, 4, 2, 4, 2, 4, 2, 4, 2, 4, 2, 4, 2, 4, 2, 4, 2, 4, 2, 4], [4, 4, 4, 4, 4, 4, 4, 4, 4, 4, 4, 4, 4, 4, 4, 4, 3, 4, 3, 4, 4, 4, 4, 4, 4], [4, 2, 4, 2, 4, 2, 4, 2, 4, 2, 4, 2, 4, 2, 4, 2, 4, 2, 4, 2, 4, 2, 4, 2, 4], [4, 4, 4, 4, 4, 4, 4, 4, 4, 4, 4, 4, 4, 4, 4, 4, 3, 4, 3, 4, 4, 4, 4, 4, 4], [4, 2, 4, 2, 4, 2, 4, 2, 4, 2, 4, 2, 4, 2, 4, 2, 4, 2, 4, 2, 4, 2, 4, 2, 4], [4, 4, 4, 4, 4, 4, 4, 4, 4, 4, 4, 4, 4, 4, 4, 4, 4, 4, 4, 4, 4, 4, 4, 4, 4], [4, 2, 4, 2, 4, 2, 4, 2, 4, 2, 4, 2, 4, 2, 4, 2, 4, 2, 4, 2, 4, 2, 4, 2, 4], [4, 4, 4, 4, 4, 4, 4, 4, 4, 4, 4, 4, 4, 4, 4, 4, 4, 4, 4, 4, 4, 4, 4, 4, 4]], "output": [[4, 4, 4, 4, 4, 4, 4, 4, 4, 4, 4, 4, 4, 4, 4, 4, 4, 4, 4, 4, 4, 4, 4, 4, 4], [4, 2, 4, 2, 4, 2, 4, 2, 4, 2, 4, 2, 4, 2, 4, 2, 4, 2, 4, 2, 4, 2, 4, 2, 4], [4, 4, 4, 4, 4, 4, 4, 4, 4, 4, 4, 4, 4, 4, 4, 4, 4, 4, 4, 4, 4, 4, 4, 4, 4], [4, 2, 4, 2, 4, 1, 1, 1, 1, 1, 1, 1, 1, 1, 4, 2, 4, 2, 4, 2, 4, 2, 4, 2, 4], [4, 4, 4, 4, 4, 1, 4, 4, 4, 4, 4, 4, 4, 1, 4, 4, 4, 4, 4, 4, 4, 4, 4, 4, 4], [4, 2, 4, 2, 4, 1, 4, 4, 8, 8, 8, 4, 4, 1, 4, 2, 4, 2, 4, 2, 4, 2, 4, 2, 4], [4, 4, 4, 4, 4, 1, 4, 4, 8, 8, 8, 4, 4, 1, 4, 4, 4, 4, 4, 4, 4, 4, 4, 4, 4], [4, 2, 4, 2, 4, 1, 4, 4, 8, 8, 8, 4, 4, 1, 4, 2, 4, 2, 4, 2, 4, 2, 4, 2, 4], [4, 4, 4, 4, 4, 1, 4, 4, 4, 4, 4, 4, 4, 1, 4, 4, 4, 4, 4, 4, 4, 4, 4, 4, 4], [4, 2, 4, 2, 4, 1, 4, 4, 9, 9, 9, 4, 4, 1, 4, 2, 4, 2, 4, 2, 4, 2, 4, 2, 4], [4, 4, 4, 4, 4, 1, 4, 4, 4, 4, 4, 4, 4, 1, 4, 4, 4, 4, 4, 4, 4, 4, 4, 4, 4], [4, 2, 4, 2, 4, 1, 4, 4, 3, 3, 3, 4, 4, 1, 4, 2, 4, 2, 4, 2, 4, 2, 4, 2, 4], [4, 4, 4, 4, 4, 1, 4, 4, 3, 3, 3, 4, 4, 1, 4, 4, 4, 4, 4, 4, 4, 4, 4, 4, 4], [4, 2, 4, 2, 4, 1, 4, 4, 3, 3, 3, 4, 4, 1, 4, 2, 4, 2, 4, 2, 4, 2, 4, 2, 4], [4, 4, 4, 4, 4, 1, 4, 4, 4, 4, 4, 4, 4, 1, 4, 4, 4, 4, 4, 4, 4, 4, 4, 4, 4], [4, 2, 4, 2, 4, 1, 1, 1, 1, 1, 1, 1, 1, 1, 4, 2, 4, 2, 4, 2, 4, 2, 4, 2, 4], [4, 4, 4, 4, 4, 4, 4, 4, 4, 4, 4, 4, 4, 4, 4, 4, 4, 4, 4, 4, 4, 4, 4, 4, 4], [4, 2, 4, 2, 4, 2, 4, 2, 4, 2, 4, 2, 4, 2, 4, 2, 4, 2, 4, 2, 4, 2, 4, 2, 4], [4, 4, 4, 4, 4, 4, 4, 4, 4, 4, 4, 4, 4, 4, 4, 4, 4, 4, 4, 4, 4, 4, 4, 4, 4], [4, 2, 4, 2, 4, 2, 4, 2, 4, 2, 4, 2, 4, 2, 4, 2, 4, 2, 4, 2, 4, 2, 4, 2, 4], [4, 4, 4, 4, 4, 4, 4, 4, 4, 4, 4, 4, 4, 4, 4, 4, 4, 4, 4, 4, 4, 4, 4, 4, 4], [4, 2, 4, 2, 4, 2, 4, 2, 4, 2, 4, 2, 4, 2, 4, 2, 4, 2, 4, 2, 4, 2, 4, 2, 4], [4, 4, 4, 4, 4, 4, 4, 4, 4, 4, 4, 4, 4, 4, 4, 4, 4, 4, 4, 4, 4, 4, 4, 4, 4], [4, 2, 4, 2, 4, 2, 4, 2, 4, 2, 4, 2, 4, 2, 4, 2, 4, 2, 4, 2, 4, 2, 4, 2, 4], [4, 4, 4, 4, 4, 4, 4, 4, 4, 4, 4, 4, 4, 4, 4, 4, 4, 4, 4, 4, 4, 4, 4, 4, 4]]}, {"input": [[8, 8, 8, 8, 8, 8, 8, 8, 8, 8, 8, 8, 8, 8, 8, 8, 8, 8, 8, 8, 8, 8, 8, 8, 8], [8, 2, 8, 2, 8, 2, 8, 2, 8, 2, 8, 2, 8, 2, 8, 2, 8, 2, 8, 2, 8, 2, 8, 2, 8], [8, 8, 8, 8, 8, 8, 8, 8, 8, 8, 8, 8, 8, 8, 8, 8, 8, 8, 8, 8, 8, 8, 8, 8, 8], [8, 2, 8, 2, 8, 2, 8, 2, 8, 2, 8, 2, 8, 2, 8, 2, 8, 2, 8, 2, 8, 2, 8, 2, 8], [8, 8, 8, 8, 8, 8, 8, 8, 8, 8, 8, 8, 8, 8, 8, 8, 8, 8, 8, 8, 8, 8, 8, 8, 8], [8, 2, 8, 2, 8, 3, 8, 3, 8, 3, 8, 3, 8, 3, 8, 3, 8, 3, 8, 3, 8, 3, 8, 2, 8], [8, 8, 8, 8, 8, 8, 8, 8, 8, 8, 8, 8, 8, 8, 8, 8, 8, 8, 8, 8, 8, 8, 8, 8, 8], [8, 2, 8, 2, 8, 3, 8, 2, 8, 2, 8, 2, 8, 2, 8, 2, 8, 2, 8, 2, 8, 3, 8, 2, 8], [8, 8, 8, 8, 8, 8, 8, 8, 8, 8, 8, 8, 8, 8, 8, 8, 8, 8, 8, 8, 8, 8, 8, 8, 8], [8, 2, 8, 2, 8, 3, 8, 2, 8, 2, 8, 2, 8, 2, 8, 2, 8, 2, 8, 2, 8, 3, 8, 2, 8], [8, 8, 8, 8, 8, 8, 8, 8, 8, 8, 8, 8, 8, 8, 8, 8, 8, 8, 8, 8, 8, 8, 8, 8, 8], [8, 2, 8, 2, 8, 3, 8, 2, 8, 2, 8, 2, 8, 2, 8, 2, 8, 2, 8, 2, 8, 3, 8, 2, 8], [8, 8, 8, 8, 8, 8, 8, 8, 8, 8, 8, 8, 8, 8, 8, 8, 8, 8, 8, 8, 8, 8, 8, 8, 8], [8, 2, 8, 2, 8, 3, 8, 2, 8, 2, 8, 2, 8, 2, 8, 2, 8, 2, 8, 2, 8, 3, 8, 2, 8], [8, 8, 8, 8, 8, 8, 8, 8, 8, 8, 8, 8, 8, 8, 8, 8, 8, 8, 8, 8, 8, 8, 8, 8, 8], [8, 2, 8, 2, 8, 3, 8, 3, 8, 3, 8, 3, 8, 3, 8, 3, 8, 3, 8, 3, 8, 3, 8, 2, 8], [8, 8, 8, 8, 8, 8, 8, 8, 8, 8, 8, 8, 8, 8, 8, 8, 8, 8, 8, 8, 8, 8, 8, 8, 8], [8, 2, 8, 2, 8, 2, 8, 2, 8, 2, 8, 2, 8, 2, 8, 2, 8, 2, 8, 2, 8, 2, 8, 2, 8], [8, 8, 8, 8, 4, 8, 4, 8, 8, 8, 8, 8, 8, 8, 8, 8, 8, 8, 1, 8, 1, 8, 8, 8, 8], [8, 2, 8, 2, 8, 2, 8, 2, 8, 2, 8, 2, 8, 2, 8, 2, 8, 2, 8, 2, 8, 2, 8, 2, 8], [8, 8, 8, 8, 4, 8, 4, 8, 8, 8, 9, 8, 9, 8, 9, 8, 8, 8, 1, 8, 1, 8, 8, 8, 8], [8, 2, 8, 2, 8, 2, 8, 2, 8, 2, 8, 2, 8, 2, 8, 2, 8, 2, 8, 2, 8, 2, 8, 2, 8], [8, 8, 8, 8, 8, 8, 8, 8, 8, 8, 9, 8, 9, 8, 9, 8, 8, 8, 8, 8, 8, 8, 8, 8, 8], [8, 2, 8, 2, 8, 2, 8, 2, 8, 2, 8, 2, 8, 2, 8, 2, 8, 2, 8, 2, 8, 2, 8, 2, 8], [8, 8, 8, 8, 8, 8, 8, 8, 8, 8, 8, 8, 8, 8, 8, 8, 8, 8, 8, 8, 8, 8, 8, 8, 8]], "output": [[8, 8, 8, 8, 8, 8, 8, 8, 8, 8, 8, 8, 8, 8, 8, 8, 8, 8, 8, 8, 8, 8, 8, 8, 8], [8, 2, 8, 2, 8, 2, 8, 2, 8, 2, 8, 2, 8, 2, 8, 2, 8, 2, 8, 2, 8, 2, 8, 2, 8], [8, 8, 8, 8, 8, 8, 8, 8, 8, 8, 8, 8, 8, 8, 8, 8, 8, 8, 8, 8, 8, 8, 8, 8, 8], [8, 2, 8, 2, 8, 2, 8, 2, 8, 2, 8, 2, 8, 2, 8, 2, 8, 2, 8, 2, 8, 2, 8, 2, 8], [8, 8, 8, 8, 8, 8, 8, 8, 8, 8, 8, 8, 8, 8, 8, 8, 8, 8, 8, 8, 8, 8, 8, 8, 8], [8, 2, 8, 2, 8, 3, 3, 3, 3, 3, 3, 3, 3, 3, 3, 3, 3, 3, 3, 3, 3, 3, 8, 2, 8], [8, 8, 8, 8, 8, 3, 8, 8, 8, 8, 8, 8, 8, 8, 8, 8, 8, 8, 8, 8, 8, 3, 8, 8, 8], [8, 2, 8, 2, 8, 3, 8, 8, 8, 8, 8, 8, 8, 8, 8, 8, 8, 8, 8, 8, 8, 3, 8, 2, 8], [8, 8, 8, 8, 8, 3, 8, 8, 8, 8, 8, 8, 8, 8, 8, 8, 8, 8, 8, 8, 8, 3, 8, 8, 8], [8, 2, 8, 2, 8, 3, 8, 4, 4, 4, 8, 9, 9, 9, 9, 9, 8, 1, 1, 1, 8, 3, 8, 2, 8], [8, 8, 8, 8, 8, 3, 8, 4, 4, 4, 8, 9, 9, 9, 9, 9, 8, 1, 1, 1, 8, 3, 8, 8, 8], [8, 2, 8, 2, 8, 3, 8, 4, 4, 4, 8, 9, 9, 9, 9, 9, 8, 1, 1, 1, 8, 3, 8, 2, 8], [8, 8, 8, 8, 8, 3, 8, 8, 8, 8, 8, 8, 8, 8, 8, 8, 8, 8, 8, 8, 8, 3, 8, 8, 8], [8, 2, 8, 2, 8, 3, 8, 8, 8, 8, 8, 8, 8, 8, 8, 8, 8, 8, 8, 8, 8, 3, 8, 2, 8], [8, 8, 8, 8, 8, 3, 8, 8, 8, 8, 8, 8, 8, 8, 8, 8, 8, 8, 8, 8, 8, 3, 8, 8, 8], [8, 2, 8, 2, 8, 3, 3, 3, 3, 3, 3, 3, 3, 3, 3, 3, 3, 3, 3, 3, 3, 3, 8, 2, 8], [8, 8, 8, 8, 8, 8, 8, 8, 8, 8, 8, 8, 8, 8, 8, 8, 8, 8, 8, 8, 8, 8, 8, 8, 8], [8, 2, 8, 2, 8, 2, 8, 2, 8, 2, 8, 2, 8, 2, 8, 2, 8, 2, 8, 2, 8, 2, 8, 2, 8], [8, 8, 8, 8, 8, 8, 8, 8, 8, 8, 8, 8, 8, 8, 8, 8, 8, 8, 8, 8, 8, 8, 8, 8, 8], [8, 2, 8, 2, 8, 2, 8, 2, 8, 2, 8, 2, 8, 2, 8, 2, 8, 2, 8, 2, 8, 2, 8, 2, 8], [8, 8, 8, 8, 8, 8, 8, 8, 8, 8, 8, 8, 8, 8, 8, 8, 8, 8, 8, 8, 8, 8, 8, 8, 8], [8, 2, 8, 2, 8, 2, 8, 2, 8, 2, 8, 2, 8, 2, 8, 2, 8, 2, 8, 2, 8, 2, 8, 2, 8], [8, 8, 8, 8, 8, 8, 8, 8, 8, 8, 8, 8, 8, 8, 8, 8, 8, 8, 8, 8, 8, 8, 8, 8, 8], [8, 2, 8, 2, 8, 2, 8, 2, 8, 2, 8, 2, 8, 2, 8, 2, 8, 2, 8, 2, 8, 2, 8, 2, 8], [8, 8, 8, 8, 8, 8, 8, 8, 8, 8, 8, 8, 8, 8, 8, 8, 8, 8, 8, 8, 8, 8, 8, 8, 8]]}], "test": [{"input": [[4, 4, 4, 4, 4, 4, 4, 4, 4, 4, 4, 4, 4, 4, 4, 4, 4, 4, 4, 4, 4, 4, 4, 4, 4], [4, 1, 4, 1, 4, 1, 4, 1, 4, 1, 4, 1, 4, 1, 4, 1, 4, 1, 4, 1, 4, 1, 4, 1, 4], [4, 4, 4, 4, 4, 4, 4, 4, 4, 4, 4, 4, 4, 4, 4, 4, 4, 4, 4, 4, 4, 4, 4, 4, 4], [4, 1, 4, 8, 4, 8, 4, 8, 4, 8, 4, 8, 4, 1, 4, 1, 4, 1, 4, 1, 4, 1, 4, 1, 4], [4, 4, 4, 4, 4, 4, 4, 4, 4, 4, 4, 4, 4, 4, 4, 4, 4, 4, 2, 4, 2, 4, 4, 4, 4], [4, 1, 4, 8, 4, 1, 4, 1, 4, 1, 4, 8, 4, 1, 4, 1, 4, 1, 4, 1, 4, 1, 4, 1, 4], [4, 4, 4, 4, 4, 4, 4, 4, 4, 4, 4, 4, 4, 4, 4, 4, 4, 4, 2, 4, 2, 4, 4, 4, 4], [4, 1, 4, 8, 4, 1, 4, 1, 4, 1, 4, 8, 4, 1, 4, 1, 4, 1, 4, 1, 4, 1, 4, 1, 4], [4, 4, 4, 4, 4, 4, 4, 4, 4, 4, 4, 4, 4, 4, 4, 4, 4, 4, 4, 4, 4, 4, 4, 4, 4], [4, 1, 4, 8, 4, 1, 4, 1, 4, 1, 4, 8, 4, 1, 4, 1, 4, 1, 4, 1, 4, 1, 4, 1, 4], [4, 4, 4, 4, 4, 4, 4, 4, 4, 4, 4, 4, 4, 4, 4, 4, 4, 4, 4, 4, 3, 4, 3, 4, 4], [4, 1, 4, 8, 4, 1, 4, 1, 4, 1, 4, 8, 4, 1, 4, 1, 4, 1, 4, 1, 4, 1, 4, 1, 4], [4, 4, 4, 4, 4, 4, 4, 4, 4, 4, 4, 4, 4, 4, 4, 4, 4, 4, 9, 4, 9, 4, 4, 4, 4], [4, 1, 4, 8, 4, 1, 4, 1, 4, 1, 4, 8, 4, 1, 4, 1, 4, 1, 4, 1, 4, 1, 4, 1, 4], [4, 4, 4, 4, 4, 4, 4, 4, 4, 4, 4, 4, 4, 4, 4, 4, 4, 4, 9, 4, 9, 4, 4, 4, 4], [4, 1, 4, 8, 4, 8, 4, 8, 4, 8, 4, 8, 4, 1, 4, 1, 4, 1, 4, 1, 4, 1, 4, 1, 4], [4, 4, 4, 4, 4, 4, 4, 4, 4, 4, 4, 4, 4, 4, 4, 4, 4, 4, 4, 4, 4, 4, 4, 4, 4], [4, 1, 4, 1, 4, 1, 4, 1, 4, 1, 4, 1, 4, 1, 4, 1, 4, 1, 4, 1, 4, 1, 4, 1, 4], [4, 4, 4, 4, 4, 4, 4, 4, 4, 4, 4, 4, 4, 4, 4, 4, 4, 4, 4, 4, 4, 4, 4, 4, 4], [4, 1, 4, 1, 4, 1, 4, 1, 4, 1, 4, 1, 4, 1, 4, 1, 4, 1, 4, 1, 4, 1, 4, 1, 4], [4, 4, 4, 4, 4, 4, 4, 4, 4, 4, 4, 4, 4, 4, 4, 4, 4, 4, 4, 4, 4, 4, 4, 4, 4], [4, 1, 4, 1, 4, 1, 4, 1, 4, 1, 4, 1, 4, 1, 4, 1, 4, 1, 4, 1, 4, 1, 4, 1, 4], [4, 4, 4, 4, 4, 4, 4, 4, 4, 4, 4, 4, 4, 4, 4, 4, 4, 4, 4, 4, 4, 4, 4, 4, 4], [4, 1, 4, 1, 4, 1, 4, 1, 4, 1, 4, 1, 4, 1, 4, 1, 4, 1, 4, 1, 4, 1, 4, 1, 4], [4, 4, 4, 4, 4, 4, 4, 4, 4, 4, 4, 4, 4, 4, 4, 4, 4, 4, 4, 4, 4, 4, 4, 4, 4]], "output": [[4, 4, 4, 4, 4, 4, 4, 4, 4, 4, 4, 4, 4, 4, 4, 4, 4, 4, 4, 4, 4, 4, 4, 4, 4], [4, 1, 4, 1, 4, 1, 4, 1, 4, 1, 4, 1, 4, 1, 4, 1, 4, 1, 4, 1, 4, 1, 4, 1, 4], [4, 4, 4, 4, 4, 4, 4, 4, 4, 4, 4, 4, 4, 4, 4, 4, 4, 4, 4, 4, 4, 4, 4, 4, 4], [4, 1, 4, 8, 8, 8, 8, 8, 8, 8, 8, 8, 4, 1, 4, 1, 4, 1, 4, 1, 4, 1, 4, 1, 4], [4, 4, 4, 8, 4, 4, 4, 4, 4, 4, 4, 8, 4, 4, 4, 4, 4, 4, 4, 4, 4, 4, 4, 4, 4], [4, 1, 4, 8, 4, 4, 2, 2, 2, 4, 4, 8, 4, 1, 4, 1, 4, 1, 4, 1, 4, 1, 4, 1, 4], [4, 4, 4, 8, 4, 4, 2, 2, 2, 4, 4, 8, 4, 4, 4, 4, 4, 4, 4, 4, 4, 4, 4, 4, 4], [4, 1, 4, 8, 4, 4, 2, 2, 2, 4, 4, 8, 4, 1, 4, 1, 4, 1, 4, 1, 4, 1, 4, 1, 4], [4, 4, 4, 8, 4, 4, 4, 4, 4, 4, 4, 8, 4, 4, 4, 4, 4, 4, 4, 4, 4, 4, 4, 4, 4], [4, 1, 4, 8, 4, 4, 3, 3, 3, 4, 4, 8, 4, 1, 4, 1, 4, 1, 4, 1, 4, 1, 4, 1, 4], [4, 4, 4, 8, 4, 4, 4, 4, 4, 4, 4, 8, 4, 4, 4, 4, 4, 4, 4, 4, 4, 4, 4, 4, 4], [4, 1, 4, 8, 4, 4, 9, 9, 9, 4, 4, 8, 4, 1, 4, 1, 4, 1, 4, 1, 4, 1, 4, 1, 4], [4, 4, 4, 8, 4, 4, 9, 9, 9, 4, 4, 8, 4, 4, 4, 4, 4, 4, 4, 4, 4, 4, 4, 4, 4], [4, 1, 4, 8, 4, 4, 9, 9, 9, 4, 4, 8, 4, 1, 4, 1, 4, 1, 4, 1, 4, 1, 4, 1, 4], [4, 4, 4, 8, 4, 4, 4, 4, 4, 4, 4, 8, 4, 4, 4, 4, 4, 4, 4, 4, 4, 4, 4, 4, 4], [4, 1, 4, 8, 8, 8, 8, 8, 8, 8, 8, 8, 4, 1, 4, 1, 4, 1, 4, 1, 4, 1, 4, 1, 4], [4, 4, 4, 4, 4, 4, 4, 4, 4, 4, 4, 4, 4, 4, 4, 4, 4, 4, 4, 4, 4, 4, 4, 4, 4], [4, 1, 4, 1, 4, 1, 4, 1, 4, 1, 4, 1, 4, 1, 4, 1, 4, 1, 4, 1, 4, 1, 4, 1, 4], [4, 4, 4, 4, 4, 4, 4, 4, 4, 4, 4, 4, 4, 4, 4, 4, 4, 4, 4, 4, 4, 4, 4, 4, 4], [4, 1, 4, 1, 4, 1, 4, 1, 4, 1, 4, 1, 4, 1, 4, 1, 4, 1, 4, 1, 4, 1, 4, 1, 4], [4, 4, 4, 4, 4, 4, 4, 4, 4, 4, 4, 4, 4, 4, 4, 4, 4, 4, 4, 4, 4, 4, 4, 4, 4], [4, 1, 4, 1, 4, 1, 4, 1, 4, 1, 4, 1, 4, 1, 4, 1, 4, 1, 4, 1, 4, 1, 4, 1, 4], [4, 4, 4, 4, 4, 4, 4, 4, 4, 4, 4, 4, 4, 4, 4, 4, 4, 4, 4, 4, 4, 4, 4, 4, 4], [4, 1, 4, 1, 4, 1, 4, 1, 4, 1, 4, 1, 4, 1, 4, 1, 4, 1, 4, 1, 4, 1, 4, 1, 4], [4, 4, 4, 4, 4, 4, 4, 4, 4, 4, 4, 4, 4, 4, 4, 4, 4, 4, 4, 4, 4, 4, 4, 4, 4]]}]}