{"train": [{"input": [[7, 7, 7, 7, 7, 7, 7, 7, 7, 7, 7], [7, 7, 7, 7, 7, 7, 7, 7, 7, 7, 7], [7, 7, 7, 7, 7, 7, 7, 7, 7, 7, 7], [7, 7, 7, 7, 7, 7, 7, 7, 7, 7, 7], [7, 7, 7, 7, 7, 7, 7, 7, 7, 7, 7], [4, 4, 4, 4, 4, 4, 4, 4, 4, 4, 4], [7, 7, 7, 7, 2, 7, 7, 7, 7, 7, 6], [7, 7, 7, 7, 2, 2, 7, 7, 7, 7, 6], [7, 7, 7, 7, 7, 7, 7, 7, 6, 7, 6], [7, 7, 7, 7, 7, 7, 7, 7, 7, 6, 7], [7, 7, 7, 7, 7, 7, 7, 7, 7, 7, 7]], "output": [[7, 7, 7, 7, 7, 7, 7, 7, 7, 7, 6], [7, 7, 7, 7, 7, 7, 7, 2, 7, 7, 6], [7, 7, 7, 7, 7, 7, 7, 2, 2, 7, 6], [7, 7, 7, 7, 7, 7, 7, 7, 7, 6, 7], [7, 7, 7, 7, 7, 7, 7, 7, 7, 7, 7], [4, 4, 4, 4, 4, 4, 4, 4, 4, 4, 4], [7, 7, 7, 7, 7, 7, 7, 7, 7, 7, 7], [7, 7, 7, 7, 7, 7, 7, 7, 7, 7, 7], [7, 7, 7, 7, 7, 7, 7, 7, 7, 7, 7], [7, 7, 7, 7, 7, 7, 7, 7, 7, 7, 7], [7, 7, 7, 7, 7, 7, 7, 7, 7, 7, 7]]}, {"input": [[7, 7, 7, 7, 7, 7, 7, 7, 7, 7, 7], [7, 7, 7, 7, 7, 7, 7, 7, 7, 7, 7], [7, 7, 7, 7, 7, 7, 7, 7, 7, 7, 7], [7, 7, 7, 7, 7, 7, 7, 7, 7, 7, 7], [7, 7, 7, 7, 7, 7, 7, 7, 7, 7, 7], [4, 4, 4, 4, 4, 4, 4, 4, 4, 4, 4], [7, 7, 7, 7, 7, 7, 7, 7, 6, 7, 7], [7, 7, 7, 7, 7, 7, 7, 7, 6, 7, 7], [7, 8, 8, 7, 7, 7, 6, 7, 6, 7, 7], [7, 8, 8, 7, 7, 7, 7, 6, 7, 7, 7], [7, 7, 7, 7, 7, 7, 7, 7, 7, 7, 7]], "output": [[7, 7, 7, 7, 7, 7, 7, 7, 6, 7, 7], [7, 7, 7, 7, 7, 8, 8, 7, 6, 7, 7], [7, 7, 7, 7, 7, 8, 8, 7, 6, 7, 7], [7, 7, 7, 7, 7, 7, 7, 6, 7, 7, 7], [7, 7, 7, 7, 7, 7, 7, 7, 7, 7, 7], [4, 4, 4, 4, 4, 4, 4, 4, 4, 4, 4], [7, 7, 7, 7, 7, 7, 7, 7, 7, 7, 7], [7, 7, 7, 7, 7, 7, 7, 7, 7, 7, 7], [7, 7, 7, 7, 7, 7, 7, 7, 7, 7, 7], [7, 7, 7, 7, 7, 7, 7, 7, 7, 7, 7], [7, 7, 7, 7, 7, 7, 7, 7, 7, 7, 7]]}, {"input": [[7, 7, 7, 7, 7, 7, 7, 7, 7, 7, 7], [7, 7, 7, 7, 7, 7, 7, 7, 7, 7, 7], [7, 7, 7, 7, 7, 7, 7, 7, 7, 7, 7], [7, 7, 7, 7, 7, 7, 7, 7, 7, 7, 7], [7, 7, 7, 7, 7, 7, 7, 7, 7, 7, 7], [4, 4, 4, 4, 4, 4, 4, 4, 4, 4, 4], [7, 7, 7, 7, 7, 6, 7, 7, 7, 1, 7], [7, 7, 7, 7, 7, 6, 7, 7, 1, 7, 7], [7, 7, 7, 6, 7, 6, 7, 7, 7, 7, 7], [7, 7, 7, 7, 6, 7, 7, 7, 7, 7, 7], [7, 7, 7, 7, 7, 7, 7, 7, 7, 7, 7]], "output": [[7, 7, 7, 7, 7, 6, 7, 7, 7, 7, 7], [7, 7, 7, 1, 7, 6, 7, 7, 7, 7, 7], [7, 7, 1, 6, 7, 6, 7, 7, 7, 7, 7], [7, 7, 7, 7, 6, 7, 7, 7, 7, 7, 7], [7, 7, 7, 7, 7, 7, 7, 7, 7, 7, 7], [4, 4, 4, 4, 4, 4, 4, 4, 4, 4, 4], [7, 7, 7, 7, 7, 7, 7, 7, 7, 7, 7], [7, 7, 7, 7, 7, 7, 7, 7, 7, 7, 7], [7, 7, 7, 7, 7, 7, 7, 7, 7, 7, 7], [7, 7, 7, 7, 7, 7, 7, 7, 7, 7, 7], [7, 7, 7, 7, 7, 7, 7, 7, 7, 7, 7]]}], "test": [{"input": [[7, 7, 7, 7, 7, 7, 7, 7, 7, 7, 7], [7, 7, 7, 7, 7, 7, 7, 7, 7, 7, 7], [7, 7, 7, 7, 7, 7, 7, 7, 7, 7, 7], [7, 7, 7, 7, 7, 7, 7, 7, 7, 7, 7], [7, 7, 7, 7, 7, 7, 7, 7, 7, 7, 7], [4, 4, 4, 4, 4, 4, 4, 4, 4, 4, 4], [7, 7, 7, 7, 7, 7, 7, 7, 6, 7, 7], [7, 7, 7, 8, 7, 7, 7, 7, 6, 7, 7], [7, 7, 8, 7, 7, 7, 6, 7, 6, 7, 7], [7, 7, 7, 8, 7, 7, 7, 6, 7, 7, 7], [7, 7, 7, 7, 7, 7, 7, 7, 7, 7, 7]], "output": [[7, 7, 7, 7, 7, 7, 8, 7, 6, 7, 7], [7, 7, 7, 7, 7, 8, 7, 7, 6, 7, 7], [7, 7, 7, 7, 7, 7, 8, 7, 6, 7, 7], [7, 7, 7, 7, 7, 7, 7, 6, 7, 7, 7], [7, 7, 7, 7, 7, 7, 7, 7, 7, 7, 7], [4, 4, 4, 4, 4, 4, 4, 4, 4, 4, 4], [7, 7, 7, 7, 7, 7, 7, 7, 7, 7, 7], [7, 7, 7, 7, 7, 7, 7, 7, 7, 7, 7], [7, 7, 7, 7, 7, 7, 7, 7, 7, 7, 7], [7, 7, 7, 7, 7, 7, 7, 7, 7, 7, 7], [7, 7, 7, 7, 7, 7, 7, 7, 7, 7, 7]]}]}