{"train": [{"input": [[0, 2, 0, 2, 0, 0, 2, 0, 0, 2, 0, 2], [2, 2, 0, 2, 2, 0, 2, 2, 0, 2, 0, 2]], "output": [[0, 0, 0, 3, 0, 0, 0], [0, 0, 2, 2, 0, 0, 0], [0, 0, 2, 2, 0, 0, 0], [0, 0, 0, 2, 2, 0, 0], [0, 0, 0, 0, 2, 0, 0], [0, 0, 0, 0, 2, 0, 0], [0, 0, 0, 0, 2, 0, 0], [0, 0, 0, 0, 2, 0, 0]]}, {"input": [[2, 0, 0, 0, 2, 0, 2, 0, 2, 0, 0, 2], [2, 2, 0, 2, 2, 0, 2, 0, 2, 2, 0, 2]], "output": [[0, 0, 0, 3, 0, 0, 0], [0, 0, 0, 2, 2, 0, 0], [0, 0, 0, 2, 2, 0, 0], [0, 0, 0, 2, 0, 0, 0], [0, 0, 0, 2, 0, 0, 0], [0, 0, 0, 2, 2, 0, 0], [0, 0, 0, 0, 2, 0, 0], [0, 0, 0, 0, 2, 0, 0]]}, {"input": [[2, 0, 0, 2, 0, 0, 2, 0, 0, 2, 0, 2], [2, 2, 0, 2, 2, 0, 2, 2, 0, 2, 0, 2]], "output": [[0, 0, 0, 3, 0, 0, 0], [0, 0, 0, 2, 2, 0, 0], [0, 0, 0, 0, 2, 2, 0], [0, 0, 0, 0, 0, 2, 2], [0, 0, 0, 0, 0, 0, 2], [0, 0, 0, 0, 0, 0, 2], [0, 0, 0, 0, 0, 0, 2], [0, 0, 0, 0, 0, 0, 2]]}], "test": [{"input": [[2, 0, 2, 0, 0, 2, 0, 0, 0, 2, 0, 2], [2, 0, 2, 2, 0, 2, 2, 0, 2, 2, 0, 2]], "output": [[0, 0, 0, 3, 0, 0, 0], [0, 0, 0, 2, 0, 0, 0], [0, 0, 0, 2, 0, 0, 0], [0, 0, 0, 2, 2, 0, 0], [0, 0, 0, 0, 2, 2, 0], [0, 0, 0, 0, 2, 2, 0], [0, 0, 0, 0, 2, 0, 0], [0, 0, 0, 0, 2, 0, 0]]}]}