{"train": [{"input": [[0, 0, 8, 0, 0, 8, 0, 0, 8, 2, 0, 8, 0, 0, 8, 0, 0, 8, 0, 0, 8, 0, 0, 8], [0, 0, 8, 0, 0, 8, 0, 0, 8, 0, 0, 8, 0, 0, 8, 0, 0, 8, 0, 0, 8, 0, 0, 8], [8, 8, 8, 8, 8, 8, 8, 8, 8, 8, 8, 8, 8, 8, 8, 8, 8, 8, 8, 8, 8, 8, 8, 8], [0, 0, 8, 3, 0, 8, 0, 0, 8, 0, 0, 8, 0, 0, 8, 0, 0, 8, 3, 0, 8, 0, 0, 8], [0, 0, 8, 0, 0, 8, 0, 0, 8, 0, 0, 8, 0, 0, 8, 0, 0, 8, 0, 0, 8, 0, 0, 8], [8, 8, 8, 8, 8, 8, 8, 8, 8, 8, 8, 8, 8, 8, 8, 8, 8, 8, 8, 8, 8, 8, 8, 8], [0, 0, 8, 0, 0, 8, 0, 0, 8, 0, 0, 8, 0, 0, 8, 0, 0, 8, 0, 0, 8, 0, 0, 8], [0, 0, 8, 0, 0, 8, 0, 0, 8, 0, 0, 8, 0, 0, 8, 0, 0, 8, 0, 0, 8, 0, 0, 8], [8, 8, 8, 8, 8, 8, 8, 8, 8, 8, 8, 8, 8, 8, 8, 8, 8, 8, 8, 8, 8, 8, 8, 8], [0, 0, 8, 0, 0, 8, 0, 0, 8, 0, 0, 8, 0, 0, 8, 0, 0, 8, 0, 0, 8, 0, 0, 8], [0, 0, 8, 0, 0, 8, 0, 0, 8, 0, 0, 8, 0, 0, 8, 0, 0, 8, 0, 0, 8, 0, 0, 8], [8, 8, 8, 8, 8, 8, 8, 8, 8, 8, 8, 8, 8, 8, 8, 8, 8, 8, 8, 8, 8, 8, 8, 8], [0, 0, 8, 0, 0, 8, 0, 0, 8, 0, 0, 8, 0, 0, 8, 0, 0, 8, 2, 0, 8, 0, 0, 8], [0, 0, 8, 0, 0, 8, 0, 0, 8, 0, 0, 8, 0, 0, 8, 0, 0, 8, 0, 0, 8, 0, 0, 8], [8, 8, 8, 8, 8, 8, 8, 8, 8, 8, 8, 8, 8, 8, 8, 8, 8, 8, 8, 8, 8, 8, 8, 8], [0, 0, 8, 0, 0, 8, 0, 0, 8, 0, 0, 8, 0, 0, 8, 0, 0, 8, 0, 0, 8, 0, 0, 8], [0, 0, 8, 0, 0, 8, 0, 0, 8, 0, 0, 8, 0, 0, 8, 0, 0, 8, 0, 0, 8, 0, 0, 8], [8, 8, 8, 8, 8, 8, 8, 8, 8, 8, 8, 8, 8, 8, 8, 8, 8, 8, 8, 8, 8, 8, 8, 8], [0, 0, 8, 0, 0, 8, 0, 0, 8, 2, 0, 8, 0, 0, 8, 0, 0, 8, 2, 0, 8, 0, 0, 8], [0, 0, 8, 0, 0, 8, 0, 0, 8, 0, 0, 8, 0, 0, 8, 0, 0, 8, 0, 0, 8, 0, 0, 8], [8, 8, 8, 8, 8, 8, 8, 8, 8, 8, 8, 8, 8, 8, 8, 8, 8, 8, 8, 8, 8, 8, 8, 8], [0, 0, 8, 0, 0, 8, 0, 0, 8, 0, 0, 8, 0, 0, 8, 0, 0, 8, 0, 0, 8, 0, 0, 8], [0, 0, 8, 0, 0, 8, 0, 0, 8, 0, 0, 8, 0, 0, 8, 0, 0, 8, 0, 0, 8, 0, 0, 8], [8, 8, 8, 8, 8, 8, 8, 8, 8, 8, 8, 8, 8, 8, 8, 8, 8, 8, 8, 8, 8, 8, 8, 8]], "output": [[0, 0, 8, 0, 0, 8, 0, 0, 8, 2, 2, 8, 0, 0, 8, 0, 0, 8, 0, 0, 8, 0, 0, 8], [0, 0, 8, 0, 0, 8, 0, 0, 8, 2, 2, 8, 0, 0, 8, 0, 0, 8, 0, 0, 8, 0, 0, 8], [8, 8, 8, 8, 8, 8, 8, 8, 8, 8, 8, 8, 8, 8, 8, 8, 8, 8, 8, 8, 8, 8, 8, 8], [0, 0, 8, 3, 3, 8, 3, 3, 8, 6, 6, 8, 3, 3, 8, 3, 3, 8, 3, 3, 8, 0, 0, 8], [0, 0, 8, 3, 3, 8, 3, 3, 8, 6, 6, 8, 3, 3, 8, 3, 3, 8, 3, 3, 8, 0, 0, 8], [8, 8, 8, 8, 8, 8, 8, 8, 8, 8, 8, 8, 8, 8, 8, 8, 8, 8, 8, 8, 8, 8, 8, 8], [0, 0, 8, 0, 0, 8, 0, 0, 8, 2, 2, 8, 0, 0, 8, 0, 0, 8, 0, 0, 8, 0, 0, 8], [0, 0, 8, 0, 0, 8, 0, 0, 8, 2, 2, 8, 0, 0, 8, 0, 0, 8, 0, 0, 8, 0, 0, 8], [8, 8, 8, 8, 8, 8, 8, 8, 8, 8, 8, 8, 8, 8, 8, 8, 8, 8, 8, 8, 8, 8, 8, 8], [0, 0, 8, 0, 0, 8, 0, 0, 8, 2, 2, 8, 0, 0, 8, 0, 0, 8, 0, 0, 8, 0, 0, 8], [0, 0, 8, 0, 0, 8, 0, 0, 8, 2, 2, 8, 0, 0, 8, 0, 0, 8, 0, 0, 8, 0, 0, 8], [8, 8, 8, 8, 8, 8, 8, 8, 8, 8, 8, 8, 8, 8, 8, 8, 8, 8, 8, 8, 8, 8, 8, 8], [0, 0, 8, 0, 0, 8, 0, 0, 8, 2, 2, 8, 0, 0, 8, 0, 0, 8, 2, 2, 8, 0, 0, 8], [0, 0, 8, 0, 0, 8, 0, 0, 8, 2, 2, 8, 0, 0, 8, 0, 0, 8, 2, 2, 8, 0, 0, 8], [8, 8, 8, 8, 8, 8, 8, 8, 8, 8, 8, 8, 8, 8, 8, 8, 8, 8, 8, 8, 8, 8, 8, 8], [0, 0, 8, 0, 0, 8, 0, 0, 8, 2, 2, 8, 0, 0, 8, 0, 0, 8, 2, 2, 8, 0, 0, 8], [0, 0, 8, 0, 0, 8, 0, 0, 8, 2, 2, 8, 0, 0, 8, 0, 0, 8, 2, 2, 8, 0, 0, 8], [8, 8, 8, 8, 8, 8, 8, 8, 8, 8, 8, 8, 8, 8, 8, 8, 8, 8, 8, 8, 8, 8, 8, 8], [0, 0, 8, 0, 0, 8, 0, 0, 8, 2, 2, 8, 2, 2, 8, 2, 2, 8, 2, 2, 8, 0, 0, 8], [0, 0, 8, 0, 0, 8, 0, 0, 8, 2, 2, 8, 2, 2, 8, 2, 2, 8, 2, 2, 8, 0, 0, 8], [8, 8, 8, 8, 8, 8, 8, 8, 8, 8, 8, 8, 8, 8, 8, 8, 8, 8, 8, 8, 8, 8, 8, 8], [0, 0, 8, 0, 0, 8, 0, 0, 8, 0, 0, 8, 0, 0, 8, 0, 0, 8, 0, 0, 8, 0, 0, 8], [0, 0, 8, 0, 0, 8, 0, 0, 8, 0, 0, 8, 0, 0, 8, 0, 0, 8, 0, 0, 8, 0, 0, 8], [8, 8, 8, 8, 8, 8, 8, 8, 8, 8, 8, 8, 8, 8, 8, 8, 8, 8, 8, 8, 8, 8, 8, 8]]}, {"input": [[0, 0, 0, 8, 0, 0, 0, 8, 0, 0, 0, 8, 0, 0, 0, 8, 0, 0, 0, 8, 0, 0], [0, 0, 0, 8, 0, 2, 0, 8, 0, 0, 0, 8, 0, 0, 0, 8, 0, 0, 0, 8, 0, 0], [0, 0, 0, 8, 0, 0, 0, 8, 0, 0, 0, 8, 0, 0, 0, 8, 0, 0, 0, 8, 0, 0], [8, 8, 8, 8, 8, 8, 8, 8, 8, 8, 8, 8, 8, 8, 8, 8, 8, 8, 8, 8, 8, 8], [0, 0, 0, 8, 0, 0, 0, 8, 0, 0, 0, 8, 0, 0, 0, 8, 0, 0, 0, 8, 0, 0], [0, 0, 0, 8, 0, 0, 0, 8, 0, 0, 0, 8, 0, 0, 0, 8, 0, 0, 0, 8, 0, 0], [0, 0, 0, 8, 0, 0, 0, 8, 0, 0, 0, 8, 0, 0, 0, 8, 0, 0, 0, 8, 0, 0], [8, 8, 8, 8, 8, 8, 8, 8, 8, 8, 8, 8, 8, 8, 8, 8, 8, 8, 8, 8, 8, 8], [0, 0, 0, 8, 0, 0, 0, 8, 0, 0, 0, 8, 0, 0, 0, 8, 0, 0, 0, 8, 0, 0], [0, 3, 0, 8, 0, 0, 0, 8, 0, 0, 0, 8, 0, 0, 0, 8, 0, 3, 0, 8, 0, 0], [0, 0, 0, 8, 0, 0, 0, 8, 0, 0, 0, 8, 0, 0, 0, 8, 0, 0, 0, 8, 0, 0], [8, 8, 8, 8, 8, 8, 8, 8, 8, 8, 8, 8, 8, 8, 8, 8, 8, 8, 8, 8, 8, 8], [0, 0, 0, 8, 0, 0, 0, 8, 0, 0, 0, 8, 0, 0, 0, 8, 0, 0, 0, 8, 0, 0], [0, 0, 0, 8, 0, 0, 0, 8, 0, 0, 0, 8, 0, 0, 0, 8, 0, 0, 0, 8, 0, 0], [0, 0, 0, 8, 0, 0, 0, 8, 0, 0, 0, 8, 0, 0, 0, 8, 0, 0, 0, 8, 0, 0], [8, 8, 8, 8, 8, 8, 8, 8, 8, 8, 8, 8, 8, 8, 8, 8, 8, 8, 8, 8, 8, 8], [0, 0, 0, 8, 0, 0, 0, 8, 0, 0, 0, 8, 0, 0, 0, 8, 0, 0, 0, 8, 0, 0], [0, 0, 0, 8, 0, 2, 0, 8, 0, 0, 0, 8, 0, 0, 0, 8, 0, 0, 0, 8, 0, 0], [0, 0, 0, 8, 0, 0, 0, 8, 0, 0, 0, 8, 0, 0, 0, 8, 0, 0, 0, 8, 0, 0], [8, 8, 8, 8, 8, 8, 8, 8, 8, 8, 8, 8, 8, 8, 8, 8, 8, 8, 8, 8, 8, 8], [0, 0, 0, 8, 0, 0, 0, 8, 0, 0, 0, 8, 0, 0, 0, 8, 0, 0, 0, 8, 0, 0], [0, 0, 0, 8, 0, 0, 0, 8, 0, 0, 0, 8, 0, 0, 0, 8, 0, 0, 0, 8, 0, 0]], "output": [[0, 0, 0, 8, 2, 2, 2, 8, 0, 0, 0, 8, 0, 0, 0, 8, 0, 0, 0, 8, 0, 0], [0, 0, 0, 8, 2, 2, 2, 8, 0, 0, 0, 8, 0, 0, 0, 8, 0, 0, 0, 8, 0, 0], [0, 0, 0, 8, 2, 2, 2, 8, 0, 0, 0, 8, 0, 0, 0, 8, 0, 0, 0, 8, 0, 0], [8, 8, 8, 8, 8, 8, 8, 8, 8, 8, 8, 8, 8, 8, 8, 8, 8, 8, 8, 8, 8, 8], [0, 0, 0, 8, 2, 2, 2, 8, 0, 0, 0, 8, 0, 0, 0, 8, 0, 0, 0, 8, 0, 0], [0, 0, 0, 8, 2, 2, 2, 8, 0, 0, 0, 8, 0, 0, 0, 8, 0, 0, 0, 8, 0, 0], [0, 0, 0, 8, 2, 2, 2, 8, 0, 0, 0, 8, 0, 0, 0, 8, 0, 0, 0, 8, 0, 0], [8, 8, 8, 8, 8, 8, 8, 8, 8, 8, 8, 8, 8, 8, 8, 8, 8, 8, 8, 8, 8, 8], [3, 3, 3, 8, 6, 6, 6, 8, 3, 3, 3, 8, 3, 3, 3, 8, 3, 3, 3, 8, 0, 0], [3, 3, 3, 8, 6, 6, 6, 8, 3, 3, 3, 8, 3, 3, 3, 8, 3, 3, 3, 8, 0, 0], [3, 3, 3, 8, 6, 6, 6, 8, 3, 3, 3, 8, 3, 3, 3, 8, 3, 3, 3, 8, 0, 0], [8, 8, 8, 8, 8, 8, 8, 8, 8, 8, 8, 8, 8, 8, 8, 8, 8, 8, 8, 8, 8, 8], [0, 0, 0, 8, 2, 2, 2, 8, 0, 0, 0, 8, 0, 0, 0, 8, 0, 0, 0, 8, 0, 0], [0, 0, 0, 8, 2, 2, 2, 8, 0, 0, 0, 8, 0, 0, 0, 8, 0, 0, 0, 8, 0, 0], [0, 0, 0, 8, 2, 2, 2, 8, 0, 0, 0, 8, 0, 0, 0, 8, 0, 0, 0, 8, 0, 0], [8, 8, 8, 8, 8, 8, 8, 8, 8, 8, 8, 8, 8, 8, 8, 8, 8, 8, 8, 8, 8, 8], [0, 0, 0, 8, 2, 2, 2, 8, 0, 0, 0, 8, 0, 0, 0, 8, 0, 0, 0, 8, 0, 0], [0, 0, 0, 8, 2, 2, 2, 8, 0, 0, 0, 8, 0, 0, 0, 8, 0, 0, 0, 8, 0, 0], [0, 0, 0, 8, 2, 2, 2, 8, 0, 0, 0, 8, 0, 0, 0, 8, 0, 0, 0, 8, 0, 0], [8, 8, 8, 8, 8, 8, 8, 8, 8, 8, 8, 8, 8, 8, 8, 8, 8, 8, 8, 8, 8, 8], [0, 0, 0, 8, 0, 0, 0, 8, 0, 0, 0, 8, 0, 0, 0, 8, 0, 0, 0, 8, 0, 0], [0, 0, 0, 8, 0, 0, 0, 8, 0, 0, 0, 8, 0, 0, 0, 8, 0, 0, 0, 8, 0, 0]]}, {"input": [[0, 0, 0, 0, 0, 8, 0, 0, 0, 0, 0, 8, 0, 0, 0, 0, 0, 8, 0, 0, 0, 0, 0, 8, 0, 0], [0, 0, 0, 0, 0, 8, 0, 0, 0, 0, 0, 8, 0, 0, 0, 0, 0, 8, 0, 0, 0, 0, 0, 8, 0, 0], [0, 0, 0, 0, 0, 8, 0, 0, 0, 0, 0, 8, 0, 0, 0, 0, 0, 8, 0, 0, 0, 0, 0, 8, 0, 0], [0, 0, 0, 0, 0, 8, 0, 0, 0, 0, 0, 8, 0, 0, 0, 0, 0, 8, 0, 0, 0, 0, 0, 8, 0, 0], [0, 0, 0, 0, 0, 8, 0, 0, 0, 0, 0, 8, 0, 0, 0, 0, 0, 8, 0, 0, 0, 0, 0, 8, 0, 0], [8, 8, 8, 8, 8, 8, 8, 8, 8, 8, 8, 8, 8, 8, 8, 8, 8, 8, 8, 8, 8, 8, 8, 8, 8, 8], [0, 0, 0, 0, 0, 8, 0, 0, 0, 0, 0, 8, 0, 0, 0, 0, 0, 8, 0, 0, 0, 0, 0, 8, 0, 0], [0, 0, 0, 0, 0, 8, 0, 0, 0, 0, 0, 8, 0, 0, 0, 0, 0, 8, 0, 0, 0, 0, 0, 8, 0, 0], [0, 0, 2, 0, 0, 8, 0, 0, 0, 0, 0, 8, 0, 0, 0, 0, 0, 8, 0, 0, 2, 0, 0, 8, 0, 0], [0, 0, 0, 0, 0, 8, 0, 0, 0, 0, 0, 8, 0, 0, 0, 0, 0, 8, 0, 0, 0, 0, 0, 8, 0, 0], [0, 0, 0, 0, 0, 8, 0, 0, 0, 0, 0, 8, 0, 0, 0, 0, 0, 8, 0, 0, 0, 0, 0, 8, 0, 0], [8, 8, 8, 8, 8, 8, 8, 8, 8, 8, 8, 8, 8, 8, 8, 8, 8, 8, 8, 8, 8, 8, 8, 8, 8, 8], [0, 0, 0, 0, 0, 8, 0, 0, 0, 0, 0, 8, 0, 0, 0, 0, 0, 8, 0, 0, 0, 0, 0, 8, 0, 0], [0, 0, 0, 0, 0, 8, 0, 0, 0, 0, 0, 8, 0, 0, 0, 0, 0, 8, 0, 0, 0, 0, 0, 8, 0, 0], [0, 0, 0, 0, 0, 8, 0, 0, 0, 0, 0, 8, 0, 0, 0, 0, 0, 8, 0, 0, 0, 0, 0, 8, 0, 0], [0, 0, 0, 0, 0, 8, 0, 0, 0, 0, 0, 8, 0, 0, 0, 0, 0, 8, 0, 0, 0, 0, 0, 8, 0, 0], [0, 0, 0, 0, 0, 8, 0, 0, 0, 0, 0, 8, 0, 0, 0, 0, 0, 8, 0, 0, 0, 0, 0, 8, 0, 0], [8, 8, 8, 8, 8, 8, 8, 8, 8, 8, 8, 8, 8, 8, 8, 8, 8, 8, 8, 8, 8, 8, 8, 8, 8, 8], [0, 0, 0, 0, 0, 8, 0, 0, 0, 0, 0, 8, 0, 0, 0, 0, 0, 8, 0, 0, 0, 0, 0, 8, 0, 0], [0, 0, 0, 0, 0, 8, 0, 0, 0, 0, 0, 8, 0, 0, 0, 0, 0, 8, 0, 0, 0, 0, 0, 8, 0, 0], [0, 0, 3, 0, 0, 8, 0, 0, 0, 0, 0, 8, 0, 0, 3, 0, 0, 8, 0, 0, 0, 0, 0, 8, 0, 0], [0, 0, 0, 0, 0, 8, 0, 0, 0, 0, 0, 8, 0, 0, 0, 0, 0, 8, 0, 0, 0, 0, 0, 8, 0, 0], [0, 0, 0, 0, 0, 8, 0, 0, 0, 0, 0, 8, 0, 0, 0, 0, 0, 8, 0, 0, 0, 0, 0, 8, 0, 0], [8, 8, 8, 8, 8, 8, 8, 8, 8, 8, 8, 8, 8, 8, 8, 8, 8, 8, 8, 8, 8, 8, 8, 8, 8, 8], [0, 0, 0, 0, 0, 8, 0, 0, 0, 0, 0, 8, 0, 0, 0, 0, 0, 8, 0, 0, 0, 0, 0, 8, 0, 0], [0, 0, 0, 0, 0, 8, 0, 0, 0, 0, 0, 8, 0, 0, 0, 0, 0, 8, 0, 0, 0, 0, 0, 8, 0, 0]], "output": [[0, 0, 0, 0, 0, 8, 0, 0, 0, 0, 0, 8, 0, 0, 0, 0, 0, 8, 0, 0, 0, 0, 0, 8, 0, 0], [0, 0, 0, 0, 0, 8, 0, 0, 0, 0, 0, 8, 0, 0, 0, 0, 0, 8, 0, 0, 0, 0, 0, 8, 0, 0], [0, 0, 0, 0, 0, 8, 0, 0, 0, 0, 0, 8, 0, 0, 0, 0, 0, 8, 0, 0, 0, 0, 0, 8, 0, 0], [0, 0, 0, 0, 0, 8, 0, 0, 0, 0, 0, 8, 0, 0, 0, 0, 0, 8, 0, 0, 0, 0, 0, 8, 0, 0], [0, 0, 0, 0, 0, 8, 0, 0, 0, 0, 0, 8, 0, 0, 0, 0, 0, 8, 0, 0, 0, 0, 0, 8, 0, 0], [8, 8, 8, 8, 8, 8, 8, 8, 8, 8, 8, 8, 8, 8, 8, 8, 8, 8, 8, 8, 8, 8, 8, 8, 8, 8], [2, 2, 2, 2, 2, 8, 2, 2, 2, 2, 2, 8, 2, 2, 2, 2, 2, 8, 2, 2, 2, 2, 2, 8, 0, 0], [2, 2, 2, 2, 2, 8, 2, 2, 2, 2, 2, 8, 2, 2, 2, 2, 2, 8, 2, 2, 2, 2, 2, 8, 0, 0], [2, 2, 2, 2, 2, 8, 2, 2, 2, 2, 2, 8, 2, 2, 2, 2, 2, 8, 2, 2, 2, 2, 2, 8, 0, 0], [2, 2, 2, 2, 2, 8, 2, 2, 2, 2, 2, 8, 2, 2, 2, 2, 2, 8, 2, 2, 2, 2, 2, 8, 0, 0], [2, 2, 2, 2, 2, 8, 2, 2, 2, 2, 2, 8, 2, 2, 2, 2, 2, 8, 2, 2, 2, 2, 2, 8, 0, 0], [8, 8, 8, 8, 8, 8, 8, 8, 8, 8, 8, 8, 8, 8, 8, 8, 8, 8, 8, 8, 8, 8, 8, 8, 8, 8], [0, 0, 0, 0, 0, 8, 0, 0, 0, 0, 0, 8, 0, 0, 0, 0, 0, 8, 0, 0, 0, 0, 0, 8, 0, 0], [0, 0, 0, 0, 0, 8, 0, 0, 0, 0, 0, 8, 0, 0, 0, 0, 0, 8, 0, 0, 0, 0, 0, 8, 0, 0], [0, 0, 0, 0, 0, 8, 0, 0, 0, 0, 0, 8, 0, 0, 0, 0, 0, 8, 0, 0, 0, 0, 0, 8, 0, 0], [0, 0, 0, 0, 0, 8, 0, 0, 0, 0, 0, 8, 0, 0, 0, 0, 0, 8, 0, 0, 0, 0, 0, 8, 0, 0], [0, 0, 0, 0, 0, 8, 0, 0, 0, 0, 0, 8, 0, 0, 0, 0, 0, 8, 0, 0, 0, 0, 0, 8, 0, 0], [8, 8, 8, 8, 8, 8, 8, 8, 8, 8, 8, 8, 8, 8, 8, 8, 8, 8, 8, 8, 8, 8, 8, 8, 8, 8], [3, 3, 3, 3, 3, 8, 3, 3, 3, 3, 3, 8, 3, 3, 3, 3, 3, 8, 0, 0, 0, 0, 0, 8, 0, 0], [3, 3, 3, 3, 3, 8, 3, 3, 3, 3, 3, 8, 3, 3, 3, 3, 3, 8, 0, 0, 0, 0, 0, 8, 0, 0], [3, 3, 3, 3, 3, 8, 3, 3, 3, 3, 3, 8, 3, 3, 3, 3, 3, 8, 0, 0, 0, 0, 0, 8, 0, 0], [3, 3, 3, 3, 3, 8, 3, 3, 3, 3, 3, 8, 3, 3, 3, 3, 3, 8, 0, 0, 0, 0, 0, 8, 0, 0], [3, 3, 3, 3, 3, 8, 3, 3, 3, 3, 3, 8, 3, 3, 3, 3, 3, 8, 0, 0, 0, 0, 0, 8, 0, 0], [8, 8, 8, 8, 8, 8, 8, 8, 8, 8, 8, 8, 8, 8, 8, 8, 8, 8, 8, 8, 8, 8, 8, 8, 8, 8], [0, 0, 0, 0, 0, 8, 0, 0, 0, 0, 0, 8, 0, 0, 0, 0, 0, 8, 0, 0, 0, 0, 0, 8, 0, 0], [0, 0, 0, 0, 0, 8, 0, 0, 0, 0, 0, 8, 0, 0, 0, 0, 0, 8, 0, 0, 0, 0, 0, 8, 0, 0]]}], "test": [{"input": [[0, 0, 0, 0, 8, 0, 0, 0, 0, 8, 0, 0, 0, 0, 8, 0, 0, 0, 0, 8, 0, 0, 0, 0, 8, 0, 0, 0], [0, 0, 0, 0, 8, 0, 0, 0, 0, 8, 0, 0, 3, 0, 8, 0, 0, 0, 0, 8, 0, 0, 0, 0, 8, 0, 0, 0], [0, 0, 0, 0, 8, 0, 0, 0, 0, 8, 0, 0, 0, 0, 8, 0, 0, 0, 0, 8, 0, 0, 0, 0, 8, 0, 0, 0], [0, 0, 0, 0, 8, 0, 0, 0, 0, 8, 0, 0, 0, 0, 8, 0, 0, 0, 0, 8, 0, 0, 0, 0, 8, 0, 0, 0], [8, 8, 8, 8, 8, 8, 8, 8, 8, 8, 8, 8, 8, 8, 8, 8, 8, 8, 8, 8, 8, 8, 8, 8, 8, 8, 8, 8], [0, 0, 0, 0, 8, 0, 0, 0, 0, 8, 0, 0, 0, 0, 8, 0, 0, 0, 0, 8, 0, 0, 0, 0, 8, 0, 0, 0], [0, 0, 2, 0, 8, 0, 0, 0, 0, 8, 0, 0, 0, 0, 8, 0, 0, 0, 0, 8, 0, 0, 2, 0, 8, 0, 0, 0], [0, 0, 0, 0, 8, 0, 0, 0, 0, 8, 0, 0, 0, 0, 8, 0, 0, 0, 0, 8, 0, 0, 0, 0, 8, 0, 0, 0], [0, 0, 0, 0, 8, 0, 0, 0, 0, 8, 0, 0, 0, 0, 8, 0, 0, 0, 0, 8, 0, 0, 0, 0, 8, 0, 0, 0], [8, 8, 8, 8, 8, 8, 8, 8, 8, 8, 8, 8, 8, 8, 8, 8, 8, 8, 8, 8, 8, 8, 8, 8, 8, 8, 8, 8], [0, 0, 0, 0, 8, 0, 0, 0, 0, 8, 0, 0, 0, 0, 8, 0, 0, 0, 0, 8, 0, 0, 0, 0, 8, 0, 0, 0], [0, 0, 0, 0, 8, 0, 0, 0, 0, 8, 0, 0, 0, 0, 8, 0, 0, 0, 0, 8, 0, 0, 0, 0, 8, 0, 0, 0], [0, 0, 0, 0, 8, 0, 0, 0, 0, 8, 0, 0, 0, 0, 8, 0, 0, 0, 0, 8, 0, 0, 0, 0, 8, 0, 0, 0], [0, 0, 0, 0, 8, 0, 0, 0, 0, 8, 0, 0, 0, 0, 8, 0, 0, 0, 0, 8, 0, 0, 0, 0, 8, 0, 0, 0], [8, 8, 8, 8, 8, 8, 8, 8, 8, 8, 8, 8, 8, 8, 8, 8, 8, 8, 8, 8, 8, 8, 8, 8, 8, 8, 8, 8], [0, 0, 0, 0, 8, 0, 0, 0, 0, 8, 0, 0, 0, 0, 8, 0, 0, 0, 0, 8, 0, 0, 0, 0, 8, 0, 0, 0], [0, 0, 2, 0, 8, 0, 0, 0, 0, 8, 0, 0, 0, 0, 8, 0, 0, 0, 0, 8, 0, 0, 0, 0, 8, 0, 0, 0], [0, 0, 0, 0, 8, 0, 0, 0, 0, 8, 0, 0, 0, 0, 8, 0, 0, 0, 0, 8, 0, 0, 0, 0, 8, 0, 0, 0], [0, 0, 0, 0, 8, 0, 0, 0, 0, 8, 0, 0, 0, 0, 8, 0, 0, 0, 0, 8, 0, 0, 0, 0, 8, 0, 0, 0], [8, 8, 8, 8, 8, 8, 8, 8, 8, 8, 8, 8, 8, 8, 8, 8, 8, 8, 8, 8, 8, 8, 8, 8, 8, 8, 8, 8], [0, 0, 0, 0, 8, 0, 0, 0, 0, 8, 0, 0, 0, 0, 8, 0, 0, 0, 0, 8, 0, 0, 0, 0, 8, 0, 0, 0], [0, 0, 0, 0, 8, 0, 0, 0, 0, 8, 0, 0, 3, 0, 8, 0, 0, 0, 0, 8, 0, 0, 0, 0, 8, 0, 0, 0], [0, 0, 0, 0, 8, 0, 0, 0, 0, 8, 0, 0, 0, 0, 8, 0, 0, 0, 0, 8, 0, 0, 0, 0, 8, 0, 0, 0], [0, 0, 0, 0, 8, 0, 0, 0, 0, 8, 0, 0, 0, 0, 8, 0, 0, 0, 0, 8, 0, 0, 0, 0, 8, 0, 0, 0], [8, 8, 8, 8, 8, 8, 8, 8, 8, 8, 8, 8, 8, 8, 8, 8, 8, 8, 8, 8, 8, 8, 8, 8, 8, 8, 8, 8], [0, 0, 0, 0, 8, 0, 0, 0, 0, 8, 0, 0, 0, 0, 8, 0, 0, 0, 0, 8, 0, 0, 0, 0, 8, 0, 0, 0], [0, 0, 0, 0, 8, 0, 0, 0, 0, 8, 0, 0, 0, 0, 8, 0, 0, 0, 0, 8, 0, 0, 0, 0, 8, 0, 0, 0], [0, 0, 0, 0, 8, 0, 0, 0, 0, 8, 0, 0, 0, 0, 8, 0, 0, 0, 0, 8, 0, 0, 0, 0, 8, 0, 0, 0]], "output": [[0, 0, 0, 0, 8, 0, 0, 0, 0, 8, 3, 3, 3, 3, 8, 0, 0, 0, 0, 8, 0, 0, 0, 0, 8, 0, 0, 0], [0, 0, 0, 0, 8, 0, 0, 0, 0, 8, 3, 3, 3, 3, 8, 0, 0, 0, 0, 8, 0, 0, 0, 0, 8, 0, 0, 0], [0, 0, 0, 0, 8, 0, 0, 0, 0, 8, 3, 3, 3, 3, 8, 0, 0, 0, 0, 8, 0, 0, 0, 0, 8, 0, 0, 0], [0, 0, 0, 0, 8, 0, 0, 0, 0, 8, 3, 3, 3, 3, 8, 0, 0, 0, 0, 8, 0, 0, 0, 0, 8, 0, 0, 0], [8, 8, 8, 8, 8, 8, 8, 8, 8, 8, 8, 8, 8, 8, 8, 8, 8, 8, 8, 8, 8, 8, 8, 8, 8, 8, 8, 8], [2, 2, 2, 2, 8, 2, 2, 2, 2, 8, 6, 6, 6, 6, 8, 2, 2, 2, 2, 8, 2, 2, 2, 2, 8, 0, 0, 0], [2, 2, 2, 2, 8, 2, 2, 2, 2, 8, 6, 6, 6, 6, 8, 2, 2, 2, 2, 8, 2, 2, 2, 2, 8, 0, 0, 0], [2, 2, 2, 2, 8, 2, 2, 2, 2, 8, 6, 6, 6, 6, 8, 2, 2, 2, 2, 8, 2, 2, 2, 2, 8, 0, 0, 0], [2, 2, 2, 2, 8, 2, 2, 2, 2, 8, 6, 6, 6, 6, 8, 2, 2, 2, 2, 8, 2, 2, 2, 2, 8, 0, 0, 0], [8, 8, 8, 8, 8, 8, 8, 8, 8, 8, 8, 8, 8, 8, 8, 8, 8, 8, 8, 8, 8, 8, 8, 8, 8, 8, 8, 8], [2, 2, 2, 2, 8, 0, 0, 0, 0, 8, 3, 3, 3, 3, 8, 0, 0, 0, 0, 8, 0, 0, 0, 0, 8, 0, 0, 0], [2, 2, 2, 2, 8, 0, 0, 0, 0, 8, 3, 3, 3, 3, 8, 0, 0, 0, 0, 8, 0, 0, 0, 0, 8, 0, 0, 0], [2, 2, 2, 2, 8, 0, 0, 0, 0, 8, 3, 3, 3, 3, 8, 0, 0, 0, 0, 8, 0, 0, 0, 0, 8, 0, 0, 0], [2, 2, 2, 2, 8, 0, 0, 0, 0, 8, 3, 3, 3, 3, 8, 0, 0, 0, 0, 8, 0, 0, 0, 0, 8, 0, 0, 0], [8, 8, 8, 8, 8, 8, 8, 8, 8, 8, 8, 8, 8, 8, 8, 8, 8, 8, 8, 8, 8, 8, 8, 8, 8, 8, 8, 8], [2, 2, 2, 2, 8, 0, 0, 0, 0, 8, 3, 3, 3, 3, 8, 0, 0, 0, 0, 8, 0, 0, 0, 0, 8, 0, 0, 0], [2, 2, 2, 2, 8, 0, 0, 0, 0, 8, 3, 3, 3, 3, 8, 0, 0, 0, 0, 8, 0, 0, 0, 0, 8, 0, 0, 0], [2, 2, 2, 2, 8, 0, 0, 0, 0, 8, 3, 3, 3, 3, 8, 0, 0, 0, 0, 8, 0, 0, 0, 0, 8, 0, 0, 0], [2, 2, 2, 2, 8, 0, 0, 0, 0, 8, 3, 3, 3, 3, 8, 0, 0, 0, 0, 8, 0, 0, 0, 0, 8, 0, 0, 0], [8, 8, 8, 8, 8, 8, 8, 8, 8, 8, 8, 8, 8, 8, 8, 8, 8, 8, 8, 8, 8, 8, 8, 8, 8, 8, 8, 8], [0, 0, 0, 0, 8, 0, 0, 0, 0, 8, 3, 3, 3, 3, 8, 0, 0, 0, 0, 8, 0, 0, 0, 0, 8, 0, 0, 0], [0, 0, 0, 0, 8, 0, 0, 0, 0, 8, 3, 3, 3, 3, 8, 0, 0, 0, 0, 8, 0, 0, 0, 0, 8, 0, 0, 0], [0, 0, 0, 0, 8, 0, 0, 0, 0, 8, 3, 3, 3, 3, 8, 0, 0, 0, 0, 8, 0, 0, 0, 0, 8, 0, 0, 0], [0, 0, 0, 0, 8, 0, 0, 0, 0, 8, 3, 3, 3, 3, 8, 0, 0, 0, 0, 8, 0, 0, 0, 0, 8, 0, 0, 0], [8, 8, 8, 8, 8, 8, 8, 8, 8, 8, 8, 8, 8, 8, 8, 8, 8, 8, 8, 8, 8, 8, 8, 8, 8, 8, 8, 8], [0, 0, 0, 0, 8, 0, 0, 0, 0, 8, 0, 0, 0, 0, 8, 0, 0, 0, 0, 8, 0, 0, 0, 0, 8, 0, 0, 0], [0, 0, 0, 0, 8, 0, 0, 0, 0, 8, 0, 0, 0, 0, 8, 0, 0, 0, 0, 8, 0, 0, 0, 0, 8, 0, 0, 0], [0, 0, 0, 0, 8, 0, 0, 0, 0, 8, 0, 0, 0, 0, 8, 0, 0, 0, 0, 8, 0, 0, 0, 0, 8, 0, 0, 0]]}]}