{"train": [{"input": [[5, 0, 0, 0, 0, 0, 2, 3], [5, 0, 0, 0, 0, 0, 2, 3], [5, 0, 0, 0, 0, 0, 2, 3], [5, 0, 0, 0, 0, 0, 2, 3], [0, 0, 0, 0, 0, 0, 2, 3], [0, 0, 0, 0, 0, 0, 2, 3], [0, 0, 0, 0, 0, 0, 2, 3], [0, 0, 0, 0, 0, 0, 2, 3], [0, 0, 0, 0, 0, 0, 2, 3], [0, 0, 0, 0, 0, 0, 2, 3], [0, 0, 0, 0, 0, 0, 2, 3], [0, 0, 0, 0, 0, 0, 2, 3]], "output": [[5, 0, 0, 0, 0, 2, 0, 0], [5, 0, 0, 0, 0, 2, 0, 0], [5, 0, 0, 0, 0, 2, 0, 0], [5, 0, 0, 0, 0, 2, 0, 0], [0, 0, 0, 0, 0, 3, 0, 0], [0, 0, 0, 0, 0, 3, 0, 0], [0, 0, 0, 0, 0, 3, 0, 0], [0, 0, 0, 0, 0, 3, 0, 0], [0, 0, 0, 0, 0, 2, 0, 0], [0, 0, 0, 0, 0, 2, 0, 0], [0, 0, 0, 0, 0, 2, 0, 0], [0, 0, 0, 0, 0, 2, 0, 0]]}, {"input": [[5, 0, 0, 0, 0, 9, 8], [5, 0, 0, 0, 0, 9, 8], [5, 0, 0, 0, 0, 9, 8], [0, 0, 0, 0, 0, 9, 8], [0, 0, 0, 0, 0, 9, 8], [0, 0, 0, 0, 0, 9, 8], [0, 0, 0, 0, 0, 9, 8]], "output": [[5, 0, 0, 0, 9, 0, 0], [5, 0, 0, 0, 9, 0, 0], [5, 0, 0, 0, 9, 0, 0], [0, 0, 0, 0, 8, 0, 0], [0, 0, 0, 0, 8, 0, 0], [0, 0, 0, 0, 8, 0, 0], [0, 0, 0, 0, 9, 0, 0]]}, {"input": [[5, 0, 0, 0, 9, 6, 7], [5, 0, 0, 0, 9, 6, 7], [0, 0, 0, 0, 9, 6, 7], [0, 0, 0, 0, 9, 6, 7], [0, 0, 0, 0, 9, 6, 7], [0, 0, 0, 0, 9, 6, 7], [0, 0, 0, 0, 9, 6, 7], [0, 0, 0, 0, 9, 6, 7], [0, 0, 0, 0, 9, 6, 7]], "output": [[5, 0, 0, 9, 0, 0, 0], [5, 0, 0, 9, 0, 0, 0], [0, 0, 0, 6, 0, 0, 0], [0, 0, 0, 6, 0, 0, 0], [0, 0, 0, 7, 0, 0, 0], [0, 0, 0, 7, 0, 0, 0], [0, 0, 0, 9, 0, 0, 0], [0, 0, 0, 9, 0, 0, 0], [0, 0, 0, 6, 0, 0, 0]]}, {"input": [[5, 0, 0, 2, 8, 4], [0, 0, 0, 2, 8, 4], [0, 0, 0, 2, 8, 4], [0, 0, 0, 2, 8, 4], [0, 0, 0, 2, 8, 4], [0, 0, 0, 2, 8, 4], [0, 0, 0, 2, 8, 4], [0, 0, 0, 2, 8, 4], [0, 0, 0, 2, 8, 4], [0, 0, 0, 2, 8, 4], [0, 0, 0, 2, 8, 4], [0, 0, 0, 2, 8, 4], [0, 0, 0, 2, 8, 4], [0, 0, 0, 2, 8, 4]], "output": [[5, 0, 2, 0, 0, 0], [0, 0, 8, 0, 0, 0], [0, 0, 4, 0, 0, 0], [0, 0, 2, 0, 0, 0], [0, 0, 8, 0, 0, 0], [0, 0, 4, 0, 0, 0], [0, 0, 2, 0, 0, 0], [0, 0, 8, 0, 0, 0], [0, 0, 4, 0, 0, 0], [0, 0, 2, 0, 0, 0], [0, 0, 8, 0, 0, 0], [0, 0, 4, 0, 0, 0], [0, 0, 2, 0, 0, 0], [0, 0, 8, 0, 0, 0]]}, {"input": [[5, 0, 0, 3, 1], [0, 0, 0, 3, 1], [0, 0, 0, 3, 1], [0, 0, 0, 3, 1], [0, 0, 0, 3, 1]], "output": [[5, 0, 3, 0, 0], [0, 0, 1, 0, 0], [0, 0, 3, 0, 0], [0, 0, 1, 0, 0], [0, 0, 3, 0, 0]]}], "test": [{"input": [[5, 0, 0, 0, 0, 0, 4, 8, 3], [5, 0, 0, 0, 0, 0, 4, 8, 3], [0, 0, 0, 0, 0, 0, 4, 8, 3], [0, 0, 0, 0, 0, 0, 4, 8, 3], [0, 0, 0, 0, 0, 0, 4, 8, 3], [0, 0, 0, 0, 0, 0, 4, 8, 3], [0, 0, 0, 0, 0, 0, 4, 8, 3], [0, 0, 0, 0, 0, 0, 4, 8, 3], [0, 0, 0, 0, 0, 0, 4, 8, 3]], "output": [[5, 0, 0, 0, 0, 4, 0, 0, 0], [5, 0, 0, 0, 0, 4, 0, 0, 0], [0, 0, 0, 0, 0, 8, 0, 0, 0], [0, 0, 0, 0, 0, 8, 0, 0, 0], [0, 0, 0, 0, 0, 3, 0, 0, 0], [0, 0, 0, 0, 0, 3, 0, 0, 0], [0, 0, 0, 0, 0, 4, 0, 0, 0], [0, 0, 0, 0, 0, 4, 0, 0, 0], [0, 0, 0, 0, 0, 8, 0, 0, 0]]}]}