{"train": [{"input": [[2, 0], [0, 0]], "output": [[2, 2, 0, 0], [2, 2, 0, 0], [0, 0, 1, 0], [0, 0, 0, 1]]}, {"input": [[0, 0, 0, 5, 0], [0, 5, 0, 0, 0], [0, 0, 0, 0, 0], [0, 5, 0, 0, 0], [0, 0, 0, 0, 0]], "output": [[1, 0, 0, 0, 0, 0, 5, 5, 0, 0], [0, 1, 0, 0, 0, 0, 5, 5, 0, 0], [0, 0, 5, 5, 0, 0, 0, 0, 1, 0], [0, 0, 5, 5, 0, 0, 0, 0, 0, 1], [1, 0, 0, 0, 1, 0, 0, 0, 0, 0], [0, 1, 0, 0, 0, 1, 0, 0, 0, 0], [0, 0, 5, 5, 0, 0, 1, 0, 0, 0], [0, 0, 5, 5, 0, 0, 0, 1, 0, 0], [0, 0, 0, 0, 1, 0, 0, 0, 1, 0], [0, 0, 0, 0, 0, 1, 0, 0, 0, 1]]}, {"input": [[0, 0, 0, 0, 0, 3], [0, 0, 0, 0, 0, 0], [0, 3, 0, 0, 0, 0], [0, 0, 0, 0, 0, 0], [0, 0, 0, 0, 0, 0], [0, 0, 0, 0, 0, 0]], "output": [[0, 0, 0, 0, 0, 0, 0, 0, 0, 0, 3, 3], [0, 0, 0, 0, 0, 0, 0, 0, 0, 0, 3, 3], [1, 0, 0, 0, 0, 0, 0, 0, 0, 0, 0, 0], [0, 1, 0, 0, 0, 0, 0, 0, 0, 0, 0, 0], [0, 0, 3, 3, 0, 0, 0, 0, 0, 0, 0, 0], [0, 0, 3, 3, 0, 0, 0, 0, 0, 0, 0, 0], [0, 0, 0, 0, 1, 0, 0, 0, 0, 0, 0, 0], [0, 0, 0, 0, 0, 1, 0, 0, 0, 0, 0, 0], [0, 0, 0, 0, 0, 0, 1, 0, 0, 0, 0, 0], [0, 0, 0, 0, 0, 0, 0, 1, 0, 0, 0, 0], [0, 0, 0, 0, 0, 0, 0, 0, 1, 0, 0, 0], [0, 0, 0, 0, 0, 0, 0, 0, 0, 1, 0, 0]]}], "test": [{"input": [[0, 4, 0], [0, 0, 0], [4, 0, 0]], "output": [[0, 0, 4, 4, 0, 0], [0, 0, 4, 4, 0, 0], [0, 0, 0, 0, 1, 0], [0, 0, 0, 0, 0, 1], [4, 4, 0, 0, 0, 0], [4, 4, 0, 0, 0, 0]]}]}