{"train": [{"input": [[0, 0, 0, 0], [0, 0, 0, 0], [0, 0, 0, 0], [0, 0, 0, 0], [0, 0, 0, 0], [0, 0, 0, 2], [0, 0, 0, 2], [0, 8, 0, 2], [0, 3, 8, 2], [3, 3, 8, 2]], "output": [[3, 3, 8, 2], [0, 3, 8, 2], [0, 8, 0, 2], [0, 0, 0, 2], [0, 0, 0, 2], [0, 0, 0, 2], [0, 0, 0, 2], [0, 8, 0, 2], [0, 3, 8, 2], [3, 3, 8, 2]]}, {"input": [[0, 0, 0, 0], [0, 0, 0, 0], [0, 0, 0, 0], [0, 0, 0, 0], [0, 0, 0, 0], [0, 0, 0, 9], [0, 0, 3, 9], [0, 0, 3, 9], [2, 0, 3, 9], [2, 4, 3, 9]], "output": [[2, 4, 3, 9], [2, 0, 3, 9], [0, 0, 3, 9], [0, 0, 3, 9], [0, 0, 0, 9], [0, 0, 0, 9], [0, 0, 3, 9], [0, 0, 3, 9], [2, 0, 3, 9], [2, 4, 3, 9]]}], "test": [{"input": [[0, 0, 0, 0], [0, 0, 0, 0], [0, 0, 0, 0], [0, 0, 0, 0], [0, 0, 0, 0], [0, 1, 0, 0], [7, 1, 0, 0], [7, 1, 3, 0], [7, 1, 3, 3], [7, 1, 4, 4]], "output": [[7, 1, 4, 4], [7, 1, 3, 3], [7, 1, 3, 0], [7, 1, 0, 0], [0, 1, 0, 0], [0, 1, 0, 0], [7, 1, 0, 0], [7, 1, 3, 0], [7, 1, 3, 3], [7, 1, 4, 4]]}]}