{"train": [{"input": [[5, 5, 6, 6, 6], [6, 5, 5, 6, 6], [6, 6, 5, 5, 6], [6, 6, 6, 5, 5], [5, 6, 6, 6, 5]], "output": [[6, 6, 0, 0, 0], [0, 6, 6, 0, 0], [0, 0, 6, 6, 0], [0, 0, 0, 6, 6], [6, 0, 0, 0, 6]]}, {"input": [[4, 5, 4], [5, 5, 5], [4, 5, 4]], "output": [[0, 4, 0], [4, 4, 4], [0, 4, 0]]}, {"input": [[9, 5, 9, 9, 9], [9, 9, 5, 5, 9], [9, 5, 9, 9, 9], [9, 9, 5, 9, 9], [9, 9, 9, 5, 5]], "output": [[0, 9, 0, 0, 0], [0, 0, 9, 9, 0], [0, 9, 0, 0, 0], [0, 0, 9, 0, 0], [0, 0, 0, 9, 9]]}], "test": [{"input": [[3, 3, 3, 5, 3], [3, 5, 3, 3, 3], [3, 5, 5, 3, 5], [3, 3, 3, 5, 3], [5, 5, 5, 3, 3]], "output": [[0, 0, 0, 3, 0], [0, 3, 0, 0, 0], [0, 3, 3, 0, 3], [0, 0, 0, 3, 0], [3, 3, 3, 0, 0]]}]}