{"train": [{"input": [[8, 6, 0, 6], [6, 8, 6, 8], [8, 6, 8, 6], [6, 8, 6, 8]], "output": [[8]]}, {"input": [[2, 1, 2, 1, 2], [1, 1, 1, 1, 1], [2, 1, 2, 1, 2], [0, 0, 1, 1, 1], [0, 0, 2, 1, 2]], "output": [[1, 1], [2, 1]]}, {"input": [[2, 2, 5, 2, 2, 5, 2], [2, 2, 5, 2, 2, 5, 2], [5, 5, 5, 5, 5, 5, 5], [2, 2, 5, 2, 2, 5, 2], [2, 2, 5, 2, 2, 5, 2], [5, 5, 5, 5, 5, 0, 0], [2, 2, 5, 2, 2, 0, 0]], "output": [[5, 5], [5, 2]]}], "test": [{"input": [[8, 1, 8, 8, 0, 0, 0], [1, 8, 8, 1, 0, 0, 0], [8, 8, 1, 8, 0, 0, 0], [8, 1, 8, 8, 1, 8, 8], [1, 8, 8, 1, 8, 8, 1], [8, 8, 1, 8, 8, 1, 8], [8, 1, 8, 8, 1, 8, 8]], "output": [[1, 8, 8], [8, 8, 1], [8, 1, 8]]}]}