{"train": [{"input": [[7, 7, 7, 7, 7, 9, 9, 9], [7, 7, 7, 7, 7, 7, 9, 9], [2, 7, 7, 7, 7, 9, 9, 9], [2, 2, 2, 7, 7, 7, 7, 7], [2, 2, 2, 7, 7, 2, 2, 2], [2, 7, 7, 7, 7, 7, 7, 2], [7, 7, 7, 7, 7, 7, 7, 2], [7, 7, 7, 7, 7, 2, 2, 2]], "output": [[7, 7, 7, 7, 7, 9, 9, 9], [7, 7, 7, 7, 7, 7, 9, 9], [7, 7, 7, 7, 7, 9, 9, 9], [7, 7, 7, 7, 7, 7, 7, 7], [7, 7, 7, 7, 2, 2, 2, 2], [7, 7, 7, 7, 2, 2, 2, 2], [7, 7, 7, 7, 2, 2, 2, 2], [7, 7, 7, 7, 2, 2, 2, 2]]}, {"input": [[7, 7, 7, 7, 7, 9, 9, 9], [9, 7, 7, 7, 7, 7, 9, 9], [9, 9, 7, 7, 7, 9, 9, 9], [9, 7, 7, 7, 7, 7, 7, 7], [7, 7, 7, 7, 7, 2, 2, 2], [7, 7, 7, 7, 7, 7, 7, 2], [7, 7, 7, 7, 7, 7, 7, 2], [7, 7, 7, 7, 7, 2, 2, 2]], "output": [[7, 7, 7, 7, 9, 9, 9, 9], [7, 7, 7, 7, 9, 9, 9, 9], [7, 7, 7, 7, 9, 9, 9, 9], [7, 7, 7, 7, 7, 7, 7, 7], [7, 7, 7, 7, 7, 2, 2, 2], [7, 7, 7, 7, 7, 7, 7, 2], [7, 7, 7, 7, 7, 7, 7, 2], [7, 7, 7, 7, 7, 2, 2, 2]]}], "test": [{"input": [[7, 7, 7, 7, 7, 7, 7, 7, 7, 7, 9, 9, 9, 9, 9, 9], [7, 7, 7, 7, 7, 7, 7, 7, 7, 7, 7, 9, 9, 9, 9, 9], [7, 7, 7, 7, 7, 7, 7, 7, 7, 7, 7, 7, 9, 9, 9, 9], [7, 7, 7, 7, 7, 7, 7, 7, 7, 7, 7, 9, 9, 9, 9, 9], [7, 7, 7, 7, 7, 7, 7, 7, 7, 7, 9, 9, 9, 9, 9, 9], [8, 7, 7, 7, 7, 7, 7, 7, 7, 7, 7, 7, 7, 7, 7, 7], [8, 8, 7, 8, 7, 7, 7, 7, 7, 7, 7, 7, 7, 7, 7, 7], [8, 8, 8, 8, 8, 7, 7, 7, 7, 7, 7, 7, 7, 7, 7, 7], [8, 8, 7, 8, 7, 7, 7, 7, 7, 7, 8, 8, 8, 8, 8, 8], [8, 7, 7, 7, 7, 7, 7, 7, 7, 7, 7, 8, 7, 8, 8, 8], [7, 7, 7, 7, 7, 7, 7, 7, 7, 7, 7, 7, 7, 7, 8, 8], [7, 7, 7, 7, 7, 7, 7, 7, 7, 7, 7, 8, 7, 8, 8, 8], [7, 7, 7, 7, 7, 7, 7, 7, 7, 7, 8, 8, 8, 8, 8, 8], [7, 7, 7, 7, 7, 7, 7, 7, 7, 7, 7, 7, 7, 7, 7, 7], [7, 7, 7, 7, 7, 7, 7, 7, 7, 7, 7, 7, 7, 7, 7, 7], [7, 7, 7, 7, 7, 7, 7, 7, 7, 7, 7, 7, 7, 7, 7, 7]], "output": [[7, 7, 7, 7, 7, 7, 7, 7, 7, 7, 9, 9, 9, 9, 9, 9], [7, 7, 7, 7, 7, 7, 7, 7, 7, 7, 7, 9, 9, 9, 9, 9], [7, 7, 7, 7, 7, 7, 7, 7, 7, 7, 7, 7, 9, 9, 9, 9], [7, 7, 7, 7, 7, 7, 7, 7, 7, 7, 7, 9, 9, 9, 9, 9], [7, 7, 7, 7, 7, 7, 7, 7, 7, 7, 9, 9, 9, 9, 9, 9], [7, 7, 7, 7, 7, 7, 7, 7, 7, 7, 7, 7, 7, 7, 7, 7], [7, 7, 7, 7, 7, 7, 7, 7, 7, 7, 7, 7, 7, 7, 7, 7], [7, 7, 7, 7, 7, 7, 7, 7, 7, 7, 7, 7, 7, 7, 7, 7], [7, 7, 7, 7, 7, 7, 7, 7, 7, 8, 8, 8, 8, 8, 8, 8], [7, 7, 7, 7, 7, 7, 7, 7, 7, 8, 8, 8, 8, 8, 8, 8], [7, 7, 7, 7, 7, 7, 7, 7, 7, 8, 8, 8, 8, 8, 8, 8], [7, 7, 7, 7, 7, 7, 7, 7, 7, 8, 8, 8, 8, 8, 8, 8], [7, 7, 7, 7, 7, 7, 7, 7, 7, 8, 8, 8, 8, 8, 8, 8], [7, 7, 7, 7, 7, 7, 7, 7, 7, 7, 7, 7, 7, 7, 7, 7], [7, 7, 7, 7, 7, 7, 7, 7, 7, 7, 7, 7, 7, 7, 7, 7], [7, 7, 7, 7, 7, 7, 7, 7, 7, 7, 7, 7, 7, 7, 7, 7]]}]}